{"effects":{"arrowgui_emissive_noshadows":{"meta":{"normals":true},"parameters":{"diffuse":"temp2_pasted__monsterscolour_1","reflectivity":0.5,"shininess":1.73205},"type":"phong"},"haloglow_emissive_alphatest_uvtransform_alpha_nocull":{"meta":{"transparent":true},"parameters":{"diffuse":"temp1_materialSwatches1_rockprop_01_b_file5"},"type":"blend"}},"geometries":{"arrow_amberMesh":{"inputs":{"NORMAL":{"offset":2,"source":"arrow_amber-Normal0"},"POSITION":{"offset":0,"source":"arrow_amber-POSITION"},"TEXCOORD0":{"offset":1,"source":"arrow_amber-UV0"}},"meta":{"graphics":true},"sources":{"arrow_amber-Normal0":{"data":[0.009928,-0.096582,0.995276,0.009928,-0.096582,0.995275,-0.072566,0.971759,0.224542,0.004981,-0.118881,-0.992896,0.991239,-0.126883,-0.036677,-0.992261,-0.123892,-0.008304,-0.06174,0.996556,-0.055355,-0.034574,0.999113,-0.024023,-0.040644,0.999021,-0.017473,-0.067296,0.996499,-0.049611,0.052336,-0.408882,-0.911085,0.902383,-0.429932,0.029392,-0.011076,-0.394385,0.918879,-0.896744,-0.442125,-0.019391],"max":[0.991239,0.999113,0.995276],"min":[-0.992261,-0.442125,-0.992896],"stride":3},"arrow_amber-POSITION":{"data":[3.30692,31.5485,3.09919,8.89337,71.2822,6.69414,-8.00081,69.9638,6.93981,-3.3188,31.2769,2.93385,8.41076,74.6896,-8.20833,-8.48342,73.3713,-7.96266,3.43526,31.4092,-2.8787,-3.05212,30.9978,-3.03455,-12.1373,29.9389,-11.9811,13.1098,31.5427,-11.2506,12.6136,32.0813,11.8631,-13.1685,31.0181,11.096,0,4.79575,0],"max":[13.1098,74.6896,11.8631],"min":[-13.1685,4.79575,-11.9811],"stride":3},"arrow_amber-UV0":{"data":[0.094464,0.222732,0.098441,0.194444,0.086414,0.195383,0.089747,0.222925,0.091748,0.021441,0.092265,0.056992,0.123625,0.055977,0.123108,0.020425,0.051764,0.221987,0.060249,0.192113,0.055631,0.19182,0.063792,0.222925,0.064267,0.194539,0.066826,0.222826,0.071082,0.222925,0.074876,0.192113,0.078849,0.222925,0.083098,0.222727,0.08595,0.195184,0.07534,0.192758,0.094,0.059482,0.075173,0.0786,0.074845,0.092252,0.092463,0.11261,0.062266,0.091982,0.043823,0.111566,0.062614,0.078039,0.045438,0.057312,0.098807,0.192495,0.089474,0.173453,0.080833,0.191353,0.098903,0.2035,0.107349,0.222925,0.115359,0.203883,0.099212,0.184568,0.108588,0.203236,0.117568,0.183811,0.051764,0.154684,0.060294,0.172584,0.068193,0.153916],"max":[0.123625,0.222925],"min":[0.043823,0.020425],"stride":2}},"surfaces":{"arrowgui_emissive_noshadows":{"numPrimitives":22,"triangles":[9,28,10,12,29,10,8,30,10,3,26,8,11,27,8,10,25,8,10,25,8,0,24,8,3,26,8,6,22,7,0,24,7,10,25,7,9,23,7,6,22,7,10,25,7,8,20,6,7,21,6,6,22,6,6,22,6,9,23,6,8,20,6,7,16,5,3,17,5,2,18,5,2,18,5,5,19,5,7,16,5,1,12,4,0,13,4,6,14,4,6,14,4,4,15,4,1,12,4,2,2,1,3,3,0,0,0,0,0,0,0,1,1,0,2,2,1,2,4,2,1,5,2,4,6,2,4,6,2,5,7,2,2,4,2,4,11,3,6,9,3,5,8,3,5,8,3,6,9,3,7,10,3,11,27,9,3,26,9,8,20,9,3,26,9,7,21,9,8,20,9,10,31,11,12,32,11,9,33,11,8,37,13,12,38,13,11,39,13,11,34,12,12,35,12,10,36,12]}}},"arrowamberglowMesh":{"inputs":{"NORMAL":{"offset":2,"source":"arrowamberglow-Normal0"},"POSITION":{"offset":0,"source":"arrowamberglow-POSITION"},"TEXCOORD0":{"offset":1,"source":"arrowamberglow-UV0"}},"meta":{"graphics":true},"sources":{"arrowamberglow-Normal0":{"data":[0.014023,-0.204297,0.978809,-0.072566,0.971759,0.224542,0.010144,-0.145855,-0.989254,0.980478,-0.191139,-0.046145,-0.978796,-0.203808,-0.0205,-0.061586,0.996566,-0.05535,-0.034574,0.999113,-0.024023,-0.040796,0.999015,-0.017479,-0.067296,0.996499,-0.049611,0.055229,-0.411974,-0.90952,0.903773,-0.427003,0.029353,0.903774,-0.427003,0.029353,-0.013874,-0.39126,0.920175,-0.013874,-0.39126,0.920176,-0.893761,-0.448143,-0.018976],"max":[0.980478,0.999113,0.978809],"min":[-0.978796,-0.448143,-0.989254],"stride":3},"arrowamberglow-POSITION":{"data":[5.63298,35.1715,5.31936,14.7348,76.0204,13.2355,-14.315,73.7535,13.658,-6.14274,34.6827,4.90664,13.905,81.8796,-12.3895,-15.1448,79.6127,-11.967,5.85804,34.9273,-5.16329,-5.6751,34.1933,-5.55941,17.0575,35.0818,-14.8548,-16.1923,32.9674,-15.9161,16.4065,35.7883,15.4646,-17.5449,34.3831,14.3552,0,0,0],"max":[17.0575,81.8796,15.4646],"min":[-17.5449,0,-15.9161],"stride":3},"arrowamberglow-UV0":{"data":[0.393398,0.788952,0.410304,0.654997,0.354779,0.654997,0.371685,0.788952,0.510095,0.51018,0.510095,0.565705,0.560206,0.565705,0.560206,0.51018,0.412094,0.788952,0.450712,0.654997,0.429,0.654997,0.467618,0.788952,0.469353,0.654997,0.484611,0.788952,0.504206,0.788952,0.519464,0.654997,0.536915,0.788952,0.55651,0.788952,0.571768,0.654997,0.521658,0.654997,0.480145,0.534585,0.508231,0.565705,0.480145,0.512872,0.508231,0.481752,0.46055,0.534585,0.432465,0.565705,0.432465,0.481752,0.46055,0.512872,0.63615,0.653869,0.594174,0.566832,0.552198,0.653869,0.474699,0.566832,0.512582,0.653869,0.550465,0.566832,0.389013,0.566832,0.430989,0.653869,0.472966,0.566832,0.354779,0.478668,0.392661,0.565705,0.430545,0.478668],"max":[0.63615,0.788952],"min":[0.354779,0.478668],"stride":2}},"surfaces":{"haloglow_emissive_alphatest_uvtransform_alpha_nocull":{"numPrimitives":22,"triangles":[8,28,9,12,29,9,9,30,9,6,20,6,0,24,6,10,25,6,8,21,6,6,20,6,10,25,6,7,16,4,3,17,4,2,18,4,2,18,4,5,19,4,7,16,4,1,12,3,0,13,3,6,14,3,6,14,3,4,15,3,1,12,3,2,2,0,3,3,0,0,0,0,0,0,0,1,1,0,2,2,0,2,4,1,1,5,1,4,6,1,4,6,1,5,7,1,2,4,1,4,11,2,6,9,2,5,8,2,5,8,2,6,9,2,7,10,2,6,20,5,8,21,5,7,22,5,8,21,5,9,23,5,7,22,5,10,25,7,0,24,7,11,26,7,0,24,7,3,27,7,11,26,7,11,26,8,3,27,8,9,23,8,3,27,8,7,22,8,9,23,8,10,31,10,12,32,11,8,33,10,9,37,14,12,38,14,11,39,14,11,34,12,12,35,12,10,36,13]}}}},"images":{"temp1_materialSwatches1_rockprop_01_b_file5":"environment/textures/haloglow.dds","temp2_pasted__monsterscolour_1":"characters/textures/wildlingscolour01.dds"},"materials":{"arrowgui_emissive_noshadows":{"effect":"arrowgui_emissive_noshadows"},"haloglow_emissive_alphatest_uvtransform_alpha_nocull":{"effect":"haloglow_emissive_alphatest_uvtransform_alpha_nocull"}},"nodes":{"arrow_amber":{"geometryinstances":{"arrow_amberMesh":{"geometry":"arrow_amberMesh","material":"arrowgui_emissive_noshadows","surface":"arrowgui_emissive_noshadows"}},"matrix":[0.01,0,0,0,0.01,0,0,0,0.01,0,0,0]},"arrowamberglow":{"geometryinstances":{"arrowamberglowMesh":{"geometry":"arrowamberglowMesh","material":"haloglow_emissive_alphatest_uvtransform_alpha_nocull","surface":"haloglow_emissive_alphatest_uvtransform_alpha_nocull"}},"matrix":[0.01,0,0,0,0.01,0,0,0,0.01,0,0,0]}},"version":1}
