{"effects":{"GrassMaterial01-effect":{"meta":{"normals":true},"parameters":{"diffuse":"terrain_png","index_of_refraction":1},"type":"lambert"}},"geometries":{"Base01Mesh":{"inputs":{"NORMAL":{"offset":0,"source":"Base01Mesh-mesh-normals"},"POSITION":{"offset":0,"source":"Base01Mesh-mesh-positions"},"TEXCOORD0":{"offset":1,"source":"Base01Mesh-mesh-map-0"}},"meta":{"graphics":true},"sources":{"Base01Mesh-mesh-map-0":{"data":[0.233674,0.152733,0.216401,0.152733,0.216401,0.166552,0.233674,0.166552,0.235833,0.166552,0.233674,0.168279,0.216401,0.168279,0.214242,0.166552,0.235833,0.152733,0.214242,0.152733,0.233674,0.151006,0.216401,0.151006,0.216401,0.157483,0.216401,0.159643,0.233674,0.159643,0.233674,0.157483,0.214242,0.157483,0.21856,0.157483,0.201287,0.166552,0.201287,0.152733,0.199128,0.152733,0.199128,0.166552,0.201287,0.157483,0.199128,0.157483,0.199128,0.159643],"max":[0.235833,0.168279],"min":[0.199128,0.151006],"stride":2},"Base01Mesh-mesh-normals":{"data":[-0.335337,-0.385937,0.859401,0.335337,-0.385937,0.859401,0.335337,0.385937,0.859401,-0.335337,0.385937,0.859401,-0.876858,0.350566,-0.328867,-0.273415,0.882809,-0.381878,0.273415,0.882809,-0.381878,0.876858,0.350566,-0.328867,-0.876858,-0.350566,-0.328867,0.876858,-0.350566,-0.328867,-0.273415,-0.882809,-0.381878,0.273415,-0.882809,-0.381878],"max":[0.876858,0.882809,0.859401],"min":[-0.876858,-0.882809,-0.381878],"stride":3},"Base01Mesh-mesh-positions":{"data":[-1,-0.8,0.25,1,-0.8,0.25,1,0.8,0.25,-1,0.8,0.25,-1.25,0.8,0,-1,1,0,1,1,0,1.25,0.8,0,-1.25,-0.8,0,1.25,-0.8,0,-1,-1,0,1,-1,0],"max":[1.25,1,0.25],"min":[-1.25,-1,0],"stride":3}},"surfaces":{"GrassMaterial01":{"numPrimitives":20,"triangles":[3,13,5,12,4,17,4,18,8,19,0,20,4,18,0,20,3,21,10,10,8,8,9,9,11,11,10,10,9,9,4,4,5,5,6,6,4,4,6,6,7,7,8,8,4,4,7,7,8,8,7,7,9,9,2,2,9,9,7,7,2,2,1,1,9,9,0,0,1,1,2,2,0,0,2,2,3,3,1,13,11,12,9,16,11,12,1,13,0,14,11,12,0,14,10,15,8,22,10,23,0,24,7,16,6,12,2,13,6,12,3,14,2,13,6,12,5,15,3,14]}}}},"images":{"terrain_png":"textures/terrain.dds"},"materials":{"GrassMaterial01":{"effect":"GrassMaterial01-effect"}},"nodes":{"Base01":{"geometryinstances":{"Base01Mesh":{"geometry":"Base01Mesh","material":"GrassMaterial01","surface":"GrassMaterial01"}},"matrix":[0.8,0,0,0,0,-1,0,0.4,0,0,0,0]}},"version":1}
