{"effects":{"BladeMaterial-effect":{"meta":{"normals":true},"parameters":{"diffuse":"terrain_png","index_of_refraction":1},"type":"lambert"},"Material-effect":{"meta":{"normals":true},"parameters":{"diffuse":"terrain_png","index_of_refraction":1},"type":"lambert"}},"geometries":{"BladeMesh":{"inputs":{"NORMAL":{"offset":0,"source":"BladeMesh-mesh-normals"},"POSITION":{"offset":0,"source":"BladeMesh-mesh-positions"},"TEXCOORD0":{"offset":1,"source":"BladeMesh-mesh-map-0"}},"meta":{"graphics":true},"sources":{"BladeMesh-mesh-map-0":{"data":[0.406331,0.0393258,0.398641,0.0348861,0.398641,0.0260069,0.406331,0.0215673,0.414021,0.0348861,0.414021,0.0260069,0.41521,0.0215673,0.397452,0.0215673,0.397452,0.0393258,0.41521,0.0393258],"max":[0.41521,0.0393258],"min":[0.397452,0.0215673],"stride":2},"BladeMesh-mesh-normals":{"data":[-0.827326,0.561663,0,-0.253853,0.441817,0.860408,0.253853,0.441817,0.860408,0.827326,0.561663,0,-0.253853,0.441817,-0.860408,0.253853,0.441817,-0.860408,0.894406,-0.447188,0,0,-1,0,-0.894406,-0.447188,0],"max":[0.894406,0.561663,0.860408],"min":[-0.894406,-1,-0.860408],"stride":3},"BladeMesh-mesh-positions":{"data":[-1,1,0,-0.333333,1,1,0.333333,1,1,1,1,0,-0.333333,1,-1,0.333333,1,-1,1,-0.7,0,0,-1,0,-1,-0.7,0],"max":[1,1,1],"min":[-1,-1,-1],"stride":3}},"surfaces":{"BladeMaterial":{"numPrimitives":14,"triangles":[5,6,7,7,4,8,1,6,7,7,2,8,6,6,7,7,5,8,6,6,5,8,3,9,2,6,7,7,6,8,2,6,6,8,3,9,8,6,7,7,1,8,8,6,1,8,0,9,0,0,1,1,2,2,0,0,2,2,3,3,0,0,3,3,4,4,3,3,5,5,4,4,7,8,8,9,0,6,7,8,0,6,4,7]}}},"HandleMesh":{"inputs":{"NORMAL":{"offset":0,"source":"HandleMesh-mesh-normals"},"POSITION":{"offset":0,"source":"HandleMesh-mesh-positions"},"TEXCOORD0":{"offset":1,"source":"HandleMesh-mesh-map-0"}},"meta":{"graphics":true},"sources":{"HandleMesh-mesh-map-0":{"data":[0.473726,0.0102588,0.46454,0.0102588,0.46454,0.0194454,0.473726,0.0194454,0.469133,0.0194454,0.465885,0.0181,0.46454,0.0148521,0.472381,0.0181,0.465885,0.0116042,0.469133,0.0102588,0.473726,0.0148521,0.472381,0.0116042],"max":[0.473726,0.0194454],"min":[0.46454,0.0102588],"stride":2},"HandleMesh-mesh-normals":{"data":[0,0.77636,-0.630238,0,0.77636,0.630238,0.548967,0.548967,0.630238,0.548967,0.548967,-0.630238,0.77636,0,0.630238,0.77636,0,-0.630238,0.548967,-0.548967,0.630238,0.548967,-0.548967,-0.630238,0,-0.77636,0.630238,0,-0.77636,-0.630238,-0.548967,-0.548967,0.630238,-0.548967,-0.548967,-0.630238,-0.77636,0,0.630238,-0.77636,0,-0.630238,-0.548967,0.548967,0.630238,-0.548967,0.548967,-0.630238],"max":[0.77636,0.77636,0.630238],"min":[-0.77636,-0.77636,-0.630238],"stride":3},"HandleMesh-mesh-positions":{"data":[0,0.1,-0.25,0,0.1,0.25,0.0707106,0.0707106,0.25,0.0707106,0.0707106,-0.25,0.1,0,0.25,0.1,0,-0.25,0.0707106,-0.0707106,0.25,0.0707106,-0.0707106,-0.25,0,-0.1,0.25,0,-0.1,-0.25,-0.0707106,-0.0707106,0.25,-0.0707106,-0.0707106,-0.25,-0.1,0,0.25,-0.1,0,-0.25,-0.0707106,0.0707106,0.25,-0.0707106,0.0707106,-0.25],"max":[0.1,0.1,0.25],"min":[-0.1,-0.1,-0.25],"stride":3}},"surfaces":{"Material":{"numPrimitives":28,"triangles":[0,0,1,1,2,2,0,0,2,2,3,3,0,4,3,5,15,7,3,5,5,6,15,7,5,6,13,10,15,7,5,6,11,11,13,10,5,6,7,8,11,11,7,8,9,9,11,11,13,0,12,1,14,2,13,0,14,2,15,3,1,2,0,3,15,0,1,2,15,0,14,1,11,0,10,1,12,2,11,0,12,2,13,3,9,0,8,1,10,2,9,0,10,2,11,3,7,0,6,1,8,2,7,0,8,2,9,3,5,0,4,1,6,2,5,0,6,2,7,3,3,0,2,1,4,2,3,0,4,2,5,3,2,4,1,5,14,6,2,4,14,6,4,7,14,6,12,8,4,7,12,8,10,9,4,7,10,9,6,10,4,7,10,9,8,11,6,10]}}},"HiltMesh":{"inputs":{"NORMAL":{"offset":0,"source":"HiltMesh-mesh-normals"},"POSITION":{"offset":0,"source":"HiltMesh-mesh-positions"},"TEXCOORD0":{"offset":1,"source":"HiltMesh-mesh-map-0"}},"meta":{"graphics":true},"sources":{"HiltMesh-mesh-map-0":{"data":[0.474183,0.109151,0.465587,0.109151,0.465587,0.117748,0.474183,0.117748],"max":[0.474183,0.117748],"min":[0.465587,0.109151],"stride":2},"HiltMesh-mesh-normals":{"data":[-0.577349,0.577349,-0.577349,-0.577349,-0.577349,-0.577349,-0.577349,-0.577349,0.577349,-0.577349,0.577349,0.577349,0.577349,0.577349,0.577349,0.577349,0.577349,-0.577349,0.577349,-0.577349,0.577349,0.577349,-0.577349,-0.577349],"max":[0.577349,0.577349,0.577349],"min":[-0.577349,-0.577349,-0.577349],"stride":3},"HiltMesh-mesh-positions":{"data":[-1,1,-1,-1,-1,-1,-1,-1,1,-1,1,1,1,1,1,1,1,-1,1,-1,1,1,-1,-1],"max":[1,1,1],"min":[-1,-1,-1],"stride":3}},"surfaces":{"BladeMaterial":{"numPrimitives":12,"triangles":[0,0,1,1,2,2,0,0,2,2,3,3,3,2,4,3,5,0,3,2,5,0,0,1,1,2,0,3,5,0,1,2,5,0,7,1,1,0,7,1,6,2,1,0,6,2,2,3,6,2,4,3,3,0,6,2,3,0,2,1,4,2,6,3,7,0,4,2,7,0,5,1]}}},"PoleMesh":{"inputs":{"NORMAL":{"offset":0,"source":"PoleMesh-mesh-normals"},"POSITION":{"offset":0,"source":"PoleMesh-mesh-positions"},"TEXCOORD0":{"offset":1,"source":"PoleMesh-mesh-map-0"}},"meta":{"graphics":true},"sources":{"PoleMesh-mesh-map-0":{"data":[0.171137,0.0173521,0.145351,0.0173521,0.145351,0.0431381,0.171137,0.0431381,0.158244,0.0431381,0.149127,0.0393618,0.145351,0.0302452,0.16736,0.0393618,0.149127,0.0211284,0.158244,0.0173521,0.171137,0.0302452,0.16736,0.0211284],"max":[0.171137,0.0431381],"min":[0.145351,0.0173521],"stride":2},"PoleMesh-mesh-normals":{"data":[0,0.77636,-0.630238,0,0.77636,0.630238,0.548967,0.548967,0.630238,0.548967,0.548967,-0.630238,0.77636,0,0.630238,0.77636,0,-0.630238,0.548967,-0.548967,0.630238,0.548967,-0.548967,-0.630238,0,-0.77636,0.630238,0,-0.77636,-0.630238,-0.548967,-0.548967,0.630238,-0.548967,-0.548967,-0.630238,-0.77636,0,0.630238,-0.77636,0,-0.630238,-0.548967,0.548967,0.630238,-0.548967,0.548967,-0.630238],"max":[0.77636,0.77636,0.630238],"min":[-0.77636,-0.77636,-0.630238],"stride":3},"PoleMesh-mesh-positions":{"data":[0,0.05,-1,0,0.05,1,0.0353553,0.0353553,1,0.0353553,0.0353553,-1,0.05,0,1,0.05,0,-1,0.0353553,-0.0353553,1,0.0353553,-0.0353553,-1,0,-0.05,1,0,-0.05,-1,-0.0353553,-0.0353553,1,-0.0353553,-0.0353553,-1,-0.05,0,1,-0.05,0,-1,-0.0353553,0.0353553,1,-0.0353553,0.0353553,-1],"max":[0.05,0.05,1],"min":[-0.05,-0.05,-1],"stride":3}},"surfaces":{"BladeMaterial":{"numPrimitives":28,"triangles":[0,0,1,1,2,2,0,0,2,2,3,3,0,4,3,5,15,7,3,5,5,6,15,7,5,6,13,10,15,7,5,6,11,11,13,10,5,6,7,8,11,11,7,8,9,9,11,11,13,0,12,1,14,2,13,0,14,2,15,3,1,2,0,3,15,0,1,2,15,0,14,1,11,0,10,1,12,2,11,0,12,2,13,3,9,0,8,1,10,2,9,0,10,2,11,3,7,0,6,1,8,2,7,0,8,2,9,3,5,0,4,1,6,2,5,0,6,2,7,3,3,0,2,1,4,2,3,0,4,2,5,3,2,4,1,5,14,6,2,4,14,6,4,7,14,6,12,8,4,7,12,8,10,9,4,7,10,9,6,10,4,7,10,9,8,11,6,10]}}},"PommelMesh":{"inputs":{"NORMAL":{"offset":0,"source":"PommelMesh-mesh-normals"},"POSITION":{"offset":0,"source":"PommelMesh-mesh-positions"},"TEXCOORD0":{"offset":1,"source":"PommelMesh-mesh-map-0"}},"meta":{"graphics":true},"sources":{"PommelMesh-mesh-map-0":{"data":[0.473202,0.112021,0.466751,0.112021,0.466751,0.118472,0.473202,0.118472],"max":[0.473202,0.118472],"min":[0.466751,0.112021],"stride":2},"PommelMesh-mesh-normals":{"data":[-0.577349,0.577349,-0.577349,-0.577349,-0.577349,-0.577349,-0.577349,-0.577349,0.577349,-0.577349,0.577349,0.577349,0.577349,0.577349,0.577349,0.577349,0.577349,-0.577349,0.577349,-0.577349,0.577349,0.577349,-0.577349,-0.577349],"max":[0.577349,0.577349,0.577349],"min":[-0.577349,-0.577349,-0.577349],"stride":3},"PommelMesh-mesh-positions":{"data":[-1,1,-1,-1,-1,-1,-1,-1,1,-1,1,1,1,1,1,1,1,-1,1,-1,1,1,-1,-1],"max":[1,1,1],"min":[-1,-1,-1],"stride":3}},"surfaces":{"BladeMaterial":{"numPrimitives":12,"triangles":[0,0,1,1,2,2,0,0,2,2,3,3,3,2,4,3,5,0,3,2,5,0,0,1,1,2,0,3,5,0,1,2,5,0,7,1,1,0,7,1,6,2,1,0,6,2,2,3,6,2,4,3,3,0,6,2,3,0,2,1,4,2,6,3,7,0,4,2,7,0,5,1]}}}},"images":{"terrain_png":"textures/terrain.dds"},"materials":{"BladeMaterial":{"effect":"BladeMaterial-effect"},"Material":{"effect":"Material-effect"}},"nodes":{"Blade":{"geometryinstances":{"BladeMesh":{"geometry":"BladeMesh","material":"BladeMaterial","surface":"BladeMaterial"}},"matrix":[0.1,0,0,0,0,-1.4,0,0.05,0,0,3.98,0.4]},"Handle":{"geometryinstances":{"HandleMesh":{"geometry":"HandleMesh","material":"Material","surface":"Material"}},"matrix":[1,0,0,0,0.75,0,0,0,1,0,3.98,-1.34784]},