{"effects":{"monstercolour":{"meta":{"normals":true},"parameters":{"diffuse":"monsterscolour_1","reflectivity":0.5,"shininess":300},"type":"phong"}},"geometries":{"bigrockMesh":{"inputs":{"NORMAL":{"offset":0,"source":"bigrock-Normal0"},"POSITION":{"offset":0,"source":"bigrock-POSITION"},"TEXCOORD0":{"offset":1,"source":"bigrock-UV0"}},"meta":{"graphics":true},"sources":{"bigrock-Normal0":{"data":[-0.245474,-0.941551,-0.230702,0.248919,-0.790144,-0.5601,0.16286,-0.928326,-0.334196,-0.606123,-0.649099,-0.459658,-0.265876,-0.942983,0.200232,-0.691709,-0.520062,0.501073,0.229557,-0.500105,0.834984,0.16286,-0.928326,0.334196,0.728416,-0.685032,0.011935,0.387183,-0.922003,0,-0.627167,0.560577,-0.540754,-0.066326,0.99175,-0.109693,0.224327,0.472585,-0.852256,-0.580385,0.793853,0.181521,0.395762,0.849681,0.348447,0.737812,0.646931,-0.192649,0.333039,0.118537,-0.935433,-0.790008,0.170473,-0.588919,-0.835764,0.104235,0.539105,0.427464,-0.052212,0.902523,0.990624,0.134489,0.024028,0.214975,0.349145,-0.912076,-0.801232,0.500041,-0.328614,-0.684507,0.372419,0.626701,0.413725,0.335756,0.846226,0.175933,0.697404,0.694748,-0.186679,0.401007,0.896852,0.92411,0.214788,0.316049,0.919779,0.340906,-0.194396,-0.137636,0.433584,-0.89054,-0.867444,0.411263,-0.280006,-0.60098,0.676127,0.426234,0.628611,0.651454,-0.424801,0.428197,0.835941,0.343292,0.493184,-0.656597,0.570657,0.743482,-0.115965,0.658625,-0.387417,-0.140862,0.91108,-0.485512,-0.504725,0.713814,-0.015976,0.835291,-0.549576,-0.159132,0.626017,0.7634,0.540799,0.608641,0.580596,0.460716,0.751127,-0.47281,-0.534641,0.844646,0.027075,0.455312,-0.676675,-0.578621,-0.161409,-0.47149,-0.866974,-0.259068,-0.03383,-0.965266,0.630901,-0.026213,-0.77542,-0.992913,-0.021858,-0.116814,-0.796711,-0.416191,-0.43822,-0.336701,0.211081,0.917648,0.509214,0.294543,0.808669,0.564687,0.529,-0.633473,-0.273757,0.434358,-0.858132,-0.943227,0.32857,-0.048619],"max":[0.990624,0.99175,0.917648],"min":[-0.992913,-0.942983,-0.965266],"stride":3},"bigrock-POSITION":{"data":[-37.1668,0,-27.0033,18.2271,7.16997,-61.6448,14.1965,0,-43.6923,-54.2407,7.16997,-38.0985,-37.1668,0,27.0033,-54.2407,7.16997,38.0985,18.2271,7.16997,61.6448,14.1965,0,43.6923,63.0146,7.16997,0,45.9407,0,0,-16.9452,116.01,-19.2557,-3.39893,126.285,-11.9114,-0.810486,116.053,-28.7383,-14.3595,118.662,0.376343,3.37335,120.344,3.02722,11.7471,118.732,-14.9667,18.3387,15.2495,-69.1549,-62.4338,25.2422,-41.6881,-60.3911,35.6184,43.5564,21.644,32.0386,68.7738,70.3016,19.4499,-0.88562,10.3378,56.2336,-59.0558,-49.2795,51.8648,-23.4215,-40.4929,65.8877,49.0034,23.8271,67.2021,60.7911,17.4795,91.135,41.5844,-5.26202,71.7218,58.0059,46.1039,79.2497,31.8179,55.97,72.9567,-8.65405,-3.18249,87.5706,-39.9935,-35.607,94.4289,-15.5438,-23.9701,104.833,25.5571,28.4938,93.7364,-14.0034,15.6464,104.405,26.5092,-54.775,0,1.17346,-45.8481,7.75578,3.86133,-78.6263,6.25062,4.20007,-78.5089,0,1.17346,-69.7002,37.8164,-6.73633,-70.5506,37.1655,0.680054,-59.8012,32.0895,-3.20117,-60.4072,33.3204,-7.60657,-71.0354,37.7979,-5.14417,-54.775,0,-14.9061,-72.6454,0,-14.9061,-74.198,9.88458,-20.4329,-48.9346,11.3323,-21.9836,-85.0148,9.62618,-10.0603,-78.5089,0,-13.4368,-76.2848,23.2298,4.30054,-51.4886,20.4213,3.67603,-53.1404,22.576,-16.1699,-74.9599,25.2347,-17.8064,-81.8417,25.2204,-7.59827],"max":[70.3016,126.285,68.7738],"min":[-85.0148,0,-69.1549],"stride":3},"bigrock-UV0":{"data":[0.080654,0.163328,0.087793,0.167793,0.087273,0.165479,0.078453,0.164758,0.080654,0.156368,0.078453,0.154938,0.087793,0.151903,0.087273,0.154217,0.093565,0.159848,0.091365,0.159848,0.083272,0.141433,0.085018,0.142379,0.085351,0.14021,0.083605,0.143963,0.085891,0.144304,0.08697,0.141985,0.087807,0.168761,0.07817,0.152709,0.075841,0.151654,0.077129,0.162064,0.078595,0.1515,0.068312,0.149171,0.068775,0.1515,0.079299,0.147833,0.092906,0.145038,0.096573,0.134905,0.092906,0.135698,0.096111,0.145478,0.094489,0.151749,0.092906,0.15081,0.07817,0.162049,0.076588,0.168761,0.07817,0.167822,0.071847,0.161033,0.07241,0.153349,0.070666,0.145739,0.080001,0.143932,0.088527,0.151749,0.087709,0.149274,0.084778,0.15139,0.091398,0.148015,0.069692,0.166914,0.067808,0.15929,0.066924,0.155111,0.071682,0.140254,0.076979,0.138913,0.086788,0.136303,0.089128,0.14211,0.09267,0.142799,0.085046,0.13876,0.064143,0.157516,0.064137,0.159596,0.080867,0.141911,0.082367,0.147208,0.087472,0.147331,0.067013,0.163373,0.063792,0.161214,0.100474,0.13747,0.101226,0.14201,0.100643,0.145759,0.101385,0.149902,0.069877,0.133543,0.063792,0.12878,0.069066,0.138759,0.102196,0.14863,0.080237,0.15023,0.074608,0.225485,0.078129,0.222425,0.065199,0.223019,0.065246,0.225485,0.082688,0.218301,0.079763,0.217966,0.081294,0.222206,0.083032,0.221967,0.08206,0.217774,0.09715,0.21108,0.09715,0.204031,0.093251,0.203419,0.09268,0.213384,0.078094,0.207905,0.082564,0.210697,0.081154,0.200502,0.078094,0.201562,0.076664,0.210697,0.077858,0.208231,0.072233,0.2069,0.070901,0.210697,0.066123,0.216322,0.075904,0.21743,0.086999,0.208403,0.08615,0.200575,0.088245,0.211725,0.087196,0.203118,0.077898,0.201534,0.073204,0.200749,0.072625,0.212827,0.068385,0.210825,0.078581,0.225485,0.086409,0.224833,0.087055,0.216226,0.083028,0.213512,0.078335,0.215704,0.069178,0.200743,0.068142,0.206798,0.070322,0.210697],"max":[0.102196,0.225485],"min":[0.063792,0.12878],"stride":2}},"surfaces":{"monstercolour":{"numPrimitives":94,"triangles":[27,61,19,62,28,63,21,46,29,49,32,47,21,46,32,47,28,48,33,54,27,40,28,48,14,14,31,53,33,54,33,54,31,53,25,38,27,40,33,54,25,38,24,37,27,40,25,38,24,37,25,38,26,39,25,38,31,53,26,39,26,39,31,53,23,65,33,54,28,48,32,47,32,47,14,14,33,54,32,47,15,15,14,14,15,15,11,11,14,14,12,12,11,11,15,15,10,10,11,11,12,12,13,13,11,11,10,10,13,13,10,10,30,52,13,13,30,52,31,53,14,14,13,13,31,53,14,14,11,11,13,13,53,100,49,101,39,71,38,70,52,99,53,100,53,100,42,74,38,70,39,71,42,74,53,100,38,70,42,74,39,71,38,70,39,71,40,72,40,72,41,73,38,70,51,98,41,73,40,72,41,73,51,98,52,99,52,99,38,70,41,73,40,72,50,97,51,98,27,64,24,59,19,27,24,59,26,58,19,27,19,27,26,58,23,57,19,27,23,57,18,25,6,24,19,27,18,25,6,24,18,25,5,26,20,28,6,24,8,29,20,28,19,27,6,24,28,60,19,27,20,28,35,81,51,89,50,90,46,80,51,89,35,81,43,79,46,80,35,81,35,81,34,82,43,79,21,33,28,41,20,31,12,51,15,56,32,55,12,51,32,55,29,42,10,50,12,51,29,42,10,50,29,42,30,43,22,34,30,43,29,42,22,34,29,42,21,33,17,18,22,34,21,33,17,18,21,33,16,19,21,33,20,31,16,19,1,30,16,19,20,31,1,30,20,31,8,32,3,17,17,18,16,19,43,75,44,76,45,77,45,77,46,78,43,75,51,91,46,78,45,77,45,77,52,92,51,91,23,36,31,45,30,44,23,36,30,44,22,35,18,23,23,36,22,35,18,23,22,35,17,21,5,20,18,23,17,21,5,20,17,21,3,22,3,3,16,16,1,1,0,0,3,3,1,1,0,0,1,1,2,2,2,2,1,1,8,8,2,2,8,8,9,9,8,8,7,7,9,9,8,8,6,6,7,7,6,6,4,4,7,7,6,6,5,5,4,4,4,4,5,5,3,3,4,4,3,3,0,0,52,102,45,103,47,85,47,85,53,94,52,102,49,93,53,94,47,85,47,85,36,84,49,93,37,83,36,84,47,85,47,85,48,86,37,83,48,86,47,85,45,103,45,103,44,104,48,86,40,95,39,96,49,87,50,88,40,95,49,87,49,87,36,68,50,88,35,67,50,88,36,68,34,66,35,67,36,68,36,68,37,69,34,66]}}}},"images":{"monsterscolour_1":"characters/textures/monsterscolour.dds"},"materials":{"monstercolour":{"effect":"monstercolour"}},"nodes":{"bigrock":{"geometryinstances":{"bigrockMesh":{"geometry":"bigrockMesh","material":"monstercolour","surface":"monstercolour"}},"matrix":[0.01,0,0,0,0.01,0,0,0,0.01,0,0,0]}},"version":1}
