{"effects":{"herocolour_default":{"meta":{"normals":true},"parameters":{"diffuse":"materialSwatches1_pasted__monsterscolour_1","reflectivity":0.5,"shininess":1.73205},"type":"phong"}},"geometries":{"bulletMesh":{"inputs":{"NORMAL":{"offset":2,"source":"bullet-Normal0"},"POSITION":{"offset":0,"source":"bullet-POSITION"},"TEXCOORD0":{"offset":1,"source":"bullet-UV0"}},"meta":{"graphics":true},"sources":{"bullet-Normal0":{"data":[-0.629917,0.454323,-0.629917,-0.629917,0.454323,-0.629916,-0.629917,0.454323,0.629916,-0.629918,0.454323,0.629916,0.629917,0.454323,0.629916,0.629918,0.454323,0.629916,0.629917,0.454323,-0.629916,0.629918,0.454323,-0.629916,0.660062,-0.358658,-0.660062,0.660062,-0.358658,0.660062,0.660062,-0.358659,0.660062,-0.660062,-0.358658,0.660062,-0.660062,-0.358658,-0.660062,0,-1,0],"max":[0.660062,0.454323,0.660062],"min":[-0.660062,-1,-0.660062],"stride":3},"bullet-POSITION":{"data":[-2.66524,-3.16074,0,0,0.534602,0,0,-3.16074,-2.66524,0,-3.16074,2.66524,2.66524,-3.16074,0,0,-6.45234,-0.876676,0.876677,-6.45234,0,0,-6.45234,0.876676,-0.876677,-6.45234,0],"max":[2.66524,0.534602,2.66524],"min":[-2.66524,-6.45234,-2.66524],"stride":3},"bullet-UV0":{"data":[0.904436,0.815014,0.920008,0.836606,0.920008,0.815014,0.951503,0.817373,0.93593,0.795782,0.93593,0.817373,0.935581,0.815014,0.920008,0.795782,0.925131,0.795782,0.941053,0.836606,0.93593,0.836606,0.914886,0.795782,0.954251,0.79046,0.949129,0.785337,0.944006,0.79046,0.949129,0.795582],"max":[0.954251,0.836606],"min":[0.904436,0.785337],"stride":2}},"surfaces":{"herocolour_default":{"numPrimitives":14,"triangles":[0,0,0,1,1,1,2,2,1,7,12,13,8,13,13,5,14,13,5,14,13,6,15,13,7,12,13,0,0,12,5,7,12,8,11,12,5,7,12,0,0,12,2,2,12,0,5,11,8,10,11,7,9,11,7,9,11,3,3,11,0,5,11,4,5,9,3,3,9,7,9,9,7,9,9,6,10,10,4,5,9,4,6,8,6,8,8,5,7,8,5,7,8,2,2,8,4,6,8,3,3,2,1,4,3,0,5,3,2,2,6,1,1,7,4,6,6,4,5,4,1,4,5,3,3,4]}}}},"images":{"materialSwatches1_pasted__monsterscolour_1":"characters/textures/herocolour01.dds"},"materials":{"herocolour_default":{"effect":"herocolour_default"}},"nodes":{"bullet":{"geometryinstances":{"bulletMesh":{"geometry":"bulletMesh","material":"herocolour_default","surface":"herocolour_default"}},"matrix":[0.01,0,0,0,0.01,0,0,0,0.01,0,0,0]}},"version":1}
