{"effects":{"bulletMaterial-effect":{"meta":{"normals":true},"parameters":{"diffuse":"terrain_png","index_of_refraction":1,"shininess":50},"type":"phong"}},"geometries":{"bulletMesh":{"inputs":{"NORMAL":{"offset":0,"source":"bulletMesh-mesh-normals"},"POSITION":{"offset":0,"source":"bulletMesh-mesh-positions"},"TEXCOORD0":{"offset":1,"source":"bulletMesh-mesh-map-0"}},"meta":{"graphics":true},"sources":{"bulletMesh-mesh-map-0":{"data":[0.156869,0.42975,0.156832,0.35855,0.169456,0.429743,0.174669,0.429741,0.144283,0.429757,0.139069,0.429759,0,1,0.146823,0.361446,0.146615,0.426022,0.168198,0.426029,0.168407,0.361454,0.146785,0.361447,0.146653,0.426023,0.168237,0.426028,0.168369,0.361452],"max":[0.174669,1],"min":[0,0.35855],"stride":2},"bulletMesh-mesh-normals":{"data":[-0.7528,-0.311808,-0.579669,-3.05185e-05,0,1,-0.7528,0.311808,-0.579669,-0.311808,0.7528,-0.579669,0.311808,0.7528,-0.579669,0.7528,0.311808,-0.579669,-0.311808,-0.7528,-0.579669,0.311808,-0.7528,-0.579669,0.7528,-0.311808,-0.579669,0,0.77636,-0.630238,0,0.77636,0.630238,0.548967,0.548967,0.630238,0.548967,0.548967,-0.630238,0.77636,0,0.630238,0.77636,0,-0.630238,0.548967,-0.548967,0.630238,0.548967,-0.548967,-0.630238,0,-0.77636,0.630238,0,-0.77636,-0.630238,-0.548967,-0.548967,0.630238,-0.548967,-0.548967,-0.630238,-0.77636,0,0.630238,-0.77636,0,-0.630238,-0.548967,0.548967,0.630238,-0.548967,0.548967,-0.630238],"max":[0.77636,0.77636,1],"min":[-0.77636,-0.77636,-0.630238],"stride":3},"bulletMesh-mesh-positions":{"data":[-0.0103936,-0.00430512,0.05936,0,0,0.14336,-0.0103936,0.00430518,0.05936,-0.00430518,0.0103937,0.05936,0.00430512,0.0103937,0.05936,0.0103936,0.00430518,0.05936,-0.00430518,-0.0103935,0.05936,0.00430512,-0.0103935,0.05936,0.0103936,-0.00430512,0.05936,0,0.00999993,-0.13864,0,0.00999993,0.0613599,0.00707102,0.00707102,0.0613599,0.00707102,0.00707102,-0.13864,0.00999999,0,0.0613599,0.00999999,0,-0.13864,0.00707102,-0.00707108,0.0613599,0.00707102,-0.00707108,-0.13864,0,-0.00999999,0.0613599,0,-0.00999999,-0.13864,-0.00707102,-0.00707108,0.0613599,-0.00707102,-0.00707108,-0.13864,-0.00999999,0,0.0613599,-0.00999999,0,-0.13864,-0.00707102,0.00707102,0.0613599,-0.00707102,0.00707102,-0.13864],"max":[0.0103936,0.0103937,0.14336],"min":[-0.0103936,-0.0103935,-0.13864],"stride":3}},"surfaces":{"bulletMaterial":{"numPrimitives":42,"triangles":[9,7,10,8,11,9,9,7,11,9,12,10,6,4,1,1,0,0,0,0,1,1,2,2,1,1,3,3,2,2,3,3,1,1,4,2,4,2,1,1,5,0,5,0,1,1,8,4,8,4,1,1,7,5,7,5,1,1,6,4,3,6,4,6,5,6,3,6,5,6,2,6,5,6,8,6,2,6,8,6,0,6,2,6,8,6,7,6,0,6,7,6,6,6,0,6,11,6,10,6,23,6,11,6,23,6,13,6,23,6,21,6,13,6,21,6,19,6,13,6,19,6,15,6,13,6,19,6,17,6,15,6,22,10,21,9,23,8,22,10,23,8,24,7,24,14,23,13,10,12,24,14,10,12,9,11,20,9,19,10,21,7,20,9,21,7,22,8,18,10,17,9,19,8,18,10,19,8,20,7,16,11,15,12,17,13,16,11,17,13,18,14,14,7,13,8,15,9,14,7,15,9,16,10,12,8,11,7,13,10,12,8,13,10,14,9,16,6,18,6,20,6,14,6,16,6,20,6,14,6,20,6,22,6,14,6,22,6,24,6,12,6,14,6,24,6,9,6,12,6,24,6]}}}},"images":{"terrain_png":"textures/terrain.dds"},"materials":{"bulletMaterial":{"effect":"bulletMaterial-effect"}},"nodes":{"bullet":{"geometryinstances":{"bulletMesh":{"geometry":"bulletMesh","material":"bulletMaterial","surface":"bulletMaterial"}},"matrix":[1.84776,0,0.765367,0.765367,0,-1.84776,0,0.75,0,0,0,0]}},"version":1}
