{"effects":{"ClubMaterial-effect":{"meta":{"normals":true},"parameters":{"diffuse":"terrain_png","index_of_refraction":1,"shininess":50},"type":"phong"}},"geometries":{"ClubMesh":{"inputs":{"NORMAL":{"offset":0,"source":"ClubMesh-mesh-normals"},"POSITION":{"offset":0,"source":"ClubMesh-mesh-positions"},"TEXCOORD0":{"offset":1,"source":"ClubMesh-mesh-map-0"}},"meta":{"graphics":true},"sources":{"ClubMesh-mesh-map-0":{"data":[0.160626,0.0096722,0.160178,0.0081441,0.158618,0.0082832,0.158806,0.0098346,0.156411,0.00829,0.156232,0.0098426,0.156232,0.0096722,0.155783,0.0081441,0.154223,0.0082832,0.154412,0.0098346,0.152016,0.00829,0.151837,0.0098426,0.151837,0.0096913,0.151398,0.0081603,0.149837,0.00829,0.150016,0.0098426,0.14763,0.0082832,0.147441,0.0098348,0.168788,0.0505646,0.166582,0.0505617,0.165019,0.0521202,0.170347,0.0521271,0.165016,0.0543269,0.166575,0.0558894,0.170344,0.0543338,0.168782,0.0558923,0.160772,0.0083082,0.160626,0.009864,0.1632,0.0098008,0.162978,0.008254,0.14607,0.0081441,0.145621,0.0096722,0.5,0,0.853553,0.146447,0.146447,0.146447,1,0.5,0,0.5,0.146447,0.853553,0.853553,0.853553,0.5,1,0.15988,0.0557707,0.159849,0.0455515,0.158548,0.0456673,0.15858,0.0558867,0.156709,0.0456731,0.156741,0.0558923,0.155485,0.0557707,0.155454,0.0455515,0.154154,0.0456673,0.154185,0.0558867,0.152315,0.0456731,0.152346,0.0558923,0.150808,0.0557843,0.150839,0.0455651,0.149538,0.0456731,0.149507,0.0558923,0.147699,0.0456673,0.147668,0.0558867,0.163963,0.0558472,0.163712,0.0456309,0.161874,0.0456761,0.162124,0.0558923,0.146399,0.0455515,0.146368,0.0557707,0.168157,0.0505609,0.169457,0.0492601,0.166318,0.0505617,0.169456,0.047421,0.165017,0.0492618,0.165016,0.0474228,0.168155,0.0461211,0.166316,0.0461219,0.165009,0.045487,0.165016,0.0095995],"max":[1,1],"min":[0,0],"stride":2},"ClubMesh-mesh-normals":{"data":[0,0.958892,-0.283731,0,0.671316,0.741142,0.474685,0.474685,0.741142,0.67803,0.67803,-0.283731,0.671316,0,0.741142,0.958892,0,-0.283731,0.474685,-0.474685,0.741142,0.67803,-0.67803,-0.283731,0,-0.671316,0.741142,0,-0.958892,-0.283731,-0.474685,-0.474685,0.741142,-0.67803,-0.67803,-0.283731,-0.671316,0,0.741142,-0.958892,0,-0.283731,-0.474685,0.474685,0.741142,-0.67803,0.67803,-0.283731,0,0.77636,-0.630238,0,0.931242,0.36436,0.658467,0.658467,0.36436,0.548967,0.548967,-0.630238,0.931242,0,0.36436,0.77636,0,-0.630238,0.658467,-0.658467,0.36436,0.548967,-0.548967,-0.630238,0,-0.931242,0.36436,0,-0.77636,-0.630238,-0.658467,-0.658467,0.36436,-0.548967,-0.548967,-0.630238,-0.931242,0,0.36436,-0.77636,0,-0.630238,-0.658467,0.658467,0.36436,-0.548967,0.548967,-0.630238],"max":[0.958892,0.958892,0.741142],"min":[-0.958892,-0.958892,-0.630238],"stride":3},"ClubMesh-mesh-positions":{"data":[0,0.07,0.8,0,0.06,0.831617,0.0424264,0.0424264,0.831617,0.0494974,0.0494974,0.8,0.06,0,0.831617,0.07,0,0.8,0.0424264,-0.0424264,0.831617,0.0494974,-0.0494974,0.8,0,-0.06,0.831617,0,-0.07,0.8,-0.0424264,-0.0424263,0.831617,-0.0494975,-0.0494974,0.8,-0.06,0,0.831617,-0.07,0,0.8,-0.0424264,0.0424263,0.831617,-0.0494975,0.0494974,0.8,0,0.05,-0.163446,0,0.05,0.05,0.0353553,0.0353553,0.05,0.0353553,0.0353553,-0.163446,0.05,0,0.05,0.05,0,-0.163446,0.0353553,-0.0353553,0.05,0.0353553,-0.0353553,-0.163446,0,-0.05,0.05,0,-0.05,-0.163446,-0.0353553,-0.0353553,0.05,-0.0353553,-0.0353553,-0.163446,-0.05,0,0.05,-0.05,0,-0.163446,-0.0353553,0.0353553,0.05,-0.0353553,0.0353553,-0.163446],"max":[0.07,0.07,0.831617],"min":[-0.07,-0.07,-0.163446],"stride":3}},"surfaces":{"ClubMaterial":{"numPrimitives":72,"triangles":[13,17,12,16,14,30,13,17,14,30,15,31,11,15,10,14,12,16,11,15,12,16,13,17,26,54,11,15,13,17,26,54,13,17,28,56,9,12,8,13,10,14,9,12,10,14,11,15,24,53,9,12,11,15,24,53,11,15,26,54,25,52,24,53,26,54,25,52,26,54,27,55,27,55,26,54,28,56,27,55,28,56,29,57,29,57,28,56,30,62,29,57,30,62,31,63,20,47,5,6,7,9,20,47,7,9,22,48,21,46,20,47,22,48,21,46,22,48,23,49,5,6,4,7,6,8,5,6,6,8,7,9,7,9,6,8,8,10,7,9,8,10,9,11,22,48,7,9,9,11,22,48,9,11,24,50,23,49,22,48,24,50,23,49,24,50,25,51,28,72,13,73,15,28,28,72,15,28,30,59,1,26,15,28,14,29,1,26,0,27,15,28,0,27,30,59,15,28,0,27,17,60,30,59,31,58,30,59,17,60,31,58,17,60,16,61,18,32,17,33,30,35,18,32,30,35,20,34,30,35,28,38,20,34,28,38,26,39,20,34,26,39,22,36,20,34,26,39,24,37,22,36,17,41,0,0,3,3,17,41,3,3,18,42,16,40,17,41,18,42,16,40,18,42,19,43,0,0,1,1,2,2,0,0,2,2,3,3,3,3,2,2,4,4,3,3,4,4,5,5,18,42,3,3,5,5,18,42,5,5,20,44,19,43,18,42,20,44,19,43,20,44,21,45,7,38,9,39,11,37,5,35,7,38,11,37,5,35,11,37,13,36,5,35,13,36,15,34,3,33,5,35,15,34,0,32,3,33,15,34,16,64,19,65,31,66,19,65,21,67,31,66,21,67,29,68,31,66,21,67,27,69,29,68,21,67,23,70,27,69,23,70,25,71,27,69,10,23,8,25,6,24,10,23,6,24,4,21,12,22,10,23,4,21,14,20,12,22,4,21,2,18,14,20,4,21,2,18,1,19,14,20]}}}},"images":{"terrain_png":"textures/terrain.dds"},"materials":{"ClubMaterial":{"effect":"ClubMaterial-effect"}},"nodes":{"Club":{"geometryinstances":{"ClubMesh":{"geometry":"ClubMesh","material":"ClubMaterial","surface":"ClubMaterial"}},"matrix":[0.382683,0,-0.92388,-0.92388,0,-0.382683,0,1,0,0,0,0]}},"version":1}
