{"effects":{"cmgoldcoinMaterial-effect":{"meta":{"normals":true},"parameters":{"diffuse":"gold_coin_png","index_of_refraction":1,"shininess":20},"type":"phong"}},"geometries":{"cmgoldcoinMesh":{"inputs":{"NORMAL":{"offset":2,"source":"cmgoldcoinMesh-mesh-normals"},"POSITION":{"offset":0,"source":"cmgoldcoinMesh-mesh-positions"},"TEXCOORD0":{"offset":1,"source":"cmgoldcoinMesh-mesh-map-0"}},"meta":{"graphics":true},"sources":{"cmgoldcoinMesh-mesh-map-0":{"data":[0.8464,0.502102,0.846433,0.520199,0.874678,0.520147,0.874645,0.50205,0.846705,0.502102,0.846738,0.520199,0.874741,0.520147,0.874708,0.50205,0.846101,0.501987,0.846135,0.520481,0.874999,0.520428,0.874965,0.501934,0.846127,0.501756,0.846162,0.520712,0.875495,0.520659,0.87546,0.501702,0.846298,0.502173,0.846332,0.520627,0.875134,0.520574,0.8751,0.50212,0.845855,0.501853,0.84589,0.520948,0.875436,0.520893,0.875401,0.501799,0.846024,0.501938,0.846058,0.520531,0.875076,0.520477,0.875041,0.501885,0.845792,0.501754,0.845827,0.520715,0.875166,0.520661,0.875132,0.5017,0.846621,0.502137,0.846654,0.520164,0.874789,0.520112,0.874756,0.502085,0.846222,0.501982,0.846257,0.520817,0.875401,0.520763,0.875366,0.501929,0.846497,0.502134,0.846531,0.520333,0.874934,0.520281,0.8749,0.502082,0.846199,0.501909,0.846233,0.520559,0.875092,0.520506,0.875058,0.501856,0.846587,0.502298,0.84662,0.520169,0.874512,0.520118,0.874479,0.502246,0.846705,0.502102,0.874741,0.520147,0.874708,0.50205,0.0765454,0.260366,0.0765454,0.194493,0.101754,0.133635,0.148333,0.0870566,0.101754,0.321224,0.209191,0.0618482,0.148333,0.367802,0.275063,0.0618482,0.209191,0.393011,0.335921,0.0870566,0.275063,0.393011,0.335921,0.367803,0.3825,0.133635,0.3825,0.321224,0.407708,0.194493,0.407708,0.260366,0.846705,0.502102,0.846434,0.520199,0.874645,0.50205,0.470697,0.197858,0.470697,0.264813,0.49632,0.135999,0.543665,0.0886547,0.49632,0.326672,0.605524,0.063032,0.543665,0.374017,0.672479,0.0630318,0.605524,0.39964,0.734338,0.0886547,0.672479,0.39964,0.734338,0.374017,0.781683,0.135999,0.781682,0.326672,0.807305,0.197858,0.807305,0.264814],"max":[0.875495,0.520948],"min":[0.0765454,0.0618482],"stride":2},"cmgoldcoinMesh-mesh-normals":{"data":[0.19509,0.980785,0,0.55557,0.83147,0,0.83147,0.55557,0,0.980785,0.19509,0,0.980785,-0.19509,0,0.83147,-0.55557,0,0.55557,-0.83147,0,0.19509,-0.980785,0,-0.19509,-0.980785,0,-0.55557,-0.83147,0,-0.831469,-0.55557,0,-0.980785,-0.19509,0,-0.980785,0.195091,0,-0.831469,0.55557,0,0,0,1,-0.19509,0.980785,0,-0.55557,0.83147,0,0,0,-1],"max":[0.980785,0.980785,1],"min":[-0.980785,-0.980785,-1],"stride":3},"cmgoldcoinMesh-mesh-positions":{"data":[0,0.4,-0.05,0,0.4,0.05,0.153073,0.369552,0.05,0.153073,0.369552,-0.05,0.282843,0.282843,0.05,0.282843,0.282843,-0.05,0.369552,0.153073,0.05,0.369552,0.153073,-0.05,0.4,0,0.05,0.4,0,-0.05,0.369552,-0.153073,0.05,0.369552,-0.153073,-0.05,0.282843,-0.282843,0.05,0.282843,-0.282843,-0.05,0.153073,-0.369552,0.05,0.153073,-0.369552,-0.05,0,-0.4,0.05,0,-0.4,-0.05,-0.153073,-0.369552,0.05,-0.153073,-0.369552,-0.05,-0.282843,-0.282843,0.05,-0.282843,-0.282843,-0.05,-0.369552,-0.153073,0.05,-0.369552,-0.153073,-0.05,-0.4,0,0.05,-0.4,0,-0.05,-0.369552,0.153073,0.05,-0.369552,0.153073,-0.05,-0.282843,0.282843,0.05,-0.282843,0.282843,-0.05,-0.153073,0.369552,0.05,-0.153073,0.369552,-0.05],"max":[0.4,0.4,0.05],"min":[-0.4,-0.4,-0.05],"stride":3}},"surfaces":{"cmgoldcoinMaterial":{"numPrimitives":60,"triangles":[3,4,1,2,5,1,4,6,1,3,4,1,4,6,1,5,7,1,15,87,17,17,89,17,19,88,17,15,87,17,19,88,17,21,86,17,13,85,17,15,87,17,21,86,17,13,85,17,21,86,17,23,83,17,11,84,17,13,85,17,23,83,17,9,82,17,11,84,17,23,83,17,9,82,17,23,83,17,25,81,17,7,80,17,9,82,17,25,81,17,7,80,17,25,81,17,27,79,17,5,78,17,7,80,17,27,79,17,5,78,17,27,79,17,29,77,17,3,75,17,5,78,17,29,77,17,3,75,17,29,77,17,31,76,17,0,74,17,3,75,17,31,76,17,0,0,0,1,1,0,2,2,0,0,0,0,2,2,0,3,3,0,29,0,16,28,72,16,30,2,16,29,0,16,30,2,16,31,73,16,1,6,15,0,7,15,31,71,15,1,6,15,31,71,15,30,5,15,27,52,13,26,5,13,28,53,13,27,52,13,28,53,13,29,54,13,25,48,12,24,49,12,26,50,12,25,48,12,26,50,12,27,51,12,23,44,11,22,45,11,24,46,11,23,44,11,24,46,11,25,47,11,21,40,10,20,41,10,22,42,10,21,40,10,22,42,10,23,43,10,19,36,9,18,37,9,20,38,9,19,36,9,20,38,9,21,39,9,17,32,8,16,33,8,18,34,8,17,32,8,18,34,8,19,35,8,15,28,7,14,29,7,16,30,7,15,28,7,16,30,7,17,31,7,13,24,6,12,25,6,14,26,6,13,24,6,14,26,6,15,27,6,11,20,5,10,21,5,12,22,5,11,20,5,12,22,5,13,23,5,9,16,4,8,17,4,10,18,4,9,16,4,10,18,4,11,19,4,7,12,3,6,13,3,8,14,3,7,12,3,8,14,3,9,15,3,5,8,2,4,9,2,6,10,2,5,8,2,6,10,2,7,11,2,22,64,14,20,67,14,12,66,14,20,67,14,14,68,14,12,66,14,20,67,14,18,69,14,14,68,14,18,69,14,16,70,14,14,68,14,2,55,14,1,56,14,30,57,14,2,55,14,30,57,14,28,58,14,2,55,14,28,58,14,4,59,14,28,58,14,26,60,14,4,59,14,26,60,14,6,61,14,4,59,14,26,60,14,24,62,14,6,61,14,24,62,14,8,63,14,6,61,14,24,62,14,22,64,14,8,63,14,22,64,14,10,65,14,8,63,14,22,64,14,12,66,14,10,65,14]}}}},"images":{"gold_coin_png":"textures/gold_coin.dds"},"materials":{"cmgoldcoinMaterial":{"effect":"cmgoldcoinMaterial-effect"}},"nodes":{"cmgoldcoin":{"geometryinstances":{"cmgoldcoinMesh":{"geometry":"cmgoldcoinMesh","material":"cmgoldcoinMaterial","surface":"cmgoldcoinMaterial"}},"matrix":[0,-0.980785,-0.19509,0,0.19509,-0.980785,1,0,0,0,0,0]}},"version":1}
