{"effects":{"cmsilvercoinMaterial-effect":{"meta":{"normals":true},"parameters":{"diffuse":"silver_coin_png","index_of_refraction":1,"shininess":20},"type":"phong"}},"geometries":{"cmsilvercoinMesh":{"inputs":{"NORMAL":{"offset":2,"source":"cmsilvercoinMesh-mesh-normals"},"POSITION":{"offset":0,"source":"cmsilvercoinMesh-mesh-positions"},"TEXCOORD0":{"offset":1,"source":"cmsilvercoinMesh-mesh-map-0"}},"meta":{"graphics":true},"sources":{"cmsilvercoinMesh-mesh-map-0":{"data":[0.507201,0.370262,0.507234,0.388359,0.535478,0.388308,0.535445,0.37021,0.507506,0.370262,0.507539,0.388359,0.535542,0.388307,0.535508,0.37021,0.506901,0.370147,0.506935,0.388641,0.535799,0.388588,0.535765,0.370094,0.506928,0.369916,0.506962,0.388872,0.536295,0.388819,0.53626,0.369862,0.507098,0.370333,0.507132,0.388787,0.535934,0.388734,0.5359,0.37028,0.506656,0.370013,0.506691,0.389108,0.536236,0.389054,0.536201,0.369959,0.506824,0.370098,0.506858,0.388691,0.535876,0.388637,0.535842,0.370045,0.506593,0.369914,0.506627,0.388875,0.535967,0.388822,0.535932,0.369861,0.507421,0.370297,0.507454,0.388324,0.53559,0.388272,0.535556,0.370245,0.507022,0.370143,0.507057,0.388977,0.536201,0.388924,0.536166,0.370089,0.507298,0.370294,0.507331,0.388493,0.535734,0.388441,0.535701,0.370242,0.506999,0.370069,0.507033,0.388719,0.535892,0.388666,0.535858,0.370016,0.507388,0.370458,0.507421,0.388329,0.535313,0.388278,0.53528,0.370407,0.507506,0.370262,0.507539,0.388359,0.535542,0.388307,0.535508,0.37021,0.901635,0.564141,0.901635,0.41088,0.842985,0.269286,0.734613,0.160914,0.842985,0.705736,0.593018,0.102263,0.734613,0.814108,0.439757,0.102263,0.593018,0.872758,0.298162,0.160914,0.439757,0.872758,0.298162,0.814108,0.18979,0.269286,0.18979,0.705736,0.13114,0.410881,0.13114,0.564141,0.507506,0.370262,0.507234,0.388359,0.535445,0.37021,0.126259,0.412165,0.126259,0.567946,0.185874,0.268242,0.296028,0.158088,0.185874,0.711869,0.439951,0.0984737,0.296028,0.822023,0.595732,0.0984732,0.439951,0.881638,0.739655,0.158088,0.595732,0.881638,0.739655,0.822023,0.849809,0.268242,0.849809,0.711869,0.909424,0.412165,0.909424,0.567946],"max":[0.909424,0.881638],"min":[0.126259,0.0984732],"stride":2},"cmsilvercoinMesh-mesh-normals":{"data":[0.19509,0.980785,0,0.55557,0.83147,0,0.83147,0.55557,0,0.980785,0.19509,0,0.980785,-0.19509,0,0.83147,-0.55557,0,0.55557,-0.83147,0,0.19509,-0.980785,0,-0.19509,-0.980785,0,-0.55557,-0.83147,0,-0.831469,-0.55557,0,-0.980785,-0.19509,0,-0.980785,0.195091,0,-0.831469,0.55557,0,0,0,1,-0.19509,0.980785,0,-0.55557,0.83147,0,0,0,-1],"max":[0.980785,0.980785,1],"min":[-0.980785,-0.980785,-1],"stride":3},"cmsilvercoinMesh-mesh-positions":{"data":[0,0.4,-0.05,0,0.4,0.05,0.153073,0.369552,0.05,0.153073,0.369552,-0.05,0.282843,0.282843,0.05,0.282843,0.282843,-0.05,0.369552,0.153073,0.05,0.369552,0.153073,-0.05,0.4,0,0.05,0.4,0,-0.05,0.369552,-0.153073,0.05,0.369552,-0.153073,-0.05,0.282843,-0.282843,0.05,0.282843,-0.282843,-0.05,0.153073,-0.369552,0.05,0.153073,-0.369552,-0.05,0,-0.4,0.05,0,-0.4,-0.05,-0.153073,-0.369552,0.05,-0.153073,-0.369552,-0.05,-0.282843,-0.282843,0.05,-0.282843,-0.282843,-0.05,-0.369552,-0.153073,0.05,-0.369552,-0.153073,-0.05,-0.4,0,0.05,-0.4,0,-0.05,-0.369552,0.153073,0.05,-0.369552,0.153073,-0.05,-0.282843,0.282843,0.05,-0.282843,0.282843,-0.05,-0.153073,0.369552,0.05,-0.153073,0.369552,-0.05],"max":[0.4,0.4,0.05],"min":[-0.4,-0.4,-0.05],"stride":3}},"surfaces":{"cmsilvercoinMaterial":{"numPrimitives":60,"triangles":[3,4,1,2,5,1,4,6,1,3,4,1,4,6,1,5,7,1,15,88,17,17,90,17,19,89,17,15,88,17,19,89,17,21,87,17,13,86,17,15,88,17,21,87,17,13,86,17,21,87,17,23,84,17,11,85,17,13,86,17,23,84,17,9,83,17,11,85,17,23,84,17,9,83,17,23,84,17,25,82,17,7,81,17,9,83,17,25,82,17,7,81,17,25,82,17,27,80,17,5,79,17,7,81,17,27,80,17,5,79,17,27,80,17,29,78,17,3,76,17,5,79,17,29,78,17,3,76,17,29,78,17,31,77,17,0,75,17,3,76,17,31,77,17,0,0,0,1,1,0,2,2,0,0,0,0,2,2,0,3,3,0,29,0,16,28,73,16,30,2,16,29,0,16,30,2,16,31,74,16,1,6,15,0,7,15,31,72,15,1,6,15,31,72,15,30,5,15,27,52,13,26,53,13,28,54,13,27,52,13,28,54,13,29,55,13,25,48,12,24,49,12,26,50,12,25,48,12,26,50,12,27,51,12,23,44,11,22,45,11,24,46,11,23,44,11,24,46,11,25,47,11,21,40,10,20,41,10,22,42,10,21,40,10,22,42,10,23,43,10,19,36,9,18,37,9,20,38,9,19,36,9,20,38,9,21,39,9,17,32,8,16,33,8,18,34,8,17,32,8,18,34,8,19,35,8,15,28,7,14,29,7,16,30,7,15,28,7,16,30,7,17,31,7,13,24,6,12,25,6,14,26,6,13,24,6,14,26,6,15,27,6,11,20,5,10,21,5,12,22,5,11,20,5,12,22,5,13,23,5,9,16,4,8,17,4,10,18,4,9,16,4,10,18,4,11,19,4,7,12,3,6,13,3,8,14,3,7,12,3,8,14,3,9,15,3,5,8,2,4,9,2,6,10,2,5,8,2,6,10,2,7,11,2,22,65,14,20,68,14,12,67,14,20,68,14,14,69,14,12,67,14,20,68,14,18,70,14,14,69,14,18,70,14,16,71,14,14,69,14,2,56,14,1,57,14,30,58,14,2,56,14,30,58,14,28,59,14,2,56,14,28,59,14,4,60,14,28,59,14,26,61,14,4,60,14,26,61,14,6,62,14,4,60,14,26,61,14,24,63,14,6,62,14,24,63,14,8,64,14,6,62,14,24,63,14,22,65,14,8,64,14,22,65,14,10,66,14,8,64,14,22,65,14,12,67,14,10,66,14]}}}},"images":{"silver_coin_png":"textures/silver_coin.dds"},"materials":{"cmsilvercoinMaterial":{"effect":"cmsilvercoinMaterial-effect"}},"nodes":{"cmsilvercoin":{"geometryinstances":{"cmsilvercoinMesh":{"geometry":"cmsilvercoinMesh","material":"cmsilvercoinMaterial","surface":"cmsilvercoinMaterial"}},"matrix":[0,-0.980785,-0.19509,0,0.19509,-0.980785,1,0,0,0,0,0]}},"version":1}
