{"effects":{"ColumnStandardBottomRuinedMaterial-effect":{"meta":{"normals":true},"parameters":{"diffuse":"terrain_png_001","index_of_refraction":1,"shininess":50},"type":"phong"},"ColumnStandardBottomRuinedRoundBaseMaterial-effect":{"meta":{"normals":true},"parameters":{"diffuse":"terrain_png_001","index_of_refraction":1,"shininess":50},"type":"phong"},"ColumnStandardBottomRuinedSquareBaseMaterial-effect":{"meta":{"normals":true},"parameters":{"diffuse":"terrain_png","index_of_refraction":1,"shininess":50},"type":"phong"}},"geometries":{"ColumnStandardBottomRuinedMesh":{"inputs":{"COLOR":{"offset":0,"source":"ColumnStandardBottomRuinedMesh-mesh-colors"},"NORMAL":{"offset":3,"source":"ColumnStandardBottomRuinedMesh-mesh-normals"},"POSITION":{"offset":1,"source":"ColumnStandardBottomRuinedMesh-mesh-positions"},"TEXCOORD0":{"offset":2,"source":"ColumnStandardBottomRuinedMesh-mesh-map-0"}},"meta":{"graphics":true},"sources":{"ColumnStandardBottomRuinedMesh-mesh-colors":{"data":[1,1,1],"max":[1,1,1],"min":[1,1,1],"stride":3},"ColumnStandardBottomRuinedMesh-mesh-map-0":{"data":[0.387414,0.917289,0.425174,0.917289,0.425174,0.887077,0.387414,0.887077,0.387414,0.887077,0.425174,0.887077,0.402863,0.842728,0.408698,0.828642,0.397028,0.828642,0.050681,0.709963,0.0391568,0.698439,0.050681,0.726261,0.0228592,0.698439,0.0391568,0.737785,0.0228592,0.737785,0.0113349,0.709963,0.0113349,0.726261,0.388777,0.836894,0.388777,0.848563,0.397028,0.856815,0.408698,0.856815,0.41695,0.848563,0.41695,0.836894],"max":[0.425174,0.917289],"min":[0.0113349,0.698439],"stride":2},"ColumnStandardBottomRuinedMesh-mesh-normals":{"data":[0,1,0,-0.037904,0.999268,0,0.720847,0.693075,0,0.707083,0.707083,0,0.999939,0.00781274,0,1,0,0,0.730735,-0.682638,0,0.707083,-0.707083,0,-0.0632038,-0.997986,0,0,-1,0,-0.761834,-0.647755,0,-0.707083,-0.707083,0,-0.99942,-0.033845,0,-1,0,0,0.154271,0.00653094,0.988006,0.264321,0.385693,0.883938,0.146824,0.367351,0.918393,-0.707083,0.707083,0,-0.744316,0.667806,0,0,0,-1,-0.0385448,0.357341,0.933164,-0.0594195,0.122593,0.990661,0.123081,-0.284432,0.950743,0.266549,-0.431013,0.862056,0.239052,-0.444563,0.863216,0.251534,-0.0253304,0.967498],"max":[1,1,0.990661],"min":[-1,-1,-1],"stride":3},"ColumnStandardBottomRuinedMesh-mesh-positions":{"data":[0,0.5,-0.5,0,0.5,0.3,0.353553,0.353553,0.24,0.353553,0.353553,-0.5,0.5,0,0.37,0.5,0,-0.5,0.353553,-0.353553,0.22,0.353553,-0.353553,-0.5,0,-0.5,0.25,0,-0.5,-0.5,-0.353553,-0.353553,0.44,-0.353553,-0.353553,-0.5,-0.5,0,0.47,-0.5,0,-0.5,0,0,0.5,0,0.5,0.3,-0.353553,0.353553,-0.5,-0.353553,0.353553,0.35],"max":[0.5,0.5,0.5],"min":[-0.5,-0.5,-0.5],"stride":3}},"surfaces":{"ColumnStandardBottomRuinedMaterial":{"numPrimitives":30,"triangles":[0,0,0,0,0,1,1,1,0,2,2,2,0,0,0,0,0,2,2,2,0,3,3,3,0,14,6,14,0,15,8,16,0,17,17,20,0,14,6,14,0,17,17,20,0,12,18,21,0,14,6,14,0,12,18,21,0,10,19,22,0,14,6,14,0,10,19,22,0,8,20,23,0,14,6,14,0,8,20,23,0,6,21,24,0,14,6,14,0,6,21,24,0,4,22,25,0,14,6,14,0,4,22,25,0,2,7,15,0,14,6,14,0,2,7,15,0,15,8,16,0,7,15,19,0,9,16,19,0,11,14,19,0,5,12,19,0,7,15,19,0,11,14,19,0,5,12,19,0,11,14,19,0,13,13,19,0,5,12,19,0,13,13,19,0,16,11,19,0,3,10,19,0,5,12,19,0,16,11,19,0,0,9,19,0,3,10,19,0,16,11,19,0,13,0,13,0,12,1,12,0,17,2,18,0,13,0,13,0,17,2,18,0,16,3,17,0,1,2,1,0,0,3,0,0,16,0,17,0,1,2,1,0,16,0,17,0,17,1,18,0,11,1,11,0,10,0,10,0,12,4,12,0,11,1,11,0,12,4,12,0,13,5,13,0,9,1,9,0,8,0,8,0,10,4,10,0,9,1,9,0,10,4,10,0,11,5,11,0,7,1,7,0,6,0,6,0,8,4,8,0,7,1,7,0,8,4,8,0,9,5,9,0,5,1,5,0,4,0,4,0,6,4,6,0,5,1,5,0,6,4,6,0,7,5,7,0,3,0,3,0,2,1,2,0,4,2,4,0,3,0,3,0,4,2,4,0,5,3,5]}}},"ColumnStandardBottomRuinedRoundBaseMesh":{"inputs":{"NORMAL":{"offset":2,"source":"ColumnStandardBottomRuinedRoundBaseMesh-mesh-normals"},"POSITION":{"offset":0,"source":"ColumnStandardBottomRuinedRoundBaseMesh-mesh-positions"},"TEXCOORD0":{"offset":1,"source":"ColumnStandardBottomRuinedRoundBaseMesh-mesh-map-0"}},"meta":{"graphics":true},"sources":{"ColumnStandardBottomRuinedRoundBaseMesh-mesh-map-0":{"data":[0.0320911,0.715493,0.0249332,0.715493,0.0249332,0.722651,0.0320911,0.722651,0.0437607,0.719354,0.0391422,0.71934,0.0391249,0.724964,0.0437434,0.724978,0.0391005,0.732918,0.0437191,0.732932,0.0390832,0.738541,0.0437018,0.738556,0.0437261,0.711387,0.0391076,0.711373,0.0390832,0.719326,0.0437018,0.71934,0.0484381,0.719354,0.0438196,0.71934,0.0438024,0.724964,0.0484209,0.724978,0.0334592,0.719354,0.0390832,0.71373,0.0390832,0.705777,0.0255058,0.719354,0.0334592,0.700153,0.0255058,0.700153,0.0198818,0.71373,0.0198818,0.705777,0.0437607,0.738541,0.0483792,0.738556,0.0483965,0.732932,0.0437779,0.732918,0.0255058,0.719354,0.0198818,0.724978,0.0334593,0.719354,0.0198818,0.732932,0.0390832,0.724978,0.0390832,0.732932,0.0255057,0.738556,0.0334592,0.738556],"max":[0.0484381,0.738556],"min":[0.0198818,0.700153],"stride":2},"ColumnStandardBottomRuinedRoundBaseMesh-mesh-normals":{"data":[0,1,0,0.707083,0.707083,0,1,0,0,0.707083,-0.707083,0,0,-1,0,-0.707083,-0.707083,0,-1,0,0,0,0,1,-0.707083,0.707083,0,0,0,-1],"max":[1,1,1],"min":[-1,-1,-1],"stride":3},"ColumnStandardBottomRuinedRoundBaseMesh-mesh-positions":{"data":[0,0.45,-0.1,0,0.45,0.1,0.318198,0.318198,0.1,0.318198,0.318198,-0.1,0.45,0,0.1,0.45,0,-0.1,0.318198,-0.318198,0.1,0.318198,-0.318198,-0.1,0,-0.45,0.1,0,-0.45,-0.1,-0.318198,-0.318198,0.1,-0.318198,-0.318198,-0.1,-0.45,0,0.1,-0.45,0,-0.1,-0.318198,0.318198,0.1,-0.318198,0.318198,-0.1],"max":[0.45,0.45,0.1],"min":[-0.45,-0.45,-0.1],"stride":3}},"surfaces":{"ColumnStandardBottomRuinedRoundBaseMaterial":{"numPrimitives":28,"triangles":[0,0,0,1,1,0,2,2,1,0,0,0,2,2,1,3,3,1,0,32,9,3,33,9,15,34,9,3,33,9,5,35,9,15,34,9,5,35,9,13,36,9,15,34,9,5,35,9,11,37,9,13,36,9,5,35,9,7,38,9,11,37,9,7,38,9,9,39,9,11,37,9,9,12,4,8,13,4,10,14,5,9,12,4,10,14,5,11,15,5,1,28,0,0,29,0,15,30,8,1,28,0,15,30,8,14,31,8,13,19,6,14,31,8,15,30,8,13,19,6,12,18,6,14,31,8,11,16,5,12,18,6,13,19,6,11,16,5,10,17,5,12,18,6,2,20,7,1,21,7,14,22,7,2,20,7,14,22,7,4,23,7,14,22,7,12,24,7,4,23,7,12,24,7,10,25,7,4,23,7,10,25,7,6,26,7,4,23,7,10,25,7,8,27,7,6,26,7,3,4,1,2,5,1,4,6,2,3,4,1,4,6,2,5,7,2,5,7,2,4,6,2,6,8,3,5,7,2,6,8,3,7,9,3,7,9,3,6,8,3,8,10,4,7,9,3,8,10,4,9,11,4]}}},"ColumnStandardBottomRuinedSquareBaseMesh":{"inputs":{"NORMAL":{"offset":0,"source":"ColumnStandardBottomRuinedSquareBaseMesh-mesh-normals"},"POSITION":{"offset":0,"source":"ColumnStandardBottomRuinedSquareBaseMesh-mesh-positions"},"TEXCOORD0":{"offset":1,"source":"ColumnStandardBottomRuinedSquareBaseMesh-mesh-map-0"}},"meta":{"graphics":true},