{"effects":{"ColumnStandardMaterial-effect":{"meta":{"normals":true},"parameters":{"diffuse":"terrain_png","index_of_refraction":1},"type":"lambert"}},"geometries":{"ColumnStandardMesh":{"inputs":{"COLOR":{"offset":0,"source":"ColumnStandardMesh-mesh-colors"},"NORMAL":{"offset":3,"source":"ColumnStandardMesh-mesh-normals"},"POSITION":{"offset":1,"source":"ColumnStandardMesh-mesh-positions"},"TEXCOORD0":{"offset":2,"source":"ColumnStandardMesh-mesh-map-0"}},"meta":{"graphics":true},"sources":{"ColumnStandardMesh-mesh-colors":{"data":[1,1,1],"max":[1,1,1],"min":[1,1,1],"stride":3},"ColumnStandardMesh-mesh-map-0":{"data":[0.387414,0.917289,0.425174,0.917289,0.425174,0.887077,0.387414,0.887077,0.387414,0.887077,0.425174,0.887077,0.0429709,0.689231,0.059889,0.706149,0.059889,0.730075,0.0190451,0.689231,0.0429708,0.746993,0.0190451,0.746993,0.00212699,0.706149,0.00212699,0.730075],"max":[0.425174,0.917289],"min":[0.00212699,0.689231],"stride":2},"ColumnStandardMesh-mesh-normals":{"data":[0,1,0,0.707083,0.707083,0,1,0,0,0.707083,-0.707083,0,0,-1,0,-0.707083,-0.707083,0,-1,0,0,0,0,1,-0.707083,0.707083,0,0,0,-1],"max":[1,1,1],"min":[-1,-1,-1],"stride":3},"ColumnStandardMesh-mesh-positions":{"data":[0,0.5,-0.5,0,0.5,0.5,0.353553,0.353553,0.5,0.353553,0.353553,-0.5,0.5,0,0.5,0.5,0,-0.5,0.353553,-0.353553,0.5,0.353553,-0.353553,-0.5,0,-0.5,0.5,0,-0.5,-0.5,-0.353553,-0.353553,0.5,-0.353553,-0.353553,-0.5,-0.5,0,0.5,-0.5,0,-0.5,-0.353553,0.353553,0.5,-0.353553,0.353553,-0.5],"max":[0.5,0.5,0.5],"min":[-0.5,-0.5,-0.5],"stride":3}},"surfaces":{"ColumnStandardMaterial":{"numPrimitives":28,"triangles":[0,0,0,0,0,1,1,0,0,2,2,1,0,0,0,0,0,2,2,1,0,3,3,1,0,0,7,9,0,3,6,9,0,15,8,9,0,3,6,9,0,5,9,9,0,15,8,9,0,5,9,9,0,13,10,9,0,15,8,9,0,5,9,9,0,11,11,9,0,13,10,9,0,5,9,9,0,7,12,9,0,11,11,9,0,7,12,9,0,9,13,9,0,11,11,9,0,13,0,6,0,12,1,6,0,14,2,8,0,13,0,6,0,14,2,8,0,15,3,8,0,1,2,0,0,0,3,0,0,15,0,8,0,1,2,0,0,15,0,8,0,14,1,8,0,11,1,5,0,10,0,5,0,12,4,6,0,11,1,5,0,12,4,6,0,13,5,6,0,9,1,4,0,8,0,4,0,10,4,5,0,9,1,4,0,10,4,5,0,11,5,5,0,7,1,3,0,6,0,3,0,8,4,4,0,7,1,3,0,8,4,4,0,9,5,4,0,5,1,2,0,4,0,2,0,6,4,3,0,5,1,2,0,6,4,3,0,7,5,3,0,3,0,1,0,2,1,1,0,4,2,2,0,3,0,1,0,4,2,2,0,5,3,2,0,2,6,7,0,1,7,7,0,14,8,7,0,2,6,7,0,14,8,7,0,4,9,7,0,14,8,7,0,12,10,7,0,4,9,7,0,12,10,7,0,10,11,7,0,4,9,7,0,10,11,7,0,6,12,7,0,4,9,7,0,10,11,7,0,8,13,7,0,6,12,7]}}}},"images":{"terrain_png":"textures/terrain.dds"},"materials":{"ColumnStandardMaterial":{"effect":"ColumnStandardMaterial-effect"}},"nodes":{"ColumnStandard":{"geometryinstances":{"ColumnStandardMesh":{"geometry":"ColumnStandardMesh","material":"ColumnStandardMaterial","surface":"ColumnStandardMaterial"}},"matrix":[0.306146,0,-0.739104,-0.739104,0,-0.306146,0,1,0,0,0,0]}},"version":1}
