{"effects":{"ColumnStandardRuinedMaterial-effect":{"meta":{"normals":true},"parameters":{"diffuse":"terrain_png","index_of_refraction":1},"type":"lambert"}},"geometries":{"ColumnStandardRuinedMesh":{"inputs":{"COLOR":{"offset":0,"source":"ColumnStandardRuinedMesh-mesh-colors"},"NORMAL":{"offset":3,"source":"ColumnStandardRuinedMesh-mesh-normals"},"POSITION":{"offset":1,"source":"ColumnStandardRuinedMesh-mesh-positions"},"TEXCOORD0":{"offset":2,"source":"ColumnStandardRuinedMesh-mesh-map-0"}},"meta":{"graphics":true},"sources":{"ColumnStandardRuinedMesh-mesh-colors":{"data":[1,1,1],"max":[1,1,1],"min":[1,1,1],"stride":3},"ColumnStandardRuinedMesh-mesh-map-0":{"data":[0.387414,0.917289,0.425174,0.917289,0.425174,0.887077,0.387414,0.887077,0.387414,0.887077,0.425174,0.887077,0.40625,0.84395,0.426836,0.835423,0.414777,0.823364,0.059889,0.706149,0.0429709,0.689231,0.059889,0.730075,0.0190451,0.689231,0.0429708,0.746993,0.0190451,0.746993,0.00212699,0.706149,0.00212699,0.730075,0.397723,0.823364,0.385664,0.835423,0.385664,0.852477,0.397723,0.864536,0.414777,0.864536,0.426836,0.852477],"max":[0.426836,0.917289],"min":[0.00212699,0.689231],"stride":2},"ColumnStandardRuinedMesh-mesh-normals":{"data":[0,1,0,0.0540788,0.998535,0,0.696066,0.717948,0,0.707083,0.707083,0,0.999817,0.0185247,0,1,0,0,0.729667,-0.683767,0,0.707083,-0.707083,0,-0.0244148,-0.999695,0,0,-1,0,-0.696005,-0.717978,0,-0.707083,-0.707083,0,-0.998627,-0.0519425,0,-1,0,0,-0.0909451,-0.0305795,0.995361,0.102237,0.174718,0.979278,0.110233,0,0.993896,-0.707083,0.707083,0,-0.67156,0.740928,0,0,0,-1,-0.126499,-0.0705283,0.989441,-0.195654,-0.0682089,0.978271,-0.0488907,-0.146702,0.987945,-0.166997,-0.283303,0.944365,-0.263527,-0.0730918,0.961852,-0.0776085,0.229377,0.970214],"max":[1,1,0.995361],"min":[-1,-1,-1],"stride":3},"ColumnStandardRuinedMesh-mesh-positions":{"data":[0,0.5,-0.5,0,0.5,0.45,0.353553,0.353553,0.37,0.353553,0.353553,-0.5,0.5,0,0.4,0.5,0,-0.5,0.353553,-0.353553,0.32,0.353553,-0.353553,-0.5,0,-0.5,0.3,0,-0.5,-0.5,-0.353553,-0.353553,0.4,-0.353553,-0.353553,-0.5,-0.5,0,0.26,-0.5,0,-0.5,0,0,0.3,-0.353553,0.353553,-0.5,-0.353553,0.353553,0.23],"max":[0.5,0.5,0.45],"min":[-0.5,-0.5,-0.5],"stride":3}},"surfaces":{"ColumnStandardRuinedMaterial":{"numPrimitives":30,"triangles":[0,0,0,0,0,1,1,1,0,2,2,2,0,0,0,0,0,2,2,2,0,3,3,3,0,14,6,14,0,8,8,16,0,6,17,20,0,14,6,14,0,6,17,20,0,4,18,21,0,14,6,14,0,4,18,21,0,2,19,22,0,14,6,14,0,2,19,22,0,1,20,23,0,14,6,14,0,1,20,23,0,16,21,24,0,14,6,14,0,16,21,24,0,12,22,25,0,14,6,14,0,12,22,25,0,10,7,15,0,14,6,14,0,10,7,15,0,8,8,16,0,7,15,19,0,9,16,19,0,11,14,19,0,5,12,19,0,7,15,19,0,11,14,19,0,5,12,19,0,11,14,19,0,13,13,19,0,5,12,19,0,13,13,19,0,15,11,19,0,3,10,19,0,5,12,19,0,15,11,19,0,0,9,19,0,3,10,19,0,15,11,19,0,13,0,13,0,12,1,12,0,16,2,18,0,13,0,13,0,16,2,18,0,15,3,17,0,1,2,1,0,0,3,0,0,15,0,17,0,1,2,1,0,15,0,17,0,16,1,18,0,11,1,11,0,10,0,10,0,12,4,12,0,11,1,11,0,12,4,12,0,13,5,13,0,9,1,9,0,8,0,8,0,10,4,10,0,9,1,9,0,10,4,10,0,11,5,11,0,7,1,7,0,6,0,6,0,8,4,8,0,7,1,7,0,8,4,8,0,9,5,9,0,5,1,5,0,4,0,4,0,6,4,6,0,5,1,5,0,6,4,6,0,7,5,7,0,3,0,3,0,2,1,2,0,4,2,4,0,3,0,3,0,4,2,4,0,5,3,5]}}}},"images":{"terrain_png":"textures/terrain.dds"},"materials":{"ColumnStandardRuinedMaterial":{"effect":"ColumnStandardRuinedMaterial-effect"}},"nodes":{"ColumnStandardRuined":{"geometryinstances":{"ColumnStandardRuinedMesh":{"geometry":"ColumnStandardRuinedMesh","material":"ColumnStandardRuinedMaterial","surface":"ColumnStandardRuinedMaterial"}},"matrix":[0.306146,0,-0.739104,-0.739104,0,-0.306146,0,1,0,0,0,0]}},"version":1}
