{"effects":{"ColumnStandardBottomMaterial-effect":{"meta":{"normals":true},"parameters":{"diffuse":"terrain_png","index_of_refraction":1},"type":"lambert"},"ColumnStandardBottomRoundBaseMaterial-effect":{"meta":{"normals":true},"parameters":{"diffuse":"terrain_png","index_of_refraction":1},"type":"lambert"},"ColumnStandardBottomSquareBaseMaterial-effect":{"meta":{"normals":true},"parameters":{"diffuse":"terrain_png","index_of_refraction":1},"type":"lambert"}},"geometries":{"ColumnStandardBottomMesh":{"inputs":{"COLOR":{"offset":0,"source":"ColumnStandardBottomMesh-mesh-colors"},"NORMAL":{"offset":3,"source":"ColumnStandardBottomMesh-mesh-normals"},"POSITION":{"offset":1,"source":"ColumnStandardBottomMesh-mesh-positions"},"TEXCOORD0":{"offset":2,"source":"ColumnStandardBottomMesh-mesh-map-0"}},"meta":{"graphics":true},"sources":{"ColumnStandardBottomMesh-mesh-colors":{"data":[1,1,1],"max":[1,1,1],"min":[1,1,1],"stride":3},"ColumnStandardBottomMesh-mesh-map-0":{"data":[0.387414,0.917289,0.425174,0.917289,0.425174,0.887077,0.387414,0.887077,0.387414,0.887077,0.425174,0.887077,0.0381595,0.700847,0.0482733,0.71096,0.0482733,0.725264,0.0238565,0.700847,0.0381595,0.735377,0.0238565,0.735377,0.0137426,0.71096,0.0137426,0.725264,0.050681,0.709963,0.0391568,0.698439,0.050681,0.726261,0.0228592,0.698439,0.0391568,0.737785,0.0228592,0.737785,0.0113349,0.709963,0.0113349,0.726261],"max":[0.425174,0.917289],"min":[0.0113349,0.698439],"stride":2},"ColumnStandardBottomMesh-mesh-normals":{"data":[0,1,0,0.707083,0.707083,0,1,0,0,0.707083,-0.707083,0,0,-1,0,-0.707083,-0.707083,0,-1,0,0,0,0,1,-0.707083,0.707083,0,0,0,-1],"max":[1,1,1],"min":[-1,-1,-1],"stride":3},"ColumnStandardBottomMesh-mesh-positions":{"data":[0,0.5,-0.5,0,0.5,0.5,0.353553,0.353553,0.5,0.353553,0.353553,-0.5,0.5,0,0.5,0.5,0,-0.5,0.353553,-0.353553,0.5,0.353553,-0.353553,-0.5,0,-0.5,0.5,0,-0.5,-0.5,-0.353553,-0.353553,0.5,-0.353553,-0.353553,-0.5,-0.5,0,0.5,-0.5,0,-0.5,-0.353553,0.353553,0.5,-0.353553,0.353553,-0.5],"max":[0.5,0.5,0.5],"min":[-0.5,-0.5,-0.5],"stride":3}},"surfaces":{"ColumnStandardBottomMaterial":{"numPrimitives":28,"triangles":[0,0,0,0,0,1,1,0,0,2,2,1,0,0,0,0,0,2,2,1,0,3,3,1,0,0,14,9,0,3,15,9,0,15,16,9,0,3,15,9,0,5,17,9,0,15,16,9,0,5,17,9,0,13,18,9,0,15,16,9,0,5,17,9,0,11,19,9,0,13,18,9,0,5,17,9,0,7,20,9,0,11,19,9,0,7,20,9,0,9,21,9,0,11,19,9,0,13,0,6,0,12,1,6,0,14,2,8,0,13,0,6,0,14,2,8,0,15,3,8,0,1,2,0,0,0,3,0,0,15,0,8,0,1,2,0,0,15,0,8,0,14,1,8,0,11,1,5,0,10,0,5,0,12,4,6,0,11,1,5,0,12,4,6,0,13,5,6,0,9,1,4,0,8,0,4,0,10,4,5,0,9,1,4,0,10,4,5,0,11,5,5,0,7,1,3,0,6,0,3,0,8,4,4,0,7,1,3,0,8,4,4,0,9,5,4,0,5,1,2,0,4,0,2,0,6,4,3,0,5,1,2,0,6,4,3,0,7,5,3,0,3,0,1,0,2,1,1,0,4,2,2,0,3,0,1,0,4,2,2,0,5,3,2,0,2,6,7,0,1,7,7,0,14,8,7,0,2,6,7,0,14,8,7,0,4,9,7,0,14,8,7,0,12,10,7,0,4,9,7,0,12,10,7,0,10,11,7,0,4,9,7,0,10,11,7,0,6,12,7,0,4,9,7,0,10,11,7,0,8,13,7,0,6,12,7]}}},"ColumnStandardBottomRoundBaseMesh":{"inputs":{"NORMAL":{"offset":2,"source":"ColumnStandardBottomRoundBaseMesh-mesh-normals"},"POSITION":{"offset":0,"source":"ColumnStandardBottomRoundBaseMesh-mesh-positions"},"TEXCOORD0":{"offset":1,"source":"ColumnStandardBottomRoundBaseMesh-mesh-map-0"}},"meta":{"graphics":true},"sources":{"ColumnStandardBottomRoundBaseMesh-mesh-map-0":{"data":[0.0320911,0.715493,0.0249332,0.715493,0.0249332,0.722651,0.0320911,0.722651,0.0437607,0.719354,0.0391422,0.71934,0.0391249,0.724964,0.0437434,0.724978,0.0391005,0.732918,0.0437191,0.732932,0.0390832,0.738541,0.0437018,0.738556,0.0437261,0.711387,0.0391076,0.711373,0.0390832,0.719326,0.0437018,0.71934,0.0484381,0.719354,0.0438196,0.71934,0.0438024,0.724964,0.0484209,0.724978,0.0334592,0.719354,0.0390832,0.71373,0.0390832,0.705777,0.0255058,0.719354,0.0334592,0.700153,0.0255058,0.700153,0.0198818,0.71373,0.0198818,0.705777,0.0437607,0.738541,0.0483792,0.738556,0.0483965,0.732932,0.0437779,0.732918,0.0255058,0.719354,0.0198818,0.724978,0.0334593,0.719354,0.0198818,0.732932,0.0390832,0.724978,0.0390832,0.732932,0.0255057,0.738556,0.0334592,0.738556],"max":[0.0484381,0.738556],"min":[0.0198818,0.700153],"stride":2},"ColumnStandardBottomRoundBaseMesh-mesh-normals":{"data":[0,1,0,0.707083,0.707083,0,1,0,0,0.707083,-0.707083,0,0,-1,0,-0.707083,-0.707083,0,-1,0,0,0,0,1,-0.707083,0.707083,0,0,0,-1],"max":[1,1,1],"min":[-1,-1,-1],"stride":3},"ColumnStandardBottomRoundBaseMesh-mesh-positions":{"data":[0,0.45,-0.1,0,0.45,0.1,0.318198,0.318198,0.1,0.318198,0.318198,-0.1,0.45,0,0.1,0.45,0,-0.1,0.318198,-0.318198,0.1,0.318198,-0.318198,-0.1,0,-0.45,0.1,0,-0.45,-0.1,-0.318198,-0.318198,0.1,-0.318198,-0.318198,-0.1,-0.45,0,0.1,-0.45,0,-0.1,-0.318198,0.318198,0.1,-0.318198,0.318198,-0.1],"max":[0.45,0.45,0.1],"min":[-0.45,-0.45,-0.1],"stride":3}},"surfaces":{"ColumnStandardBottomRoundBaseMaterial":{"numPrimitives":28,"triangles":[0,0,0,1,1,0,2,2,1,0,0,0,2,2,1,3,3,1,0,32,9,3,33,9,15,34,9,3,33,9,5,35,9,15,34,9,5,35,9,13,36,9,15,34,9,5,35,9,11,37,9,13,36,9,5,35,9,7,38,9,11,37,9,7,38,9,9,39,9,11,37,9,9,12,4,8,13,4,10,14,5,9,12,4,10,14,5,11,15,5,1,28,0,0,29,0,15,30,8,1,28,0,15,30,8,14,31,8,13,19,6,14,31,8,15,30,8,13,19,6,12,18,6,14,31,8,11,16,5,12,18,6,13,19,6,11,16,5,10,17,5,12,18,6,2,20,7,1,21,7,14,22,7,2,20,7,14,22,7,4,23,7,14,22,7,12,24,7,4,23,7,12,24,7,10,25,7,4,23,7,10,25,7,6,26,7,4,23,7,10,25,7,8,27,7,6,26,7,3,4,1,2,5,1,4,6,2,3,4,1,4,6,2,5,7,2,5,7,2,4,6,2,6,8,3,5,7,2,6,8,3,7,9,3,7,9,3,6,8,3,8,10,4,7,9,3,8,10,4,9,11,4]}}},"ColumnStandardBottomSquareBaseMesh":{"inputs":{"NORMAL":{"offset":0,"source":"ColumnStandardBottomSquareBaseMesh-mesh-normals"},"POSITION":{"offset":0,"source":"ColumnStandardBottomSquareBaseMesh-mesh-positions"},"TEXCOORD0":{"offset":1,"source":"ColumnStandardBottomSquareBaseMesh-mesh-map-0"}},"meta":{"graphics":true},"sources":{"ColumnStandardBottomSquareBaseMesh-mesh-map-0":{"data":[0.390788,0.82876,0.390788,0.863438,0.425467,0.863438,0.425467,0.82876,0.425488,0.828782,0.39081,0.828782,0.39081,0.863461,0.425488,0.863461,0.425387,0.863515,0.425387,0.828836,0.390708,0.828836,0.390708,0.863515,0.425454,0.863464,0.425454,0.828785,0.390775,0.828785,0.390775,0.863464,0.425568,0.863464,0.425568,0.828786,0.39089,0.828786,0.39089,0.863464,0.390724,0.828768,0.390724,0.863447,0.425403,0.863447,0.425403,0.828768,0.427736,0.863464,0.427736,0.828786,0.427635,0.82876,0.426551,0.827676,0.425467,0.826592,0.390788,0.826592,0.389705,0.827676,0.388621,0.82876,0.426471,0.865683,0.427554,0.863515,0.425387,0.865683,0.390788,0.865606,0.388621,0.863438,0.389705,0.864522,0.388642,0.828782,0.39081,0.826614,0.389726,0.827698,0.390775,0.865632,0.425454,0.865632,0.425403,0.8266,0.390724,0.8266,0.390724,0.865614,0.425403,0.865614,0.389624,0.826669,0.388541,0.828836,0.390708,0.826669,0.388642,0.863461,0.427621,0.863464,0.427621,0.828785,0.425387,0.826669,0.388722,0.828786,0.388722,0.863464,0.389726,0.864544,0.39081,0.865628,0.425488,0.826614,0.427656,0.828782,0.426572,0.827698,0.427554,0.828836,0.425454,0.826618,0.390775,0.826618,0.390708,0.865683,0.42757,0.828768,0.426487,0.8266,0.425488,0.865628,0.426572,0.864544,0.427656,0.863461,0.425568,0.826618,0.39089,0.826618,0.388607,0.828785,0.389691,0.826618,0.426471,0.826669,0.426537,0.865632,0.425568,0.865632,0.426652,0.865632,0.425467,0.865606,0.426551,0.864522,0.427635,0.863438,0.42757,0.863447,0.426487,0.865614,0.39089,0.865632,0.388607,0.863464,0.426652,0.826618,0.389691,0.865632,0.389806,0.826618,0.389806,0.865632,0.388557,0.863447,0.38964,0.865614,0.388557,0.828768,0.38964,0.8266,0.426537,0.826618,0.388541,0.863515,0.389624,0.865683],"max":[0.427736,0.865683],"min":[0.388541,0.826592],"stride":2},