{"effects":{"CubeWaterMaterial-effect":{"meta":{"normals":true},"parameters":{"diffuse":"terrain_png","index_of_refraction":1,"shininess":50},"type":"phong"}},"geometries":{"CubeWaterMesh":{"inputs":{"NORMAL":{"offset":2,"source":"CubeWaterMesh-mesh-normals"},"POSITION":{"offset":0,"source":"CubeWaterMesh-mesh-positions"},"TEXCOORD0":{"offset":1,"source":"CubeWaterMesh-mesh-map-0"}},"meta":{"graphics":true},"sources":{"CubeWaterMesh-mesh-map-0":{"data":[0.913027,0.785217,0.913027,0.838613,0.966424,0.838613,0.966424,0.785217,0.966456,0.785251,0.91306,0.785251,0.91306,0.838647,0.966456,0.838647,0.9663,0.838731,0.9663,0.785335,0.912904,0.785335,0.912904,0.838731,0.966403,0.838653,0.966403,0.785257,0.913006,0.785257,0.913006,0.838653,0.966579,0.838653,0.966579,0.785257,0.913183,0.785257,0.913183,0.838653,0.912928,0.785229,0.912928,0.838626,0.966324,0.838626,0.966324,0.785229,0.969916,0.838653,0.969916,0.785257,0.969761,0.785217,0.968092,0.783548,0.966424,0.78188,0.913027,0.78188,0.911359,0.783548,0.90969,0.785217,0.967969,0.842069,0.969637,0.838731,0.9663,0.842069,0.913027,0.841951,0.90969,0.838613,0.911359,0.840282,0.909723,0.785251,0.91306,0.781914,0.911391,0.783582,0.913006,0.84199,0.966403,0.84199,0.966324,0.781892,0.912928,0.781892,0.912928,0.841963,0.966324,0.841963,0.911235,0.781998,0.909567,0.785335,0.912904,0.781998,0.909723,0.838647,0.96974,0.838653,0.96974,0.785257,0.9663,0.781998,0.909846,0.785257,0.909846,0.838653,0.911391,0.840316,0.91306,0.841985,0.966456,0.781914,0.969793,0.785251,0.968125,0.783582,0.969637,0.785335,0.966403,0.781919,0.913006,0.781919,0.912904,0.842069,0.969662,0.785229,0.967993,0.781892,0.966456,0.841985,0.968125,0.840316,0.969793,0.838647,0.966579,0.78192,0.913183,0.78192,0.909669,0.785257,0.911338,0.781919,0.967969,0.781998,0.968071,0.84199,0.966579,0.84199,0.968248,0.84199,0.966424,0.841951,0.968092,0.840282,0.969761,0.838613,0.969662,0.838626,0.967993,0.841963,0.913183,0.84199,0.909669,0.838653,0.968248,0.78192,0.911338,0.84199,0.911514,0.78192,0.911514,0.84199,0.909591,0.838626,0.91126,0.841963,0.909591,0.785229,0.91126,0.781892,0.968071,0.781919,0.909567,0.838731,0.911235,0.842069],"max":[0.969916,0.842069],"min":[0.909567,0.78188],"stride":2},"CubeWaterMesh-mesh-normals":{"data":[0,0,-1,0,0,1,1,0,0,0,-1,0,-1,0,0,0,1,0,-0.707107,-0.707106,0,0.57735,-0.57735,-0.57735,-0.57735,-0.57735,-0.57735,0.57735,0.57735,-0.57735,-0.57735,0.577351,-0.57735,-0.57735,0.57735,0.57735,0,-0.707107,-0.707107,0,0.707106,0.707107,0,0.707107,-0.707107,0.57735,-0.57735,0.57735,-0.707107,0,-0.707107,-0.707107,0,0.707107,0.707107,-0.707107,0,0.707107,0,0.707107,-0.707107,0.707107,0,-0.577351,-0.57735,0.57735,0.577351,0.57735,0.57735,0.707107,0.707107,0,0,-0.707107,0.707107,0.707107,0,-0.707107,-0.57735,0.57735,0.57735,0,0.707107,0.707107,0.57735,-0.577351,0.57735,-0.707107,0,0.707107,0.707107,0,0.707107,-0.57735,-0.57735,0.57735,0.577351,0.57735,0.57735,0,-0.707107,0.707107,0.57735,-0.57735,-0.57735,0.57735,0.57735,-0.57735,-0.57735,0.57735,-0.57735,0,-0.707107,-0.707107,0,0.707107,-0.707107,-0.707107,0,-0.707107,0.707107,0,-0.707107,-0.707107,-0.707107,0,-0.57735,-0.57735,0.57735,-0.57735,-0.57735,-0.57735,-0.707107,0.707107,0,-0.57735,0.57735,0.57735,-0.57735,0.57735,-0.57735,0.57735,0.57735,-0.57735,0.707107,0.707106,0,0.577351,0.57735,0.57735,0.57735,-0.57735,0.57735,0.707107,-0.707107,0,0.57735,-0.57735,-0.57735],"max":[1,1,1],"min":[-1,-1,-1],"stride":3},"CubeWaterMesh-mesh-positions":{"data":[-0.8,-0.8,-1,-0.8,0.8,-1,0.8,0.8,-1,0.8,-0.8,-1,0.8,0.799999,1,-0.8,0.8,1,-0.8,-0.8,1,0.799999,-0.800001,1,1,0.8,-0.8,1,0.799999,0.8,1,-0.800001,0.8,1,-0.8,-0.8,0.8,-1,-0.8,0.799999,-1,0.8,-0.8,-1,0.8,-0.8,-1,-0.8,-1,-0.8,-0.8,-1,-0.8,0.8,-1,0.8,0.8,-1,0.8,-0.8,0.8,1,0.8,0.8,1,-0.8,-0.8,1,-0.8,-0.8,1,0.8,-0.9,-0.9,-0.8,-0.9,-0.9,0.8,0.9,-0.8,-0.9,0.85,-0.85,-0.9,0.8,-0.9,-0.9,-0.8,-0.9,-0.9,-0.85,-0.85,-0.9,-0.9,-0.8,-0.9,0.85,0.85,-0.9,0.9,0.9,-0.8,0.9,0.8,-0.9,-0.8,0.9,-0.9,-0.9,0.8,-0.9,-0.85,0.85,-0.9,-0.9,0.8,0.9,-0.8,0.9,0.9,-0.85,0.85,0.9,0.8,0.9,0.9,0.8,0.9,-0.9,0.85,-0.850001,0.9,0.899999,-0.9,0.8,0.899999,-0.800001,0.9,-0.9,-0.8,0.9,0.9,-0.9,-0.8,0.9,0.799999,0.9,-0.9,0.9,0.8,-0.9,0.9,-0.8,-0.85,-0.85,0.9,-0.8,-0.9,0.9,0.85,0.85,0.9,0.9,0.899999,0.8,0.799999,-0.9,0.9],"max":[1,1,1],"min":[-1,-1,-1],"stride":3}},"surfaces":{"CubeWaterMaterial":{"numPrimitives":108,"triangles":[0,0,0,1,1,0,2,2,0,0,0,0,2,2,0,3,3,0,8,8,2,9,9,2,10,10,2,8,8,2,10,10,2,11,11,2,12,12,3,13,13,3,14,14,3,12,12,3,14,14,3,15,15,3,16,16,4,17,17,4,18,18,4,16,16,4,18,18,4,19,19,4,20,20,5,21,21,5,22,22,5,20,20,5,22,22,5,23,23,5,24,24,6,25,25,6,17,17,6,24,24,6,17,17,6,16,16,6,26,26,7,27,27,7,28,28,7,26,26,7,28,28,7,3,3,7,29,29,8,30,30,8,31,31,8,29,29,8,31,31,8,0,0,8,32,32,9,33,33,9,8,8,9,32,32,9,8,8,9,34,34,9,35,35,10,1,1,10,36,36,10,35,35,10,36,36,10,37,37,10,38,38,11,5,5,11,39,39,11,38,38,11,39,39,11,40,40,11,29,41,12,28,42,12,12,12,12,29,41,12,12,12,12,15,15,12,39,43,13,41,44,13,20,20,13,39,43,13,20,20,13,23,23,13,42,45,14,35,46,14,22,22,14,42,45,14,22,22,14,21,21,14,43,47,15,44,48,15,10,10,15,43,47,15,10,10,15,45,49,15,1,1,16,0,0,16,31,31,16,1,1,16,31,31,16,36,36,16,38,38,17,46,50,17,6,6,17,38,38,17,6,6,17,5,5,17,47,51,18,44,52,18,13,13,18,47,51,18,13,13,18,12,12,18,48,53,19,45,49,19,10,10,19,48,53,19,10,10,19,9,9,19,49,54,20,50,55,20,19,19,20,49,54,20,19,19,20,18,18,20,46,50,21,51,56,21,52,57,21,46,50,21,52,57,21,6,6,21,41,58,22,4,4,22,48,59,22,41,58,22,48,59,22,53,60,22,33,33,23,54,61,23,9,9,23,33,33,23,9,9,23,8,8,23,55,62,24,52,63,24,14,14,24,55,62,24,14,14,24,13,13,24,26,64,25,34,34,25,8,8,25,26,64,25,8,8,25,11,11,25,49,65,26,40,66,26,39,43,26,49,65,26,39,43,26,23,23,26,5,5,27,4,4,27,41,58,27,5,5,27,41,58,27,39,39,27,7,7,28,55,67,28,43,68,28,7,7,28,43,68,28,45,69,28,18,18,29,17,17,29,46,70,29,18,18,29,46,70,29,38,71,29,4,4,30,7,7,30,45,69,30,4,4,30,45,69,30,48,59,30,25,72,31,14,14,31,52,63,31,25,72,31,52,63,31,51,73,31,54,61,32,53,74,32,48,53,32,54,61,32,48,53,32,9,9,32,7,7,33,6,6,33,52,57,33,7,7,33,52,57,33,55,67,33,47,51,34,12,12,34,28,42,34,47,51,34,28,42,34,27,75,34,24,24,8,16,16,8,31,76,8,24,24,8,31,76,8,30,77,8,2,2,35,42,78,35,32,79,35,2,2,35,32,79,35,34,80,35,50,81,36,22,22,36,35,46,36,50,81,36,35,46,36,37,82,36,0,0,37,3,3,37,28,28,37,0,0,37,28,28,37,29,29,37,2,2,38,1,1,38,35,35,38,2,2,38,35,35,38,42,78,38,16,16,39,19,19,39,36,83,39,16,16,39,36,83,39,31,76,39,3,3,40,2,2,40,34,80,40,3,3,40,34,80,40,26,26,40,15,15,41,14,14,41,25,72,41,15,15,41,25,72,41,24,84,41,17,17,42,25,25,42,51,85,42,17,17,42,51,85,42,46,70,42,15,15,43,24,84,43,30,86,43,15,15,43,30,86,43,29,41,43,23,23,44,22,22,44,50,81,44,23,23,44,50,81,44,49,65,44,18,18,45,38,71,45,40,87,45,18,18,45,40,87,45,49,54,45,19,19,46,50,55,46,37,88,46,19,19,46,37,88,46,36,83,46,42,45,47,21,21,47,33,89,47,42,45,47,33,89,47,32,90,47,21,21,48,20,20,48,54,91,48,21,21,48,54,91,48,33,89,48,20,20,49,41,44,49,53,92,49,20,20,49,53,92,49,54,91,49,55,62,50,13,13,50,44,52,50,55,62,50,44,52,50,43,93,50,11,11,51,10,10,51,44,48,51,11,11,51,44,48,51,47,94,51,11,11,52,47,94,52,27,95,52,11,11,52,27,95,52,26,64,52,4,4,1,5,5,1,6,6,1,4,4,1,6,6,1,7,7,1]}}}},"images":{"terrain_png":"textures/terrain.dds"},"materials":{"CubeWaterMaterial":{"effect":"CubeWaterMaterial-effect"}},"nodes":{"CubeWater":{"geometryinstances":{"CubeWaterMesh":{"geometry":"CubeWaterMesh","material":"CubeWaterMaterial","surface":"CubeWaterMaterial"}},"matrix":[0.5,0,0,0,0,-0.5,0,0.5,0,0,0,0]}},"version":1}
