{"effects":{"CubeBuildingZoneMaterial-effect":{"meta":{"normals":true},"parameters":{"diffuse":"terrain_png","index_of_refraction":1,"shininess":50},"type":"phong"}},"geometries":{"CubeBuildingZoneMesh":{"inputs":{"NORMAL":{"offset":0,"source":"CubeBuildingZoneMesh-mesh-normals"},"POSITION":{"offset":0,"source":"CubeBuildingZoneMesh-mesh-positions"},"TEXCOORD0":{"offset":1,"source":"CubeBuildingZoneMesh-mesh-map-0"}},"meta":{"graphics":true},"sources":{"CubeBuildingZoneMesh-mesh-map-0":{"data":[0.274245,0.166951,0.274245,0.178494,0.285787,0.178494,0.285787,0.166951,0.237992,0.136063,0.198488,0.136063,0.198488,0.175567,0.237992,0.175567,0.303312,0.177643,0.303312,0.134443,0.260113,0.134443,0.260113,0.177643,0.303271,0.177816,0.303271,0.134616,0.260072,0.134616,0.260072,0.177816,0.30337,0.177591,0.30337,0.134391,0.26017,0.134391,0.26017,0.177591,0.259871,0.134512,0.259871,0.177712,0.303071,0.177712,0.303071,0.134512,0.30607,0.177591,0.30607,0.134391,0.286509,0.166951,0.286148,0.16659,0.285787,0.16623,0.274245,0.16623,0.273884,0.16659,0.273523,0.166951,0.304662,0.180343,0.306012,0.177643,0.303312,0.180343,0.274245,0.179215,0.273523,0.178494,0.273884,0.178855,0.196019,0.136063,0.198488,0.133594,0.197253,0.134828,0.260072,0.180516,0.303271,0.180516,0.303071,0.131812,0.259871,0.131812,0.259871,0.180412,0.303071,0.180412,0.258763,0.131743,0.257412,0.134443,0.260113,0.131743,0.196019,0.175567,0.305971,0.177816,0.305971,0.134616,0.303312,0.131743,0.25747,0.134391,0.25747,0.177591,0.197253,0.176801,0.198488,0.178036,0.237992,0.133594,0.240461,0.136063,0.239226,0.134828,0.306012,0.134443,0.303271,0.131916,0.260072,0.131916,0.260113,0.180343,0.305771,0.134512,0.304421,0.131812,0.237992,0.178036,0.239226,0.176801,0.240461,0.175567,0.30337,0.131691,0.26017,0.131691,0.257371,0.134616,0.258721,0.131916,0.304662,0.131743,0.304621,0.180516,0.30337,0.180291,0.30472,0.180291,0.285787,0.179215,0.286148,0.178855,0.286509,0.178494,0.305771,0.177712,0.304421,0.180412,0.26017,0.180291,0.257371,0.177816,0.30472,0.131691,0.258721,0.180516,0.25882,0.131691,0.25882,0.180291,0.257171,0.177712,0.258521,0.180412,0.257171,0.134512,0.258521,0.131812,0.304621,0.131916,0.257412,0.177643,0.258763,0.180343],"max":[0.30607,0.180516],"min":[0.196019,0.131691],"stride":2},"CubeBuildingZoneMesh-mesh-normals":{"data":[-0.341563,-0.341563,-0.875576,-0.341563,0.341563,-0.875576,0.341563,0.341563,-0.875576,0.341563,-0.341563,-0.875576,0.341563,0.341563,0.875576,-0.341563,0.341563,0.875576,-0.341563,-0.341563,0.875576,0.341563,-0.341563,0.875576,0.875576,0.341563,-0.341563,0.875576,0.341563,0.341563,0.875576,-0.341563,0.341563,0.875576,-0.341563,-0.341563,0.341563,-0.875576,-0.341563,0.341563,-0.875576,0.341563,-0.341563,-0.875576,0.341563,-0.341563,-0.875576,-0.341563,-0.875576,-0.341563,-0.341563,-0.875576,-0.341563,0.341563,-0.875576,0.341563,0.341563,-0.875576,0.341563,-0.341563,0.341563,0.875576,0.341563,0.341563,0.875576,-0.341563,-0.341563,0.875576,-0.341563,-0.341563,0.875576,0.341563,-0.673879,-0.673879,-0.302896,-0.673879,-0.673879,0.302896,0.673879,-0.302896,-0.673879,0.577349,-0.577349,-0.577349,0.302896,-0.673879,-0.673879,-0.302896,-0.673879,-0.673879,-0.577349,-0.577349,-0.577349,-0.673879,-0.302896,-0.673879,0.577349,0.577349,-0.577349,0.673879,0.673879,-0.302896,0.673879,0.302896,-0.673879,-0.302896,0.673879,-0.673879,-0.673879,0.302896,-0.673879,-0.577349,0.577349,-0.577349,-0.673879,0.302896,0.673879,-0.302896,0.673879,0.673879,-0.577349,0.577349,0.577349,0.302896,0.673879,0.673879,0.302896,0.673879,-0.673879,0.577349,-0.577349,0.577349,0.673879,-0.673879,0.302896,0.673879,-0.302896,0.673879,-0.673879,-0.302896,0.673879,0.673879,-0.673879,-0.302896,0.673879,0.302896,0.673879,-0.673879,0.673879,0.302896,-0.673879,0.673879,-0.302896,-0.577349,-0.577349,0.577349,-0.302896,-0.673879,0.673879,0.577349,0.577349,0.577349,0.673879,0.673879,0.302896,0.302896,-0.673879,0.673879],"max":[0.875576,0.875576,0.875576],"min":[-0.875576,-0.875576,-0.875576],"stride":3},"CubeBuildingZoneMesh-mesh-positions":{"data":[-0.8,-0.8,-1,-0.8,0.8,-1,0.8,0.8,-1,0.8,-0.8,-1,0.8,0.799999,1,-0.8,0.8,1,-0.8,-0.8,1,0.799999,-0.800001,1,1,0.8,-0.8,1,0.799999,0.8,1,-0.800001,0.8,1,-0.8,-0.8,0.8,-1,-0.8,0.799999,-1,0.8,-0.8,-1,0.8,-0.8,-1,-0.8,-1,-0.8,-0.8,-1,-0.8,0.8,-1,0.8,0.8,-1,0.8,-0.8,0.8,1,0.8,0.8,1,-0.8,-0.8,1,-0.8,-0.8,1,0.8,-0.9,-0.9,-0.8,-0.9,-0.9,0.8,0.9,-0.8,-0.9,0.85,-0.85,-0.9,0.8,-0.9,-0.9,-0.8,-0.9,-0.9,-0.85,-0.85,-0.9,-0.9,-0.8,-0.9,0.85,0.85,-0.9,0.9,0.9,-0.8,0.9,0.8,-0.9,-0.8,0.9,-0.9,-0.9,0.8,-0.9,-0.85,0.85,-0.9,-0.9,0.8,0.9,-0.8,0.9,0.9,-0.85,0.85,0.9,0.8,0.9,0.9,0.8,0.9,-0.9,0.85,-0.850001,0.9,0.899999,-0.9,0.8,0.899999,-0.800001,0.9,-0.9,-0.8,0.9,0.9,-0.9,-0.8,0.9,0.799999,0.9,-0.9,0.9,0.8,-0.9,0.9,-0.8,-0.85,-0.85,0.9,-0.8,-0.9,0.9,0.85,0.85,0.9,0.9,0.899999,0.8,0.799999,-0.9,0.9],"max":[1,1,1],"min":[-1,-1,-1],"stride":3}},"surfaces":{"CubeBuildingZoneMaterial":{"numPrimitives":108,"triangles":[26,26,27,27,28,28,29,29,30,30,31,31,29,29,31,31,0,0,0,0,28,28,29,29,0,0,3,3,28,28,26,26,28,28,3,3,3,3,34,80,26,26,3,3,2,2,34,80,2,2,32,79,34,80,2,2,42,78,32,79,2,2,35,35,42,78,2,2,1,1,35,35,35,35,1,1,36,36,1,1,31,31,36,36,1,1,0,0,31,31,0,0,1,1,2,2,0,0,2,2,3,3,35,35,36,36,37,37,20,20,53,92,54,91,20,20,41,44,53,92,39,43,41,44,20,20,39,43,20,20,23,23,20,20,22,22,23,23,20,20,21,21,22,22,49,65,40,66,39,43,49,65,39,43,23,23,23,23,50,81,49,65,23,23,22,22,50,81,50,81,22,22,35,46,42,45,35,46,22,22,42,45,22,22,21,21,42,45,21,21,33,89,21,21,54,91,33,89,21,21,20,20,54,91,50,81,35,46,37,82,42,45,33,89,32,90,7,7,43,68,45,69,7,7,55,67,43,68,7,7,52,57,55,67,7,7,6,6,52,57,4,4,6,6,7,7,4,4,5,5,6,6,46,50,51,56,52,57,46,50,52,57,6,6,38,38,46,50,6,6,38,38,6,6,5,5,38,38,5,5,39,39,5,5,41,58,39,39,5,5,4,4,41,58,41,58,4,4,48,59,4,4,45,69,48,59,4,4,7,7,45,69,41,58,48,59,53,60,38,38,39,39,40,40,55,62,44,52,43,93,55,62,14,14,13,13,55,62,13,13,44,52,47,51,44,52,13,13,47,51,13,13,12,12,12,12,13,13,14,14,12,12,14,14,15,15,47,51,28,42,27,75,47,51,12,12,28,42,29,41,28,42,12,12,29,41,12,12,15,15,15,15,30,86,29,41,15,15,24,84,30,86,15,15,25,72,24,84,15,15,14,14,25,72,25,72,14,14,52,63,55,62,52,63,14,14,25,72,52,63,51,73,54,61,53,74,48,53,54,61,48,53,9,9,33,33,54,61,9,9,33,33,9,9,8,8,32,32,33,33,8,8,32,32,8,8,34,34,26,64,34,34,8,8,26,64,8,8,11,11,11,11,27,95,26,64,11,11,47,94,27,95,11,11,44,48,47,94,11,11,10,10,44,48,43,47,44,48,10,10,43,47,10,10,45,49,48,53,45,49,10,10,48,53,10,10,9,9,8,8,9,9,10,10,8,8,10,10,11,11,18,18,46,70,38,71,18,18,17,17,46,70,17,17,51,85,46,70,17,17,25,25,51,85,24,24,25,25,17,17,24,24,17,17,16,16,16,16,17,17,18,18,16,16,18,18,19,19,24,24,31,76,30,77,24,24,16,16,31,76,16,16,36,83,31,76,16,16,19,19,36,83,19,19,37,88,36,83,19,19,50,55,37,88,49,54,50,55,19,19,49,54,19,19,18,18,18,18,40,87,49,54,18,18,38,71,40,87]}}}},"images":{"terrain_png":"textures/terrain.dds"},"materials":{"CubeBuildingZoneMaterial":{"effect":"CubeBuildingZoneMaterial-effect"}},"nodes":{"CubeBuildingZone":{"geometryinstances":{"CubeBuildingZoneMesh":{"geometry":"CubeBuildingZoneMesh","material":"CubeBuildingZoneMaterial","surface":"CubeBuildingZoneMaterial"}},"matrix":[0.5,0,0,0,0,-0.5,0,0.5,0,0,0,0]}},"version":1}
