{"effects":{"CubeMaterial-effect":{"meta":{"normals":true},"parameters":{"index_of_refraction":1,"materialColor":[0.64,0.64,0.64,1]},"type":"constant"}},"geometries":{"Cube020":{"inputs":{"NORMAL":{"offset":2,"source":"Cube020-mesh-normals"},"POSITION":{"offset":0,"source":"Cube020-mesh-positions"},"TEXCOORD0":{"offset":1,"source":"Cube020-mesh-map-0"}},"meta":{"graphics":true},"sources":{"Cube020-mesh-map-0":{"data":[0.193095,0.255054,0.193095,0.306428,0.244469,0.306428,0.244469,0.255054,0.193095,0.255054,0.244922,0.30661,0.244922,0.254732,0.193043,0.254732,0.193043,0.30661,0.24505,0.306926,0.24505,0.254748,0.192871,0.254748,0.192871,0.306926,0.192871,0.306926,0.192871,0.254748,0.189801,0.30661,0.189801,0.254732,0.24768,0.255054,0.246075,0.253448,0.244469,0.251843,0.193095,0.251843,0.19149,0.253448,0.189884,0.255054,0.246543,0.309853,0.248164,0.30661,0.244922,0.309853,0.193095,0.309639,0.189884,0.306428,0.19149,0.308034,0.192871,0.310188,0.24505,0.310188,0.192871,0.251486,0.24505,0.251486,0.192871,0.310188,0.191422,0.251489,0.193043,0.251489,0.189884,0.255054,0.248311,0.306926,0.248311,0.254748,0.244922,0.251489,0.248164,0.254732,0.244469,0.309639,0.24768,0.306428,0.246075,0.308034,0.248164,0.254732,0.193043,0.309853,0.189609,0.254748,0.19124,0.251486,0.24768,0.255054,0.246543,0.251489,0.24668,0.310188,0.191422,0.309853,0.189609,0.306926,0.19124,0.310188,0.19124,0.310188,0.246543,0.309853,0.24668,0.251486],"max":[0.248311,0.310188],"min":[0.189609,0.251486],"stride":2},"Cube020-mesh-normals":{"data":[0,0,-1,0,0,1,1,0,0,0,-1,0,-1,0,0,0,1,0,-0.707107,-0.707106,0,0.57735,-0.57735,-0.57735,-0.57735,-0.57735,-0.57735,0.57735,0.57735,-0.57735,-0.57735,0.577351,-0.57735,-0.57735,0.57735,0.57735,0,-0.707107,-0.707107,0,0.707106,0.707107,0,0.707107,-0.707107,0.57735,-0.57735,0.57735,-0.707107,0,-0.707107,-0.707107,0,0.707107,0.707107,-0.707107,0,0.707107,0,0.707107,-0.707107,0.707107,0,-0.577351,-0.57735,0.57735,0.577351,0.57735,0.57735,0.707107,0.707107,0,0,-0.707107,0.707107,0.707107,0,-0.707107,-0.57735,0.57735,0.57735,0,0.707107,0.707107,0.57735,-0.577351,0.57735,-0.707107,0,0.707107,0.707107,0,0.707107,-0.57735,-0.57735,0.57735,0.577351,0.57735,0.57735,0,-0.707107,0.707107,0.57735,-0.57735,-0.57735,0.57735,0.57735,-0.57735,-0.57735,0.57735,-0.57735,0,-0.707107,-0.707107,0,0.707107,-0.707107,-0.707107,0,-0.707107,0.707107,0,-0.707107,-0.707107,-0.707107,0,-0.57735,-0.57735,0.57735,-0.57735,-0.57735,-0.57735,-0.707107,0.707107,0,-0.57735,0.57735,0.57735,-0.57735,0.57735,-0.57735,0.57735,0.57735,-0.57735,0.707107,0.707106,0,0.577351,0.57735,0.57735,0.57735,-0.57735,0.57735,0.707107,-0.707107,0,0.57735,-0.57735,-0.57735],"max":[1,1,1],"min":[-1,-1,-1],"stride":3},"Cube020-mesh-positions":{"data":[-0.8,-0.8,-1,-0.8,0.8,-1,0.8,0.8,-1,0.8,-0.8,-1,0.8,0.799999,1,-0.8,0.8,1,-0.8,-0.8,1,0.799999,-0.800001,1,1,0.8,-0.8,1,0.799999,0.8,1,-0.800001,0.8,1,-0.8,-0.8,0.8,-1,-0.8,0.799999,-1,0.8,-0.8,-1,0.8,-0.8,-1,-0.8,-1,-0.8,-0.8,-1,-0.8,0.8,-1,0.8,0.8,-1,0.8,-0.8,0.8,1,0.8,0.8,1,-0.8,-0.8,1,-0.8,-0.8,1,0.8,-0.9,-0.9,-0.8,-0.9,-0.9,0.8,0.9,-0.8,-0.9,0.85,-0.85,-0.9,0.8,-0.9,-0.9,-0.8,-0.9,-0.9,-0.85,-0.85,-0.9,-0.9,-0.8,-0.9,0.85,0.85,-0.9,0.9,0.9,-0.8,0.9,0.8,-0.9,-0.8,0.9,-0.9,-0.9,0.8,-0.9,-0.85,0.85,-0.9,-0.9,0.8,0.9,-0.8,0.9,0.9,-0.85,0.85,0.9,0.8,0.9,0.9,0.8,0.9,-0.9,0.85,-0.850001,0.9,0.899999,-0.9,0.8,0.899999,-0.800001,0.9,-0.9,-0.8,0.9,0.9,-0.9,-0.8,0.9,0.799999,0.9,-0.9,0.9,0.8,-0.9,0.9,-0.8,-0.85,-0.85,0.9,-0.8,-0.9,0.9,0.85,0.85,0.9,0.9,0.899999,0.8,0.799999,-0.9,0.9],"max":[1,1,1],"min":[-1,-1,-1],"stride":3}},"surfaces":{"CubeMaterial":{"numPrimitives":108,"triangles":[0,0,0,1,1,0,2,2,0,0,0,0,2,2,0,3,3,0,8,5,2,9,6,2,10,7,2,8,5,2,10,7,2,11,8,2,12,9,3,13,10,3,14,11,3,12,9,3,14,11,3,15,12,3,16,8,4,17,7,4,18,6,4,16,8,4,18,6,4,19,5,4,20,10,5,21,9,5,22,13,5,20,10,5,22,13,5,23,14,5,24,15,6,25,16,6,17,7,6,24,15,6,17,7,6,16,8,6,26,17,7,27,18,7,28,19,7,26,17,7,28,19,7,3,3,7,29,20,8,30,21,8,31,22,8,29,20,8,31,22,8,0,0,8,32,23,9,33,24,9,8,5,9,32,23,9,8,5,9,34,25,9,35,26,10,1,1,10,36,27,10,35,26,10,36,27,10,37,28,10,38,27,11,5,1,11,39,26,11,38,27,11,39,26,11,40,28,11,29,29,12,28,30,12,12,9,12,29,29,12,12,9,12,15,12,12,39,31,13,41,32,13,20,10,13,39,31,13,20,10,13,23,14,13,42,30,14,35,33,14,22,13,14,42,30,14,22,13,14,21,9,14,43,34,15,44,16,15,10,7,15,43,34,15,10,7,15,45,35,15,1,1,16,0,0,16,31,22,16,1,1,16,31,22,16,36,27,16,38,27,17,46,36,17,6,4,17,38,27,17,6,4,17,5,1,17,47,37,18,44,38,18,13,10,18,47,37,18,13,10,18,12,9,18,48,39,19,45,35,19,10,7,19,48,39,19,10,7,19,9,6,19,49,40,20,50,24,20,19,5,20,49,40,20,19,5,20,18,6,20,46,36,21,51,21,21,52,20,21,46,36,21,52,20,21,6,4,21,41,41,22,4,2,22,48,42,22,41,41,22,48,42,22,53,43,22,33,24,23,54,44,23,9,6,23,33,24,23,9,6,23,8,5,23,55,32,24,52,31,24,14,11,24,55,32,24,14,11,24,13,10,24,26,45,25,34,25,25,8,5,25,26,45,25,8,5,25,11,8,25,49,46,26,40,47,26,39,31,26,49,46,26,39,31,26,23,14,26,5,1,27,4,2,27,41,41,27,5,1,27,41,41,27,39,26,27,7,3,28,55,19,28,43,18,28,7,3,28,43,18,28,45,48,28,18,6,29,17,7,29,46,35,29,18,6,29,46,35,29,38,39,29,4,2,30,7,3,30,45,48,30,4,2,30,45,48,30,48,42,30,25,46,31,14,11,31,52,31,31,25,46,31,52,31,31,51,47,31,54,44,32,53,49,32,48,39,32,54,44,32,48,39,32,9,6,32,7,3,33,6,4,33,52,20,33,7,3,33,52,20,33,55,19,33,47,37,34,12,9,34,28,30,34,47,37,34,28,30,34,27,50,34,24,15,8,16,8,8,31,45,8,24,15,8,31,45,8,30,51,8,2,2,35,42,41,35,32,43,35,2,2,35,32,43,35,34,42,35,50,52,36,22,13,36,35,33,36,50,52,36,35,33,36,37,53,36,0,0,37,3,3,37,28,19,37,0,0,37,28,19,37,29,20,37,2,2,38,1,1,38,35,26,38,2,2,38,35,26,38,42,41,38,16,8,39,19,5,39,36,25,39,16,8,39,36,25,39,31,45,39,3,3,40,2,2,40,34,42,40,3,3,40,34,42,40,26,17,40,15,12,41,14,11,41,25,46,41,15,12,41,25,46,41,24,52,41,17,7,42,25,16,42,51,34,42,17,7,42,51,34,42,46,35,42,15,12,43,24,52,43,30,54,43,15,12,43,30,54,43,29,29,43,23,14,44,22,13,44,50,52,44,23,14,44,50,52,44,49,46,44,18,6,45,38,39,45,40,49,45,18,6,45,40,49,45,49,40,45,19,5,46,50,24,46,37,55,46,19,5,46,37,55,46,36,25,46,42,30,47,21,9,47,33,37,47,42,30,47,33,37,47,32,50,47,21,9,48,20,10,48,54,38,48,21,9,48,54,38,48,33,37,48,20,10,49,41,32,49,53,56,49,20,10,49,53,56,49,54,38,49,55,32,50,13,10,50,44,38,50,55,32,50,44,38,50,43,56,50,11,8,51,10,7,51,44,16,51,11,8,51,44,16,51,47,15,51,11,8,52,47,15,52,27,51,52,11,8,52,27,51,52,26,45,52,4,2,1,5,1,1,6,4,1,4,2,1,6,4,1,7,3,1]}}}},"materials":{"CubeMaterial":{"effect":"CubeMaterial-effect"}},"nodes":{"Cube020":{"geometryinstances":{"Cube020":{"geometry":"Cube020","material":"CubeMaterial","surface":"CubeMaterial"}},"matrix":[0.5,0,0,0,0,-0.5,0,0.5,0,0,0,0]}},"version":1}
