{"effects":{"CubeCrateMaterial-effect":{"meta":{"normals":true},"parameters":{"diffuse":"terrain_png","index_of_refraction":1},"type":"lambert"}},"geometries":{"Circle.002":{"inputs":{"NORMAL":{"offset":1,"source":"Circle_002-mesh-normals"},"POSITION":{"offset":0,"source":"Circle_002-mesh-positions"},"TEXCOORD0":{"offset":0,"source":"Circle_002-mesh-map-0"}},"meta":{"graphics":true},"numPrimitives":6,"sources":{"Circle_002-mesh-map-0":{"data":[0.699766,0.543355,0.712102,0.555691,0.729548,0.555691,0.699766,0.52591,0.741884,0.543355,0.741884,0.52591,0.712102,0.513574,0.729548,0.513574],"max":[0.741884,0.555691],"min":[0.699766,0.513574],"stride":2},"Circle_002-mesh-normals":{"data":[0,0,-1],"max":[0,0,-1],"min":[0,0,-1],"stride":3},"Circle_002-mesh-positions":{"data":[-0.106067,0.106066,0.6,0,0.15,0.6,0.106065,0.106066,0.6,-0.150001,0,0.6,0.149999,0,0.6,0.106065,-0.106066,0.6,-0.106067,-0.106066,0.6,0,-0.15,0.6],"max":[0.149999,0.15,0.6],"min":[-0.150001,-0.15,0.6],"stride":3}},"triangles":[0,0,1,0,2,0,3,0,0,0,2,0,3,0,2,0,4,0,3,0,4,0,5,0,3,0,5,0,6,0,5,0,7,0,6,0]},"CubeCrateMesh":{"inputs":{"NORMAL":{"offset":0,"source":"CubeCrateMesh-mesh-normals"},"POSITION":{"offset":0,"source":"CubeCrateMesh-mesh-positions"},"TEXCOORD0":{"offset":1,"source":"CubeCrateMesh-mesh-map-0"}},"meta":{"graphics":true},"sources":{"CubeCrateMesh-mesh-map-0":{"data":[0.255508,0.0050955,0.255508,0.0569972,0.30741,0.0569972,0.30741,0.0050955,0.255559,0.0568049,0.307281,0.0568049,0.307281,0.0050834,0.255559,0.0050834,0.306965,0.0564478,0.306965,0.0052819,0.255799,0.0052819,0.255799,0.0564478,0.307133,0.0567892,0.307133,0.0053271,0.255671,0.0053271,0.255671,0.0567892,0.307133,0.0053272,0.255671,0.0053272,0.252601,0.0564478,0.252601,0.0052819,0.310654,0.0050955,0.309032,0.0034736,0.30741,0.0018516,0.255508,0.0018516,0.253886,0.0034736,0.252264,0.0050955,0.308564,0.0596456,0.310163,0.0564478,0.306965,0.0596456,0.255508,0.060241,0.252264,0.0569972,0.253886,0.0586191,0.310513,0.0568049,0.307281,0.0600377,0.308897,0.0584212,0.255671,0.0600055,0.307133,0.0600055,0.255671,0.0021108,0.307133,0.0021108,0.2542,0.002084,0.255799,0.002084,0.310513,0.0050834,0.310349,0.0567892,0.310349,0.0053271,0.306965,0.002084,0.310163,0.0052819,0.308897,0.003467,0.307281,0.0018507,0.255559,0.0600377,0.252326,0.0568049,0.253943,0.0584212,0.255621,0.0566866,0.30674,0.0566866,0.30674,0.0598815,0.255621,0.0598815,0.252455,0.0053272,0.254063,0.0021108,0.255559,0.0018507,0.253943,0.003467,0.252326,0.0050834,0.252455,0.0053271,0.308564,0.002084,0.308741,0.0600055,0.255799,0.0596456,0.2542,0.0596456,0.30741,0.060241,0.309032,0.0586191,0.310654,0.0569972,0.252455,0.0567892,0.254063,0.0600055,0.2542,0.002084,0.254063,0.0600055,0.308564,0.0596456,0.310349,0.0053272,0.308741,0.0021108],"max":[0.310654,0.060241],"min":[0.252264,0.0018507],"stride":2},"CubeCrateMesh-mesh-normals":{"data":[-0.341563,-0.341563,-0.875576,-0.341563,0.341563,-0.875576,0.341563,0.341563,-0.875576,0.341563,-0.341563,-0.875576,0.341563,0.341563,0.875576,-0.341563,0.341563,0.875576,-0.341563,-0.341563,0.875576,0.341563,-0.341563,0.875576,0.875576,0.341563,-0.341563,0.875576,0.341563,0.341563,0.875576,-0.341563,0.341563,0.875576,-0.341563,-0.341563,0.341563,-0.875576,-0.341563,0.341563,-0.875576,0.341563,-0.341563,-0.875576,0.341563,-0.341563,-0.875576,-0.341563,-0.875576,-0.341563,-0.341563,-0.875576,-0.341563,0.341563,-0.875576,0.341563,0.341563,-0.875576,0.341563,-0.341563,0.341563,0.875576,0.341563,0.341563,0.875576,-0.341563,-0.341563,0.875576,-0.341563,-0.341563,0.875576,0.341563,-0.673879,-0.673879,-0.302896,-0.673879,-0.673879,0.302896,0.673879,-0.302896,-0.673879,0.577349,-0.577349,-0.577349,0.302896,-0.673879,-0.673879,-0.302896,-0.673879,-0.673879,-0.577349,-0.577349,-0.577349,-0.673879,-0.302896,-0.673879,0.577349,0.577349,-0.577349,0.673879,0.673879,-0.302896,0.673879,0.302896,-0.673879,-0.302896,0.673879,-0.673879,-0.673879,0.302896,-0.673879,-0.577349,0.577349,-0.577349,-0.673879,0.302896,0.673879,-0.302896,0.673879,0.673879,-0.577349,0.577349,0.577349,0.302896,0.673879,0.673879,0.302896,0.673879,-0.673879,0.577349,-0.577349,0.577349,0.673879,-0.673879,0.302896,0.673879,-0.302896,0.673879,-0.673879,-0.302896,0.673879,0.673879,-0.673879,-0.302896,0.673879,0.302896,0.673879,-0.673879,0.673879,0.302896,-0.673879,0.673879,-0.302896,-0.577349,-0.577349,0.577349,-0.302896,-0.673879,0.673879,0.577349,0.577349,0.577349,0.673879,0.673879,0.302896,0.302896,-0.673879,0.673879],"max":[0.875576,0.875576,0.875576],"min":[-0.875576,-0.875576,-0.875576],"stride":3},"CubeCrateMesh-mesh-positions":{"data":[-0.8,-0.8,-1,-0.8,0.8,-1,0.8,0.8,-1,0.8,-0.8,-1,0.8,0.799999,1,-0.8,0.8,1,-0.8,-0.8,1,0.799999,-0.800001,1,1,0.8,-0.8,1,0.799999,0.8,1,-0.800001,0.8,1,-0.8,-0.8,0.8,-1,-0.8,0.799999,-1,0.8,-0.8,-1,0.8,-0.8,-1,-0.8,-1,-0.8,-0.8,-1,-0.8,0.8,-1,0.8,0.8,-1,0.8,-0.8,0.8,1,0.8,0.8,1,-0.8,-0.8,1,-0.8,-0.8,1,0.8,-0.9,-0.9,-0.8,-0.9,-0.9,0.8,0.9,-0.8,-0.9,0.85,-0.85,-0.9,0.8,-0.9,-0.9,-0.8,-0.9,-0.9,-0.85,-0.85,-0.9,-0.9,-0.8,-0.9,0.85,0.85,-0.9,0.9,0.9,-0.8,0.9,0.8,-0.9,-0.8,0.9,-0.9,-0.9,0.8,-0.9,-0.85,0.85,-0.9,-0.9,0.8,0.9,-0.8,0.9,0.9,-0.85,0.85,0.9,0.8,0.9,0.9,0.8,0.9,-0.9,0.85,-0.850001,0.9,0.899999,-0.9,0.8,0.899999,-0.800001,0.9,-0.9,-0.8,0.9,0.9,-0.9,-0.8,0.9,0.799999,0.9,-0.9,0.9,0.8,-0.9,0.9,-0.8,-0.85,-0.85,0.9,-0.8,-0.9,0.9,0.85,0.85,0.9,0.9,0.899999,0.8,0.799999,-0.9,0.9],"max":[1,1,1],"min":[-1,-1,-1],"stride":3}},"surfaces":{"CubeCrateMaterial1":{"numPrimitives":108,"triangles":[26,51,34,52,8,53,26,51,8,53,11,54,55,38,44,43,43,74,55,38,14,14,13,13,55,38,13,13,44,43,47,42,44,43,13,13,47,42,13,13,12,12,12,12,13,13,14,14,12,12,14,14,15,15,47,42,28,36,27,62,47,42,12,12,28,36,29,35,28,36,12,12,29,35,12,12,15,15,15,15,30,71,29,35,15,15,24,68,30,71,15,15,25,60,24,68,15,15,14,14,25,60,25,60,14,14,52,37,55,38,52,37,14,14,25,60,52,37,51,56,4,4,5,5,6,6,4,4,6,6,7,7,4,4,7,7,45,59,7,7,43,58,45,59,7,7,55,57,43,58,7,7,52,47,55,57,7,7,6,6,52,47,46,41,52,47,6,6,38,32,46,41,6,6,38,32,6,6,5,5,38,32,5,5,39,33,5,5,41,48,39,33,5,5,4,4,41,48,41,48,4,4,48,49,4,4,45,59,48,49,38,32,39,33,40,34,41,48,48,49,53,50,46,41,51,46,52,47,42,36,33,42,32,62,50,68,35,35,37,69,50,68,22,15,35,35,42,36,35,35,22,15,42,36,22,15,21,12,42,36,21,12,33,42,21,12,54,73,33,42,21,12,20,16,54,73,20,16,53,74,54,73,20,16,41,38,53,74,39,37,41,38,20,16,39,37,20,16,23,17,49,55,39,37,23,17,23,17,50,68,49,55,23,17,22,15,50,68,20,16,22,15,23,17,20,16,21,12,22,15,49,55,40,56,39,37,8,8,9,9,10,10,8,8,10,10,11,11,11,11,10,10,44,19,11,11,44,19,47,18,11,11,47,18,27,64,11,11,27,64,26,63,43,39,44,19,10,10,43,39,10,10,45,40,48,44,45,40,10,10,48,44,10,10,9,9,54,45,48,44,9,9,33,27,54,45,9,9,33,27,9,9,8,8,32,26,33,27,8,8,32,26,8,8,34,28,54,45,53,61,48,44,1,1,0,0,31,25,29,23,31,25,0,0,0,0,28,22,29,23,0,0,3,3,28,22,0,0,2,2,3,3,0,0,1,1,2,2,29,23,30,24,31,25,26,20,27,21,28,22,26,20,28,22,3,3,3,3,34,67,26,20,3,3,2,2,34,67,2,2,32,66,34,67,2,2,42,65,32,66,2,2,35,29,42,65,2,2,1,1,35,29,35,29,1,1,36,30,1,1,31,25,36,30,35,29,36,30,37,31,24,18,31,63,30,64,24,18,16,11,31,63,16,11,36,28,31,63,16,11,19,8,36,28,19,8,37,72,36,28,19,8,50,27,37,72,49,45,50,27,19,8,49,45,19,8,18,9,18,9,40,61,49,45,18,9,38,44,40,61,18,9,46,40,38,44,18,9,17,10,46,40,17,10,51,70,46,40,17,10,25,19,51,70,24,18,25,19,17,10,24,18,17,10,16,11,16,11,17,10,18,9,16,11,18,9,19,8]}}},"CubeCrateMesh.001":{"inputs":{"NORMAL":{"offset":0,"source":"CubeCrateMesh_001-mesh-normals"},"POSITION":{"offset":0,"source":"CubeCrateMesh_001-mesh-positions"},"TEXCOORD0":{"offset":1,"source":"CubeCrateMesh_001-mesh-map-0"}},"meta":{"graphics":true},