{"effects":{"CubeCliffMaterial-effect":{"meta":{"normals":true},"parameters":{"diffuse":"terrain_png","index_of_refraction":1},"type":"lambert"}},"geometries":{"CubeCliff":{"inputs":{"NORMAL":{"offset":2,"source":"CubeCliff-mesh-normals"},"POSITION":{"offset":0,"source":"CubeCliff-mesh-positions"},"TEXCOORD0":{"offset":1,"source":"CubeCliff-mesh-map-0"}},"meta":{"graphics":true},"sources":{"CubeCliff-mesh-map-0":{"data":[0.0948341,0.0323342,0.0948341,0.0446619,0.0825064,0.0446619,0.0825064,0.0323342,0.209653,0.169697,0.234031,0.169697,0.234031,0.14532,0.209653,0.14532,0.0948341,0.0200065,0.0825064,0.0200065,0.107162,0.0200065,0.107162,0.0323342],"max":[0.234031,0.169697],"min":[0.0825064,0.0200065],"stride":2},"CubeCliff-mesh-normals":{"data":[0,0,-1,0,0,1,1,0,0,0,-1,0,-1,0,0,0,1,0],"max":[1,1,1],"min":[-1,-1,-1],"stride":3},"CubeCliff-mesh-positions":{"data":[1,1,-1,1,-1,-1,-1,-1,-1,-1,1,-1,1,1,1,-1,1,1,-1,-1,1,1,-1,1],"max":[1,1,1],"min":[-1,-1,-1],"stride":3}},"surfaces":{"CubeCliffMaterial":{"numPrimitives":12,"triangles":[0,0,0,1,1,0,2,2,0,0,0,0,2,2,0,3,3,0,4,4,1,5,5,1,6,6,1,4,4,1,6,6,1,7,7,1,0,0,2,4,8,2,7,9,2,0,0,2,7,9,2,1,3,2,1,0,3,7,8,3,6,9,3,1,0,3,6,9,3,2,3,3,2,0,4,6,8,4,5,10,4,2,0,4,5,10,4,3,11,4,4,0,5,0,1,5,3,2,5,4,0,5,3,2,5,5,3,5]}}}},"images":{"terrain_png":"textures/terrain.dds"},"materials":{"CubeCliffMaterial":{"effect":"CubeCliffMaterial-effect"}},"nodes":{"CubeCliff":{"geometryinstances":{"CubeCliff":{"geometry":"CubeCliff","material":"CubeCliffMaterial","surface":"CubeCliffMaterial"}},"matrix":[0.5,0,0,0,0,-0.5,0,0.5,0,0,0,0]}},"version":1}
