{"effects":{"DiamondMaterial-effect":{"meta":{"normals":true},"parameters":{"diffuse":"blade_png","index_of_refraction":1,"shininess":200},"type":"phong"}},"geometries":{"DiamondMesh":{"inputs":{"NORMAL":{"offset":2,"source":"DiamondMesh-mesh-normals"},"POSITION":{"offset":0,"source":"DiamondMesh-mesh-positions"},"TEXCOORD0":{"offset":1,"source":"DiamondMesh-mesh-map-0"}},"meta":{"graphics":true},"sources":{"DiamondMesh-mesh-map-0":{"data":[0.388234,0.537112,0.389874,0.653646,0.449576,0.628917,0.346793,0.545355,0.325252,0.653646,0.26555,0.628917,0.31166,0.52188,0.357563,0.491209,0.411709,0.501979,0.52,0.52352,0.52,0.458898,0.49527,0.583222,0,1,1,1,1,0,0.520428,0.328772,0.520321,0.293913,0.520214,0.259055,0.195126,0.653646,0.752418,0.537961,0.771785,0.508977,0.733052,0.566945,0.520428,0.259055,0.520535,0.293913,0.520642,0.328772,0.520214,0.328772,0.520107,0.293913,0.52,0.259055,0.664674,0.580547,0.758184,0.440599,0.606705,0.541814,0.700215,0.401866,0.593104,0.473436,0.631837,0.415467,0.751825,0.387367,0.658076,0.368719,0.5786,0.421824,0.559952,0.515572,0.613057,0.595048,0.706805,0.613696,0.786281,0.560592,0.804929,0.466843,0.820145,0.399196,0.714748,0.328772,0.590424,0.353502,0.52,0.458898,0.54473,0.583222,0.650126,0.653646,0.77445,0.628917,0.844874,0.52352,0.844874,0.458898,0.77445,0.353502,0.650126,0.328772,0.54473,0.399196,0.590424,0.628917,0.714748,0.653646,0.820145,0.583222,0.219855,0.583222,0.195126,0.52352,0.303417,0.480439,0.195126,0.458898,0.219855,0.399196,0.326892,0.445307,0.26555,0.353502,0.325252,0.328772,0.368333,0.437063,0.389874,0.328772,0.449576,0.353502,0.403465,0.460538,0.49527,0.399196],"max":[1,1],"min":[0,0],"stride":2},"DiamondMesh-mesh-normals":{"data":[0.375627,0.562166,-0.7368,0.131903,0.66312,-0.7368,-0.131903,0.66312,-0.7368,-0.256002,0.618043,-0.743294,0.66312,-0.131903,-0.7368,0.66312,0.131903,-0.7368,0.618043,0.256002,-0.743294,0.562166,0.375627,-0.7368,0.256002,0.618043,-0.743294,0,0,0,0,0,-1,0,0,1,-0.568619,0,0.822601,-0.402074,-0.402074,0.822601,0,-0.568619,0.822601,0.402074,-0.402074,0.822601,0.568619,0,0.822601,0.402074,0.402074,0.822601,0,0.568619,0.822601,-0.402074,0.402074,0.822601,-0.556945,0.230694,0.797867,-0.556945,-0.230694,0.797867,-0.230694,-0.556945,0.797867,0.230694,-0.556945,0.797867,0.556945,-0.230694,0.797867,0.556945,0.230694,0.797867,0.230694,0.556945,0.797867,-0.230694,0.556945,0.797867,-0.320056,0.478998,0.817389,-0.478998,0.320056,0.817389,-0.565016,0.112389,0.817389,-0.565016,-0.112389,0.817389,-0.320056,-0.478998,0.817389,-0.478998,-0.320056,0.817389,-0.112389,-0.565016,0.817389,0.112389,-0.565016,0.817389,0.320056,-0.478998,0.817389,0.478998,-0.320056,0.817389,0.565016,-0.112389,0.817389,0.565016,0.112389,0.817389,0.478998,0.320056,0.817389,0.320056,0.478998,0.817389,0.112389,0.565016,0.817389,-0.112389,0.565016,0.817389,-0.375627,0.562166,-0.7368,-0.562166,0.375627,-0.7368,-0.618043,0.256002,-0.743294,-0.66312,0.131903,-0.7368,-0.66312,-0.131903,-0.7368,-0.618043,-0.256002,-0.743294,-0.562166,-0.375627,-0.7368,-0.375627,-0.562166,-0.7368,-0.256002,-0.618043,-0.743294,-0.131903,-0.66312,-0.7368,0.131903,-0.66312,-0.7368,0.256001,-0.618043,-0.743294,0.375627,-0.562166,-0.7368,0.562166,-0.375627,-0.7368,0.618043,-0.256002,-0.743294],"max":[0.66312,0.66312,1],"min":[-0.66312,-0.66312,-1],"stride":3},"DiamondMesh-mesh-positions":{"data":[0.117851,0.117851,-0.3,0.191341,0.46194,0,0.353553,0.353554,0,0,0.166667,-0.3,0,0.5,0,-0.191342,0.46194,0,-0.117851,0.117851,-0.3,0,0,-0.45,0.166667,0,-0.3,0.5,0,0,0.46194,-0.191342,0,0.46194,0.191342,0,-0.105238,-0.254067,0.17,-0.179652,-0.179652,0.17,-0.254067,-0.105238,0.17,-0.254067,0,0.17,-0.254067,0.105238,0.17,-0.179652,0.179652,0.17,-0.105238,0.254067,0.17,0,0.254067,0.17,0.105238,0.254067,0.17,0.179652,0.179652,0.17,0.254067,0.105238,0.17,0.254067,0,0.17,0.254067,-0.105238,0.17,0.179652,-0.179652,0.17,0.105238,-0.254067,0.17,0,-0.254067,0.17,-0.377033,0,0.085,-0.266603,-0.266603,0.085,0,-0.377033,0.085,0.266603,-0.266603,0.085,0.377033,0,0.085,0.266603,0.266603,0.085,0,0.377033,0.085,-0.266603,0.266603,0.085,-0.46194,0.191342,0,-0.46194,-0.191342,0,-0.191342,-0.46194,0,0.191342,-0.46194,0,-0.353553,0.353553,0,-0.5,0,0,-0.353553,-0.353553,0,0,-0.5,0,0.353553,-0.353554,0,-0.166667,0,-0.3,-0.117851,-0.117851,-0.3,0,-0.166667,-0.3,0.117851,-0.117851,-0.3],"max":[0.5,0.5,0.17],"min":[-0.5,-0.5,-0.45],"stride":3}},"surfaces":{"DiamondMaterial":{"numPrimitives":86,"triangles":[8,8,4,9,9,4,10,10,4,10,10,58,48,68,58,7,7,58,10,10,58,7,7,58,8,8,58,47,65,52,38,64,52,46,62,52,47,65,52,46,62,52,7,7,52,36,58,46,6,6,46,7,7,46,36,58,46,7,7,46,45,59,46,37,43,21,29,35,21,14,31,21,37,43,21,14,31,21,28,34,21,36,42,20,28,34,20,16,29,20,36,42,20,16,29,20,35,41,20,3,3,8,1,1,8,0,0,8,3,3,8,0,0,8,7,7,8,0,0,6,11,11,6,8,8,6,0,0,6,8,8,6,7,7,6,39,67,55,47,65,55,7,7,55,39,67,55,7,7,55,48,68,55,46,62,49,37,61,49,45,59,49,46,62,49,45,59,49,7,7,49,18,20,27,34,40,27,5,49,27,18,20,27,5,49,27,35,41,27,33,39,26,1,48,26,34,40,26,33,39,26,34,40,26,20,21,26,11,47,25,33,39,25,22,28,25,11,47,25,22,28,25,32,38,25,10,46,24,32,38,24,24,30,24,10,46,24,24,30,24,31,37,24,39,45,23,31,37,23,26,32,23,39,45,23,26,32,23,30,36,23,38,44,22,30,36,22,12,33,22,38,44,22,12,33,22,29,35,22,6,6,3,5,5,3,3,3,3,6,6,3,3,3,3,7,7,3,14,31,11,12,33,11,26,32,11,14,31,11,26,32,11,24,30,11,14,31,11,24,30,11,16,29,11,24,30,11,22,28,11,16,29,11,22,28,11,18,20,11,16,29,11,20,21,11,18,20,11,22,28,11,19,19,11,18,20,11,20,21,11,8,8,5,11,11,5,9,9,5,3,3,2,5,5,2,4,4,2,0,0,7,2,2,7,11,11,7,1,1,1,3,3,1,4,4,1,12,12,9,13,13,9,14,14,9,0,0,0,1,1,0,2,2,0,14,15,10,15,16,10,16,17,10,48,68,57,10,10,57,44,69,57,17,18,10,18,18,10,16,18,10,48,68,56,44,69,56,39,67,56,20,18,11,21,18,11,22,18,11,47,65,54,39,67,54,43,66,54,22,22,10,23,23,10,24,24,10,47,65,53,43,66,53,38,64,53,24,12,10,25,13,10,26,14,10,46,62,51,38,64,51,42,63,51,26,25,10,27,26,10,12,27,10,46,62,50,42,63,50,37,61,50,14,31,12,16,29,12,28,34,12,45,59,48,37,61,48,41,60,48,12,33,13,14,31,13,29,35,13,45,59,47,41,60,47,36,58,47,26,32,14,12,33,14,30,36,14,6,6,45,36,58,45,40,57,45,24,30,15,26,32,15,31,37,15,6,6,44,40,57,44,5,5,44,22,28,16,24,30,16,32,38,16,5,49,43,34,40,43,4,56,43,22,28,17,33,39,17,20,21,17,34,40,42,1,48,42,4,56,42,18,20,18,20,21,18,34,40,18,1,48,41,33,39,41,2,55,41,16,29,19,18,20,19,35,41,19,2,55,40,33,39,40,11,47,40,40,50,28,35,41,28,5,49,28,11,47,39,32,38,39,9,54,39,36,42,29,35,41,29,40,50,29,9,54,38,32,38,38,10,46,38,41,51,30,28,34,30,36,42,30,10,46,37,31,37,37,44,9,37,37,43,31,28,34,31,41,51,31,44,9,36,31,37,36,39,45,36,38,44,32,29,35,32,42,52,32,39,45,35,30,36,35,43,53,35,42,52,33,29,35,33,37,43,33,43,53,34,30,36,34,38,44,34]}}}},"images":{"blade_png":"textures/blade.dds"},"materials":{"DiamondMaterial":{"effect":"DiamondMaterial-effect"}},"nodes":{"Diamond":{"geometryinstances":{"DiamondMesh":{"geometry":"DiamondMesh","material":"DiamondMaterial","surface":"DiamondMaterial"}},"matrix":[1,0,0,0,0,-1,0,1,0,0,0,0]}},"version":1}
