{"effects":{"smoke_matt_alphatest_uvtransform_noshadows_vcolour_nocull":{"meta":{"transparent":true},"parameters":{"diffuse":"materialsmoke_materialSwatches1_rockprop_01_b_file3"},"type":"blend"}},"geometries":{"headquartersmoke011Mesh":{"inputs":{"COLOR0":{"offset":0,"source":"headquartersmoke011-VERTEX_COLOR0"},"NORMAL":{"offset":2,"source":"headquartersmoke011-Normal0"},"POSITION":{"offset":3,"source":"headquartersmoke011-POSITION"},"TEXCOORD0":{"offset":1,"source":"headquartersmoke011-UV0"}},"meta":{"graphics":true},"sources":{"headquartersmoke011-Normal0":{"data":[0,0,1,1e-06,0,1,-1e-06,0,1],"max":[1e-06,0,1],"min":[-1e-06,0,1],"stride":3},"headquartersmoke011-POSITION":{"data":[-196.804,3334.86,-29.6542,-250.045,3334.86,-29.6542,-247.358,2949.02,-29.6542,-196.804,2949.02,-29.6542,-146.249,2949.02,-29.6542,-143.562,3334.86,-29.6542,-181.862,787.702,-29.6542,-179.788,836.492,-29.6542,-196.804,836.492,-29.6542,-196.804,787.702,-29.6542,-211.746,787.702,-29.6542,-213.819,836.492,-29.6542,-196.804,1658.59,-29.6542,-138.104,1658.59,-29.6542,-255.503,1658.59,-29.6542,-156.469,1213.97,-29.6542,-196.804,1213.97,-29.6542,-237.138,1213.97,-29.6542],"max":[-138.104,3334.86,-29.6542],"min":[-255.503,787.702,-29.6542],"stride":3},"headquartersmoke011-UV0":{"data":[-0.025709,0.462922,-0.025709,0.165319,0.129402,0.165319,0.129402,0.462922,0.548656,0.138301,0.393545,0.138301,0.393545,0.467834,0.548656,0.467834,1.43016,0.138301,1.39791,0.138301,1.39791,0.467834,1.43016,0.467834,1.0109,0.165319,1.0109,0.462922,0.978654,0.462922,0.978654,0.165319,1.06742,0.467834,1.06742,0.138301,0.648165,0.462922,0.648165,0.165319,1.24616,0.138301,1.24616,0.467834,0.826905,0.462922,0.826905,0.165319],"max":[1.43016,0.467834],"min":[-0.025709,0.138301],"stride":2},"headquartersmoke011-VERTEX_COLOR0":{"data":[1,1,1,0,0,0,0,0],"max":[1,1,1,0],"min":[0,0,0,0],"stride":4}},"surfaces":{"smoke_matt_alphatest_uvtransform_noshadows_vcolour_nocull":{"numPrimitives":20,"triangles":[0,0,0,0,0,1,0,1,0,2,0,2,0,2,0,2,0,3,0,3,0,0,0,0,0,3,0,3,0,2,0,2,1,18,0,12,1,19,0,14,1,18,0,12,0,2,0,2,1,18,0,12,1,19,0,14,1,23,0,17,1,23,0,17,1,22,0,16,1,18,0,12,1,22,0,16,1,23,0,17,1,15,0,11,1,15,0,11,1,14,0,8,1,22,0,16,1,14,0,8,1,15,0,11,1,12,2,10,1,12,2,10,1,13,0,9,1,14,0,8,0,4,0,4,0,5,0,5,0,6,0,0,0,6,0,0,0,7,0,3,0,4,0,4,1,16,0,12,0,4,0,4,0,7,0,3,1,16,0,12,1,17,0,13,0,4,0,4,1,20,0,15,1,17,0,13,1,16,0,12,1,16,0,12,1,21,0,16,1,20,0,15,1,9,0,7,1,20,0,15,1,21,0,16,1,21,0,16,1,10,0,8,1,9,0,7,1,8,1,6,1,9,0,7,1,10,0,8,1,10,0,8,1,11,0,9,1,8,1,6]}}},"headquartersmoke012Mesh":{"inputs":{"COLOR0":{"offset":0,"source":"headquartersmoke012-VERTEX_COLOR0"},"NORMAL":{"offset":2,"source":"headquartersmoke012-Normal0"},"POSITION":{"offset":3,"source":"headquartersmoke012-POSITION"},"TEXCOORD0":{"offset":1,"source":"headquartersmoke012-UV0"}},"meta":{"graphics":true},"sources":{"headquartersmoke012-Normal0":{"data":[0,0,1,1e-06,0,1,-1e-06,0,1],"max":[1e-06,0,1],"min":[-1e-06,0,1],"stride":3},"headquartersmoke012-POSITION":{"data":[218.908,3325.04,-29.6542,165.666,3325.04,-29.6542,168.354,2939.2,-29.6542,218.908,2939.2,-29.6542,269.462,2939.2,-29.6542,272.15,3325.04,-29.6542,233.85,777.886,-29.6542,235.924,826.677,-29.6542,218.908,826.677,-29.6542,218.908,777.886,-29.6542,203.966,777.886,-29.6542,201.892,826.677,-29.6542,218.908,1648.77,-29.6542,277.607,1648.77,-29.6542,160.208,1648.77,-29.6542,259.242,1204.15,-29.6542,218.908,1204.15,-29.6542,178.574,1204.15,-29.6542],"max":[277.607,3325.04,-29.6542],"min":[160.208,777.886,-29.6542],"stride":3},"headquartersmoke012-UV0":{"data":[0.583938,0.462922,0.583938,0.165319,0.739049,0.165319,0.739049,0.462922,1.1583,0.138301,1.00319,0.138301,1.00319,0.467834,1.1583,0.467834,2.0398,0.138301,2.00755,0.138301,2.00755,0.467834,2.0398,0.467834,1.62055,0.165319,1.62055,0.462922,1.5883,0.462922,1.5883,0.165319,1.67707,0.467834,1.67707,0.138301,1.25781,0.462922,1.25781,0.165319,1.85581,0.138301,1.85581,0.467834,1.43655,0.462922,1.43655,0.165319],"max":[2.0398,0.467834],"min":[0.583938,0.138301],"stride":2},"headquartersmoke012-VERTEX_COLOR0":{"data":[1,1,1,0,0,0,0,0],"max":[1,1,1,0],"min":[0,0,0,0],"stride":4}},"surfaces":{"smoke_matt_alphatest_uvtransform_noshadows_vcolour_nocull":{"numPrimitives":20,"triangles":[0,0,0,0,0,1,0,1,0,2,0,2,0,2,0,2,0,3,0,3,0,0,0,0,0,3,0,3,0,2,0,2,1,18,0,12,1,19,0,14,1,18,0,12,0,2,0,2,1,18,0,12,1,19,0,14,1,23,0,17,1,23,0,17,1,22,0,16,1,18,0,12,1,22,0,16,1,23,0,17,1,15,0,11,1,15,0,11,1,14,0,8,1,22,0,16,1,14,0,8,1,15,0,11,1,12,2,10,1,12,2,10,1,13,0,9,1,14,0,8,0,4,0,4,0,5,0,5,0,6,0,0,0,6,0,0,0,7,0,3,0,4,0,4,1,16,0,12,0,4,0,4,0,7,0,3,1,16,0,12,1,17,0,13,0,4,0,4,1,20,0,15,1,17,0,13,1,16,0,12,1,16,0,12,1,21,0,16,1,20,0,15,1,9,0,7,1,20,0,15,1,21,0,16,1,21,0,16,1,10,0,8,1,9,0,7,1,8,1,6,1,9,0,7,1,10,0,8,1,10,0,8,1,11,0,9,1,8,1,6]}}}},"images":{"materialsmoke_materialSwatches1_rockprop_01_b_file3":"environment/textures/wateredge_dif.dds"},"materials":{"smoke_matt_alphatest_uvtransform_noshadows_vcolour_nocull":{"effect":"smoke_matt_alphatest_uvtransform_noshadows_vcolour_nocull"}},"nodes":{"headquartersmoke011":{"geometryinstances":{"headquartersmoke011Mesh":{"geometry":"headquartersmoke011Mesh","material":"smoke_matt_alphatest_uvtransform_noshadows_vcolour_nocull","surface":"smoke_matt_alphatest_uvtransform_noshadows_vcolour_nocull"}},"matrix":[0.01,0,0,0,0.01,0,0,0,0.01,0,0,0]},"headquartersmoke012":{"geometryinstances":{"headquartersmoke012Mesh":{"geometry":"headquartersmoke012Mesh","material":"smoke_matt_alphatest_uvtransform_noshadows_vcolour_nocull","surface":"smoke_matt_alphatest_uvtransform_noshadows_vcolour_nocull"}},"matrix":[0.01,0,0,0,0.01,0,0,0,0.01,0,0,0]}},"version":1}
