{"effects":{"smoke_matt_alphatest_uvtransform_noshadows_vcolour_nocull":{"meta":{"transparent":true},"parameters":{"diffuse":"materialsmoke_materialSwatches1_rockprop_01_b_file3"},"type":"blend"}},"geometries":{"headquartersmoke_04Mesh":{"inputs":{"COLOR0":{"offset":0,"source":"headquartersmoke_04-VERTEX_COLOR0"},"NORMAL":{"offset":2,"source":"headquartersmoke_04-Normal0"},"POSITION":{"offset":3,"source":"headquartersmoke_04-POSITION"},"TEXCOORD0":{"offset":1,"source":"headquartersmoke_04-UV0"}},"meta":{"graphics":true},"sources":{"headquartersmoke_04-Normal0":{"data":[0,0,1,1e-06,0,1,-1e-06,0,1],"max":[1e-06,0,1],"min":[-1e-06,0,1],"stride":3},"headquartersmoke_04-POSITION":{"data":[-114.001,2959.75,-20.3411,-167.242,2959.75,-20.3411,-164.555,2573.91,-20.3411,-114.001,2573.91,-20.3411,-63.4463,2573.91,-20.3411,-60.759,2959.75,-20.3411,-101.92,377.613,-20.3411,-100.243,461.385,-20.3411,-114.001,461.385,-20.3411,-114.001,377.613,-20.3411,-126.082,377.613,-20.3411,-127.758,461.385,-20.3411,-114.001,1283.48,-20.3411,-55.3012,1283.48,-20.3411,-172.7,1283.48,-20.3411,-73.6663,838.862,-20.3411,-114.001,838.862,-20.3411,-154.335,838.862,-20.3411],"max":[-55.3012,2959.75,-20.3411],"min":[-172.7,377.613,-20.3411],"stride":3},"headquartersmoke_04-UV0":{"data":[-0.025709,0.462922,-0.025709,0.165319,0.129402,0.165319,0.129402,0.462922,0.548656,0.138301,0.393545,0.138301,0.393545,0.467834,0.548656,0.467834,1.43016,0.138301,1.39791,0.138301,1.39791,0.467834,1.43016,0.467834,1.0109,0.165319,1.0109,0.462922,0.978654,0.462922,0.978654,0.165319,1.06742,0.467834,1.06742,0.138301,0.648165,0.462922,0.648165,0.165319,1.24616,0.138301,1.24616,0.467834,0.826905,0.462922,0.826905,0.165319],"max":[1.43016,0.467834],"min":[-0.025709,0.138301],"stride":2},"headquartersmoke_04-VERTEX_COLOR0":{"data":[1,1,1,0,0,0,0,0],"max":[1,1,1,0],"min":[0,0,0,0],"stride":4}},"surfaces":{"smoke_matt_alphatest_uvtransform_noshadows_vcolour_nocull":{"numPrimitives":20,"triangles":[0,0,0,0,0,1,0,1,0,2,0,2,0,2,0,2,0,3,0,3,0,0,0,0,0,3,0,3,0,2,0,2,1,18,0,12,1,19,0,14,1,18,0,12,0,2,0,2,1,18,0,12,1,19,0,14,1,23,0,17,1,23,0,17,1,22,0,16,1,18,0,12,1,22,0,16,1,23,0,17,1,15,0,11,1,15,0,11,1,14,0,8,1,22,0,16,1,14,0,8,1,15,0,11,1,12,2,10,1,12,2,10,1,13,0,9,1,14,0,8,0,4,0,4,0,5,0,5,0,6,0,0,0,6,0,0,0,7,0,3,0,4,0,4,1,16,0,12,0,4,0,4,0,7,0,3,1,16,0,12,1,17,0,13,0,4,0,4,1,20,0,15,1,17,0,13,1,16,0,12,1,16,0,12,1,21,0,16,1,20,0,15,1,9,0,7,1,20,0,15,1,21,0,16,1,21,0,16,1,10,0,8,1,9,0,7,1,8,1,6,1,9,0,7,1,10,0,8,1,10,0,8,1,11,0,9,1,8,1,6]}}}},"images":{"materialsmoke_materialSwatches1_rockprop_01_b_file3":"environment/textures/wateredge_dif.dds"},"materials":{"smoke_matt_alphatest_uvtransform_noshadows_vcolour_nocull":{"effect":"smoke_matt_alphatest_uvtransform_noshadows_vcolour_nocull"}},"nodes":{"headquartersmoke_04":{"geometryinstances":{"headquartersmoke_04Mesh":{"geometry":"headquartersmoke_04Mesh","material":"smoke_matt_alphatest_uvtransform_noshadows_vcolour_nocull","surface":"smoke_matt_alphatest_uvtransform_noshadows_vcolour_nocull"}},"matrix":[0.01,0,0,0,0.01,0,0,0,0.01,0,0,0]}},"version":1}
