{"effects":{"smoke_matt_alphatest_uvtransform_noshadows_vcolour_nocull":{"meta":{"transparent":true},"parameters":{"diffuse":"materialsmoke_materialSwatches1_rockprop_01_b_file3"},"type":"blend"}},"geometries":{"headquartersmoke_03Mesh":{"inputs":{"COLOR0":{"offset":0,"source":"headquartersmoke_03-VERTEX_COLOR0"},"NORMAL":{"offset":2,"source":"headquartersmoke_03-Normal0"},"POSITION":{"offset":3,"source":"headquartersmoke_03-POSITION"},"TEXCOORD0":{"offset":1,"source":"headquartersmoke_03-UV0"}},"meta":{"graphics":true},"sources":{"headquartersmoke_03-Normal0":{"data":[0,0,1],"max":[0,0,1],"min":[0,0,1],"stride":3},"headquartersmoke_03-POSITION":{"data":[-154.32,1820.83,-10.7323,-120.205,2081.2,-10.7323,-156.133,2081.2,-10.7323,-120.205,1820.83,-10.7323,-86.0907,1820.83,-10.7323,-84.2774,2081.2,-10.7323,-110.424,332.251,-10.7323,-105.357,395.284,-10.7323,-120.205,395.284,-10.7323,-120.205,332.251,-10.7323,-129.986,332.251,-10.7323,-135.053,395.284,-10.7323,-91.9115,950.04,-10.7323,-120.205,950.04,-10.7323,-148.499,950.04,-10.7323],"max":[-84.2774,2081.2,-10.7323],"min":[-156.133,332.251,-10.7323],"stride":3},"headquartersmoke_03-UV0":{"data":[0.592503,0.165319,0.437391,0.462922,0.437391,0.165319,0.592503,0.462922,1.01176,0.138301,0.856645,0.138301,0.856645,0.467834,1.01176,0.467834,1.89326,0.138301,1.86101,0.138301,1.86101,0.467834,1.89326,0.467834,1.474,0.165319,1.474,0.462922,1.44175,0.462922,1.44175,0.165319,1.53052,0.138301,1.53052,0.467834,1.11127,0.165319,1.11127,0.462922],"max":[1.89326,0.467834],"min":[0.437391,0.138301],"stride":2},"headquartersmoke_03-VERTEX_COLOR0":{"data":[1,1,1,0,0,0,0,0],"max":[1,1,1,0],"min":[0,0,0,0],"stride":4}},"surfaces":{"smoke_matt_alphatest_uvtransform_noshadows_vcolour_nocull":{"numPrimitives":16,"triangles":[1,12,0,10,1,13,0,9,1,14,0,8,1,14,0,8,1,15,0,11,1,12,0,10,1,15,0,11,1,14,0,8,1,19,0,13,1,19,0,13,1,18,0,14,1,15,0,11,1,18,0,14,1,19,0,13,0,3,0,3,0,3,0,3,0,0,0,0,1,18,0,14,0,0,0,0,0,3,0,3,0,1,0,1,0,0,0,0,0,1,0,1,0,2,0,2,0,4,0,4,0,5,0,5,0,6,0,1,0,6,0,1,0,7,0,3,0,4,0,4,1,16,0,12,0,4,0,4,0,7,0,3,0,7,0,3,1,17,0,13,1,16,0,12,1,9,0,7,1,16,0,12,1,17,0,13,1,17,0,13,1,10,0,8,1,9,0,7,1,8,0,6,1,9,0,7,1,10,0,8,1,10,0,8,1,11,0,9,1,8,0,6]}}}},"images":{"materialsmoke_materialSwatches1_rockprop_01_b_file3":"environment/textures/wateredge_dif.dds"},"materials":{"smoke_matt_alphatest_uvtransform_noshadows_vcolour_nocull":{"effect":"smoke_matt_alphatest_uvtransform_noshadows_vcolour_nocull"}},"nodes":{"headquartersmoke_03":{"geometryinstances":{"headquartersmoke_03Mesh":{"geometry":"headquartersmoke_03Mesh","material":"smoke_matt_alphatest_uvtransform_noshadows_vcolour_nocull","surface":"smoke_matt_alphatest_uvtransform_noshadows_vcolour_nocull"}},"matrix":[0.01,0,0,0,0.01,0,0,0,0.01,0,0,0]}},"version":1}
