{"effects":{"smoke_matt_alphatest_uvtransform_noshadows_vcolour_nocull":{"meta":{"transparent":true},"parameters":{"diffuse":"materialsmoke_materialSwatches1_rockprop_01_b_file3"},"type":"blend"}},"geometries":{"headquartersmoke01Mesh":{"inputs":{"COLOR0":{"offset":0,"source":"headquartersmoke01-VERTEX_COLOR0"},"NORMAL":{"offset":2,"source":"headquartersmoke01-Normal0"},"POSITION":{"offset":3,"source":"headquartersmoke01-POSITION"},"TEXCOORD0":{"offset":1,"source":"headquartersmoke01-UV0"}},"meta":{"graphics":true},"sources":{"headquartersmoke01-Normal0":{"data":[0,0,1,1e-06,0,1,-1e-06,0,1],"max":[1e-06,0,1],"min":[-1e-06,0,1],"stride":3},"headquartersmoke01-POSITION":{"data":[-141.227,2669.17,-20.3411,-90.6724,3055.01,-20.3411,-143.914,3055.01,-20.3411,-90.6724,2669.17,-20.3411,-40.118,2669.17,-20.3411,-37.4307,3055.01,-20.3411,-75.7303,507.849,-20.3411,-73.6566,556.64,-20.3411,-90.6724,556.64,-20.3411,-90.6724,507.849,-20.3411,-105.614,507.849,-20.3411,-107.688,556.64,-20.3411,-90.6724,1378.73,-20.3411,-31.9729,1378.73,-20.3411,-149.372,1378.73,-20.3411,-50.338,934.117,-20.3411,-90.6724,934.117,-20.3411,-131.007,934.117,-20.3411],"max":[-31.9729,3055.01,-20.3411],"min":[-149.372,507.849,-20.3411],"stride":3},"headquartersmoke01-UV0":{"data":[0.129402,0.165319,-0.025709,0.462922,-0.025709,0.165319,0.129402,0.462922,0.548656,0.138301,0.393545,0.138301,0.393545,0.467834,0.548656,0.467834,1.43016,0.138301,1.39791,0.138301,1.39791,0.467834,1.43016,0.467834,1.0109,0.165319,1.0109,0.462922,0.978654,0.462922,0.978654,0.165319,1.06742,0.467834,1.06742,0.138301,0.648165,0.462922,0.648165,0.165319,1.24616,0.138301,1.24616,0.467834,0.826905,0.462922,0.826905,0.165319],"max":[1.43016,0.467834],"min":[-0.025709,0.138301],"stride":2},"headquartersmoke01-VERTEX_COLOR0":{"data":[1,1,1,0,0,0,0,0],"max":[1,1,1,0],"min":[0,0,0,0],"stride":4}},"surfaces":{"smoke_matt_alphatest_uvtransform_noshadows_vcolour_nocull":{"numPrimitives":20,"triangles":[1,12,2,10,1,13,0,9,1,14,0,8,1,14,0,8,1,15,0,11,1,12,2,10,1,15,0,11,1,14,0,8,1,22,0,16,1,22,0,16,1,23,0,17,1,15,0,11,1,23,0,17,1,22,0,16,1,18,0,12,1,18,0,12,1,19,0,14,1,23,0,17,1,19,0,14,1,18,0,12,0,0,0,0,0,3,0,3,0,0,0,0,1,18,0,12,0,0,0,0,0,3,0,3,0,1,0,1,0,0,0,0,0,1,0,1,0,2,0,2,0,4,0,4,0,5,0,5,0,6,0,1,0,6,0,1,0,7,0,3,0,4,0,4,1,16,0,12,0,4,0,4,0,7,0,3,1,16,0,12,1,17,0,13,0,4,0,4,1,20,0,15,1,17,0,13,1,16,0,12,1,16,0,12,1,21,0,16,1,20,0,15,1,9,0,7,1,20,0,15,1,21,0,16,1,21,0,16,1,10,0,8,1,9,0,7,1,8,1,6,1,9,0,7,1,10,0,8,1,10,0,8,1,11,0,9,1,8,1,6]}}},"headquartersmoke02Mesh":{"inputs":{"COLOR0":{"offset":0,"source":"headquartersmoke02-VERTEX_COLOR0"},"NORMAL":{"offset":2,"source":"headquartersmoke02-Normal0"},"POSITION":{"offset":3,"source":"headquartersmoke02-POSITION"},"TEXCOORD0":{"offset":1,"source":"headquartersmoke02-UV0"}},"meta":{"graphics":true},"sources":{"headquartersmoke02-Normal0":{"data":[0,0,1],"max":[0,0,1],"min":[0,0,1],"stride":3},"headquartersmoke02-POSITION":{"data":[123.319,1953.46,-5.30695,159.912,2232.75,-5.30695,121.374,2232.75,-5.30695,159.912,1953.46,-5.30695,196.505,1953.46,-5.30696,198.45,2232.75,-5.30696,176.655,389.033,-5.30695,178.979,424.349,-5.30696,159.912,424.349,-5.30695,159.912,389.033,-5.30695,143.168,389.033,-5.30694,140.845,424.349,-5.30696,190.261,1019.41,-5.30694,159.912,1019.41,-5.30695,129.563,1019.41,-5.30695],"max":[198.45,2232.75,-5.30694],"min":[121.374,389.033,-5.30696],"stride":3},"headquartersmoke02-UV0":{"data":[0.592503,0.165319,0.437391,0.462922,0.437391,0.165319,0.592503,0.462922,1.01176,0.138301,0.856645,0.138301,0.856645,0.467834,1.01176,0.467834,1.89326,0.138301,1.86101,0.138301,1.86101,0.467834,1.89326,0.467834,1.474,0.165319,1.474,0.462922,1.44175,0.462922,1.44175,0.165319,1.53052,0.138301,1.53052,0.467834,1.11127,0.165319,1.11127,0.462922],"max":[1.89326,0.467834],"min":[0.437391,0.138301],"stride":2},"headquartersmoke02-VERTEX_COLOR0":{"data":[1,1,1,0,0,0,0,0],"max":[1,1,1,0],"min":[0,0,0,0],"stride":4}},"surfaces":{"smoke_matt_alphatest_uvtransform_noshadows_vcolour_nocull":{"numPrimitives":16,"triangles":[1,12,0,10,1,13,0,9,1,14,0,8,1,14,0,8,1,15,0,11,1,12,0,10,1,15,0,11,1,14,0,8,1,19,0,13,1,19,0,13,1,18,0,14,1,15,0,11,1,18,0,14,1,19,0,13,0,3,0,3,0,3,0,3,0,0,0,0,1,18,0,14,0,0,0,0,0,3,0,3,0,1,0,1,0,0,0,0,0,1,0,1,0,2,0,2,0,4,0,4,0,5,0,5,0,6,0,1,0,6,0,1,0,7,0,3,0,4,0,4,1,16,0,12,0,4,0,4,0,7,0,3,0,7,0,3,1,17,0,13,1,16,0,12,1,9,0,7,1,16,0,12,1,17,0,13,1,17,0,13,1,10,0,8,1,9,0,7,1,8,0,6,1,9,0,7,1,10,0,8,1,10,0,8,1,11,0,9,1,8,0,6]}}}},"images":{"materialsmoke_materialSwatches1_rockprop_01_b_file3":"environment/textures/wateredge_dif.dds"},"materials":{"smoke_matt_alphatest_uvtransform_noshadows_vcolour_nocull":{"effect":"smoke_matt_alphatest_uvtransform_noshadows_vcolour_nocull"}},"nodes":{"headquartersmoke01":{"geometryinstances":{"headquartersmoke01Mesh":{"geometry":"headquartersmoke01Mesh","material":"smoke_matt_alphatest_uvtransform_noshadows_vcolour_nocull","surface":"smoke_matt_alphatest_uvtransform_noshadows_vcolour_nocull"}},"matrix":[0.01,0,0,0,0.01,0,0,0,0.01,0,0,0]},"headquartersmoke02":{"geometryinstances":{"headquartersmoke02Mesh":{"geometry":"headquartersmoke02Mesh","material":"smoke_matt_alphatest_uvtransform_noshadows_vcolour_nocull","surface":"smoke_matt_alphatest_uvtransform_noshadows_vcolour_nocull"}},"matrix":[0.01,0,0,0,0.01,0,0,0,0.01,0,0,0]}},"version":1}
