{"effects":{"smoke_matt_alphatest_uvtransform_noshadows_vcolour_nocull":{"meta":{"transparent":true},"parameters":{"diffuse":"materialsmoke_materialSwatches1_rockprop_01_b_file3"},"type":"blend"}},"geometries":{"workshopsmoke03Mesh":{"inputs":{"COLOR0":{"offset":0,"source":"workshopsmoke03-VERTEX_COLOR0"},"NORMAL":{"offset":2,"source":"workshopsmoke03-Normal0"},"POSITION":{"offset":3,"source":"workshopsmoke03-POSITION"},"TEXCOORD0":{"offset":1,"source":"workshopsmoke03-UV0"}},"meta":{"graphics":true},"sources":{"workshopsmoke03-Normal0":{"data":[0,0,1],"max":[0,0,1],"min":[0,0,1],"stride":3},"workshopsmoke03-POSITION":{"data":[-6.68121,2530.03,5.08731,-6.68121,3297.33,5.08731,-53.8031,3297.33,5.08731,-64.1976,2530.03,5.08731,40.4406,3297.33,5.08731,50.8354,2530.03,5.08731,10.6419,46.5323,5.08731,13.2591,126.568,5.08731,-6.68121,126.568,5.08731,-6.68121,46.5323,5.08731,-24.0043,46.5323,5.08731,-26.6215,126.568,5.08731,-6.68121,1061.88,5.08731,60.1022,1061.88,5.08731,-73.4646,1061.88,5.08731,44.2082,556.031,5.08731,-6.68121,556.031,5.08731,-57.5706,556.031,5.0873],"max":[60.1022,3297.33,5.08731],"min":[-73.4646,46.5323,5.0873],"stride":3},"workshopsmoke03-UV0":{"data":[0.129402,0.462922,-0.025709,0.462922,-0.025709,0.165319,0.129402,0.165319,0.548656,0.467834,0.393545,0.138301,0.393545,0.467834,0.548656,0.138301,1.43016,0.138301,1.39791,0.138301,1.39791,0.467834,1.43016,0.467834,1.0109,0.165319,1.0109,0.462922,0.978654,0.462922,0.978654,0.165319,1.06742,0.467834,1.06742,0.138301,0.648165,0.462922,0.648165,0.165319,1.24616,0.138301,1.24616,0.467834,0.826905,0.462922,0.826905,0.165319],"max":[1.43016,0.467834],"min":[-0.025709,0.138301],"stride":2},"workshopsmoke03-VERTEX_COLOR0":{"data":[1,1,1,0,0,0,0,0],"max":[1,1,1,0],"min":[0,0,0,0],"stride":4}},"surfaces":{"smoke_matt_alphatest_uvtransform_noshadows_vcolour_nocull":{"numPrimitives":20,"triangles":[1,10,0,8,1,11,0,9,1,8,0,6,1,8,0,6,1,9,0,7,1,10,0,8,1,21,0,16,1,10,0,8,1,9,0,7,1,9,0,7,1,20,0,15,1,21,0,16,1,16,0,12,1,21,0,16,1,20,0,15,1,20,0,15,1,17,0,13,1,16,0,12,1,16,0,12,1,17,0,13,0,7,0,5,1,16,0,12,0,7,0,5,0,4,0,0,0,4,0,0,0,7,0,5,0,5,0,4,0,4,0,0,0,5,0,4,0,6,0,1,0,0,0,0,0,1,0,1,0,2,0,2,0,2,0,2,0,3,0,3,0,0,0,0,0,0,0,0,0,3,0,3,1,18,0,12,1,19,0,14,1,18,0,12,0,3,0,3,1,18,0,12,1,19,0,14,1,23,0,17,1,23,0,17,1,22,0,16,1,18,0,12,1,22,0,16,1,23,0,17,1,15,0,11,1,15,0,11,1,14,0,8,1,22,0,16,1,14,0,8,1,15,0,11,1,12,0,10,1,12,0,10,1,13,0,9,1,14,0,8]}}},"workshopsmoke04Mesh":{"inputs":{"COLOR0":{"offset":0,"source":"workshopsmoke04-VERTEX_COLOR0"},"NORMAL":{"offset":2,"source":"workshopsmoke04-Normal0"},"POSITION":{"offset":3,"source":"workshopsmoke04-POSITION"},"TEXCOORD0":{"offset":1,"source":"workshopsmoke04-UV0"}},"meta":{"graphics":true},"sources":{"workshopsmoke04-Normal0":{"data":[0,0,1],"max":[0,0,1],"min":[0,0,1],"stride":3},"workshopsmoke04-POSITION":{"data":[-3.40122,2516.05,-0.219166,16.0698,2937.07,-0.219165,-4.43623,2937.07,-0.219166,16.0698,2516.05,-0.219165,35.5408,2516.05,-0.219166,36.5758,2937.07,-0.219166,24.979,75.8567,-0.219166,26.2154,210.936,-0.219166,16.0698,210.936,-0.219165,16.0698,75.8567,-0.219165,7.16062,75.8567,-0.219166,5.92416,210.936,-0.219166,32.2186,1107.98,-0.219167,16.0698,1107.98,-0.219165,-0.079018,1107.98,-0.219166],"max":[36.5758,2937.07,-0.219165],"min":[-4.43623,75.8567,-0.219167],"stride":3},"workshopsmoke04-UV0":{"data":[0.936434,0.165319,0.781322,0.462922,0.781322,0.165319,0.936434,0.462922,1.35569,0.138301,1.20058,0.138301,1.20058,0.467834,1.35569,0.467834,2.23719,0.138301,2.20494,0.138301,2.20494,0.467834,2.23719,0.467834,1.81793,0.165319,1.81793,0.462922,1.78568,0.462922,1.78568,0.165319,1.87445,0.138301,1.87445,0.467834,1.4552,0.165319,1.4552,0.462922],"max":[2.23719,0.467834],"min":[0.781322,0.138301],"stride":2},"workshopsmoke04-VERTEX_COLOR0":{"data":[1,1,1,0,0,0,0,0],"max":[1,1,1,0],"min":[0,0,0,0],"stride":4}},"surfaces":{"smoke_matt_alphatest_uvtransform_noshadows_vcolour_nocull":{"numPrimitives":16,"triangles":[1,12,0,10,1,13,0,9,1,14,0,8,1,14,0,8,1,15,0,11,1,12,0,10,1,15,0,11,1,14,0,8,1,19,0,13,1,19,0,13,1,18,0,14,1,15,0,11,1,18,0,14,1,19,0,13,0,3,0,3,0,3,0,3,0,0,0,0,1,18,0,14,0,0,0,0,0,3,0,3,0,1,0,1,0,0,0,0,0,1,0,1,0,2,0,2,0,4,0,4,0,5,0,5,0,6,0,1,0,6,0,1,0,7,0,3,0,4,0,4,1,16,0,12,0,4,0,4,0,7,0,3,0,7,0,3,1,17,0,13,1,16,0,12,1,9,0,7,1,16,0,12,1,17,0,13,1,17,0,13,1,10,0,8,1,9,0,7,1,8,0,6,1,9,0,7,1,10,0,8,1,10,0,8,1,11,0,9,1,8,0,6]}}}},"images":{"materialsmoke_materialSwatches1_rockprop_01_b_file3":"environment/textures/wateredge_dif.dds"},"materials":{"smoke_matt_alphatest_uvtransform_noshadows_vcolour_nocull":{"effect":"smoke_matt_alphatest_uvtransform_noshadows_vcolour_nocull"}},"nodes":{"workshopsmoke03":{"geometryinstances":{"workshopsmoke03Mesh":{"geometry":"workshopsmoke03Mesh","material":"smoke_matt_alphatest_uvtransform_noshadows_vcolour_nocull","surface":"smoke_matt_alphatest_uvtransform_noshadows_vcolour_nocull"}},"matrix":[0.01,0,0,0,0.01,0,0,0,0.01,0.176895,-0.709565,0]},"workshopsmoke04":{"geometryinstances":{"workshopsmoke04Mesh":{"geometry":"workshopsmoke04Mesh","material":"smoke_matt_alphatest_uvtransform_noshadows_vcolour_nocull","surface":"smoke_matt_alphatest_uvtransform_noshadows_vcolour_nocull"}},"matrix":[0.01,0,0,0,0.01,0,0,0,0.01,-0.296559,-0.709565,0]}},"version":1}
