{"effects":{"wildlingscolour_default":{"meta":{"normals":true},"parameters":{"diffuse":"pasted__monsterscolour_1","reflectivity":0.5,"shininess":1.73205},"type":"phong"}},"geometries":{"e_b_barricadegate_level02Mesh":{"inputs":{"NORMAL":{"offset":0,"source":"e_b_barricadegate_level02-Normal0"},"POSITION":{"offset":0,"source":"e_b_barricadegate_level02-POSITION"},"TEXCOORD0":{"offset":1,"source":"e_b_barricadegate_level02-UV0"}},"meta":{"graphics":true},"sources":{"e_b_barricadegate_level02-Normal0":{"data":[-0.998523,0.018361,0.05114,-0.99745,0.054829,0.045681,-0.991007,0.051073,-0.123676,-0.993609,0.0185,-0.111354,0.053646,0.019545,0.998369,0.046468,0.05256,0.997536,-0.114528,0.04677,0.992319,-0.107601,0.019339,0.994006,0.008209,0.999741,0.021225,-0.132406,0.981585,-0.137695,-0.13916,0.990077,0.019527,0.021306,0.992071,-0.123859,0.998256,0.04638,-0.036527,0.990988,0.050768,0.123955,0.993641,0.01975,0.110848,0.99849,0.019576,-0.051325,-0.044449,0.049204,-0.997799,0.107315,0.018802,-0.994047,-0.054802,0.018928,-0.998318,0.12424,0.055248,-0.990713,-0.074907,0.019294,0.997004,0.063693,0.019534,0.997778,0.996857,0.019684,0.076732,0.997891,0.019542,-0.061893,0.07618,0.018763,-0.996918,-0.062987,0.018866,-0.997836,-0.996916,0.018423,-0.076285,-0.997837,0.018352,0.06313],"max":[0.99849,0.999741,0.998369],"min":[-0.998523,0.018352,-0.998318],"stride":3},"e_b_barricadegate_level02-POSITION":{"data":[-11.8155,29.3624,9.88953,-11.3679,81.5814,8.14176,-10.2101,80.6404,-9.43389,-11.5036,29.109,-10.2376,9.8603,29.7302,11.7716,8.03323,82.9465,11.2046,-9.52517,81.7721,10.175,-10.2622,29.4138,11.4942,8.22523,84.4165,9.2398,-8.01539,82.3268,-9.1106,-9.14675,83.2546,8.2484,9.35659,83.4887,-8.1192,11.2581,82.041,-8.17405,10.088,82.9808,9.39588,11.4708,29.7394,10.2274,11.786,29.4863,-9.89823,-8.11312,80.6575,-11.2801,10.2443,29.4289,-11.5093,-9.88182,29.1136,-11.7919,9.4589,81.8279,-10.2311,-10.5339,10.1101,11.9806,10.5339,10.1101,11.9806,11.9806,10.1101,10.5339,11.9806,10.1101,-10.5339,10.5339,10.1101,-11.9806,-10.5339,10.1101,-11.9806,-11.9806,10.1101,-10.5339,-11.9806,10.1101,10.5339],"max":[11.9806,84.4165,11.9806],"min":[-11.9806,10.1101,-11.9806],"stride":3},"e_b_barricadegate_level02-UV0":{"data":[0.276507,0.214175,0.273516,0.164655,0.258441,0.166637,0.254812,0.214709,0.22158,0.213343,0.218394,0.161566,0.203455,0.164191,0.199921,0.21405,0.276615,0.161571,0.261464,0.147393,0.261837,0.162282,0.276243,0.146682,0.245245,0.163465,0.230174,0.161485,0.22656,0.213322,0.248255,0.213855,0.284479,0.22981,0.302937,0.182398,0.281275,0.181691,0.299432,0.232433,0.203745,0.023807,0.219332,0.023791,0.219152,0.021782,0.203732,0.025842,0.224117,0.074905,0.220955,0.023311,0.222427,0.075034,0.220236,0.020594,0.218416,0.019096,0.262151,0.071653,0.262537,0.087059,0.264329,0.087094,0.263961,0.071498,0.262674,0.08888,0.26597,0.092567,0.267669,0.090833,0.201207,0.023062,0.201911,0.025777,0.203009,0.021121,0.198234,0.075569,0.199977,0.075586,0.225897,0.093423,0.227637,0.093927,0.231246,0.041783,0.229524,0.041648,0.202855,0.022559,0.565323,0.684953,0.565323,0.70195,0.581152,0.701407,0.580896,0.685172,0.564339,0.598657,0.567445,0.56388,0.564709,0.563896,0.566902,0.598657,0.597058,0.701437,0.597263,0.685201,0.581426,0.684953,0.581426,0.70195,0.567682,0.598555,0.570413,0.598657,0.570758,0.564328,0.568195,0.564328,0.599037,0.667821,0.583706,0.668347,0.599037,0.684818,0.583451,0.684584,0.575779,0.598649,0.577497,0.564989,0.574934,0.564989,0.578652,0.598657,0.583244,0.683131,0.567712,0.666654,0.567712,0.683651,0.583039,0.666893,0.572161,0.598657,0.573862,0.564457,0.571019,0.564548,0.574724,0.598657],"max":[0.599037,0.70195],"min":[0.198234,0.019096],"stride":2}},"surfaces":{"wildlingscolour_default":{"numPrimitives":46,"triangles":[4,4,5,5,6,6,6,6,7,7,4,4,3,73,26,71,0,70,0,70,26,71,27,72,18,69,25,67,3,66,3,66,25,67,26,68,25,62,18,63,24,64,18,63,17,65,24,64,11,11,9,9,8,8,8,8,9,9,10,10,11,38,12,45,19,36,9,20,11,38,19,36,19,36,16,37,9,20,16,37,2,23,9,20,16,37,18,39,2,23,2,23,18,39,3,40,9,20,2,23,1,21,9,20,1,21,10,22,1,21,6,25,10,22,10,22,6,25,5,27,5,27,8,28,10,22,7,24,6,25,1,21,1,21,0,26,7,24,4,34,14,35,13,31,13,31,5,33,4,34,8,30,5,33,13,31,11,29,8,30,13,31,13,31,12,32,11,29,0,0,1,1,2,2,2,2,3,3,0,0,7,75,27,74,20,77,27,74,7,75,0,76,17,58,15,59,23,60,23,60,24,61,17,58,15,54,14,55,22,56,22,56,23,57,15,54,21,50,22,53,14,51,21,50,14,51,4,52,20,46,21,47,4,48,4,48,7,49,20,46,19,41,12,42,15,43,15,43,17,44,19,41,16,16,19,19,17,17,16,16,17,17,18,18,12,12,13,13,14,14,14,14,15,15,12,12]}}}},"images":{"pasted__monsterscolour_1":"characters/textures/wildlingscolour01.dds"},"materials":{"wildlingscolour_default":{"effect":"wildlingscolour_default"}},"nodes":{"e_b_barricadegate_level02":{"geometryinstances":{"e_b_barricadegate_level02Mesh":{"geometry":"e_b_barricadegate_level02Mesh","material":"wildlingscolour_default","surface":"wildlingscolour_default"}},"matrix":[0.01,0,0,0,0.01,0,0,0,0.01,0,0,0]}},"version":1}
