{"effects":{"smoke_matt_alphatest_uvtransform_noshadows_vcolour_nocull":{"meta":{"transparent":true},"parameters":{"diffuse":"materialsmoke_materialSwatches1_rockprop_01_b_file3"},"type":"blend"}},"geometries":{"headquartersmoke010Mesh":{"inputs":{"COLOR0":{"offset":0,"source":"headquartersmoke010-VERTEX_COLOR0"},"NORMAL":{"offset":2,"source":"headquartersmoke010-Normal0"},"POSITION":{"offset":3,"source":"headquartersmoke010-POSITION"},"TEXCOORD0":{"offset":1,"source":"headquartersmoke010-UV0"}},"meta":{"graphics":true},"sources":{"headquartersmoke010-Normal0":{"data":[0,0,1,1e-06,0,1,-1e-06,0,1],"max":[1e-06,0,1],"min":[-1e-06,0,1],"stride":3},"headquartersmoke010-POSITION":{"data":[197.675,3176.91,-29.6542,144.433,3176.91,-29.6542,147.12,2791.07,-29.6542,197.675,2791.07,-29.6542,248.229,2791.07,-29.6542,250.916,3176.91,-29.6542,212.617,629.751,-29.6542,214.69,678.542,-29.6542,197.675,678.542,-29.6542,197.675,629.751,-29.6542,182.733,629.751,-29.6542,180.659,678.542,-29.6542,197.675,1500.64,-29.6542,256.374,1500.64,-29.6542,138.975,1500.64,-29.6542,238.009,1056.02,-29.6542,197.675,1056.02,-29.6542,157.34,1056.02,-29.6542],"max":[256.374,3176.91,-29.6542],"min":[138.975,629.751,-29.6542],"stride":3},"headquartersmoke010-UV0":{"data":[0.583938,0.462922,0.583938,0.165319,0.739049,0.165319,0.739049,0.462922,1.1583,0.138301,1.00319,0.138301,1.00319,0.467834,1.1583,0.467834,2.0398,0.138301,2.00755,0.138301,2.00755,0.467834,2.0398,0.467834,1.62055,0.165319,1.62055,0.462922,1.5883,0.462922,1.5883,0.165319,1.67707,0.467834,1.67707,0.138301,1.25781,0.462922,1.25781,0.165319,1.85581,0.138301,1.85581,0.467834,1.43655,0.462922,1.43655,0.165319],"max":[2.0398,0.467834],"min":[0.583938,0.138301],"stride":2},"headquartersmoke010-VERTEX_COLOR0":{"data":[1,1,1,0,0,0,0,0],"max":[1,1,1,0],"min":[0,0,0,0],"stride":4}},"surfaces":{"smoke_matt_alphatest_uvtransform_noshadows_vcolour_nocull":{"numPrimitives":20,"triangles":[0,0,0,0,0,1,0,1,0,2,0,2,0,2,0,2,0,3,0,3,0,0,0,0,0,3,0,3,0,2,0,2,1,18,0,12,1,19,0,14,1,18,0,12,0,2,0,2,1,18,0,12,1,19,0,14,1,23,0,17,1,23,0,17,1,22,0,16,1,18,0,12,1,22,0,16,1,23,0,17,1,15,0,11,1,15,0,11,1,14,0,8,1,22,0,16,1,14,0,8,1,15,0,11,1,12,2,10,1,12,2,10,1,13,0,9,1,14,0,8,0,4,0,4,0,5,0,5,0,6,0,0,0,6,0,0,0,7,0,3,0,4,0,4,1,16,0,12,0,4,0,4,0,7,0,3,1,16,0,12,1,17,0,13,0,4,0,4,1,20,0,15,1,17,0,13,1,16,0,12,1,16,0,12,1,21,0,16,1,20,0,15,1,9,0,7,1,20,0,15,1,21,0,16,1,21,0,16,1,10,0,8,1,9,0,7,1,8,1,6,1,9,0,7,1,10,0,8,1,10,0,8,1,11,0,9,1,8,1,6]}}},"headquartersmoke09Mesh":{"inputs":{"COLOR0":{"offset":0,"source":"headquartersmoke09-VERTEX_COLOR0"},"NORMAL":{"offset":2,"source":"headquartersmoke09-Normal0"},"POSITION":{"offset":3,"source":"headquartersmoke09-POSITION"},"TEXCOORD0":{"offset":1,"source":"headquartersmoke09-UV0"}},"meta":{"graphics":true},"sources":{"headquartersmoke09-Normal0":{"data":[0,0,1,1e-06,0,1,-1e-06,0,1],"max":[1e-06,0,1],"min":[-1e-06,0,1],"stride":3},"headquartersmoke09-POSITION":{"data":[-183.077,3186.73,-29.6542,-236.319,3186.73,-29.6542,-233.632,2800.88,-29.6542,-183.077,2800.88,-29.6542,-132.523,2800.88,-29.6542,-129.836,3186.73,-29.6542,-168.135,639.567,-29.6542,-166.062,688.357,-29.6542,-183.077,688.357,-29.6542,-183.077,639.567,-29.6542,-198.019,639.567,-29.6542,-200.093,688.357,-29.6542,-183.077,1510.45,-29.6542,-124.378,1510.45,-29.6542,-241.777,1510.45,-29.6542,-142.743,1065.83,-29.6542,-183.077,1065.83,-29.6542,-223.412,1065.83,-29.6542],"max":[-124.378,3186.73,-29.6542],"min":[-241.777,639.567,-29.6542],"stride":3},"headquartersmoke09-UV0":{"data":[-0.025709,0.462922,-0.025709,0.165319,0.129402,0.165319,0.129402,0.462922,0.548656,0.138301,0.393545,0.138301,0.393545,0.467834,0.548656,0.467834,1.43016,0.138301,1.39791,0.138301,1.39791,0.467834,1.43016,0.467834,1.0109,0.165319,1.0109,0.462922,0.978654,0.462922,0.978654,0.165319,1.06742,0.467834,1.06742,0.138301,0.648165,0.462922,0.648165,0.165319,1.24616,0.138301,1.24616,0.467834,0.826905,0.462922,0.826905,0.165319],"max":[1.43016,0.467834],"min":[-0.025709,0.138301],"stride":2},"headquartersmoke09-VERTEX_COLOR0":{"data":[1,1,1,0,0,0,0,0],"max":[1,1,1,0],"min":[0,0,0,0],"stride":4}},"surfaces":{"smoke_matt_alphatest_uvtransform_noshadows_vcolour_nocull":{"numPrimitives":20,"triangles":[0,0,0,0,0,1,0,1,0,2,0,2,0,2,0,2,0,3,0,3,0,0,0,0,0,3,0,3,0,2,0,2,1,18,0,12,1,19,0,14,1,18,0,12,0,2,0,2,1,18,0,12,1,19,0,14,1,23,0,17,1,23,0,17,1,22,0,16,1,18,0,12,1,22,0,16,1,23,0,17,1,15,0,11,1,15,0,11,1,14,0,8,1,22,0,16,1,14,0,8,1,15,0,11,1,12,2,10,1,12,2,10,1,13,0,9,1,14,0,8,0,4,0,4,0,5,0,5,0,6,0,0,0,6,0,0,0,7,0,3,0,4,0,4,1,16,0,12,0,4,0,4,0,7,0,3,1,16,0,12,1,17,0,13,0,4,0,4,1,20,0,15,1,17,0,13,1,16,0,12,1,16,0,12,1,21,0,16,1,20,0,15,1,9,0,7,1,20,0,15,1,21,0,16,1,21,0,16,1,10,0,8,1,9,0,7,1,8,1,6,1,9,0,7,1,10,0,8,1,10,0,8,1,11,0,9,1,8,1,6]}}}},"images":{"materialsmoke_materialSwatches1_rockprop_01_b_file3":"environment/textures/wateredge_dif.dds"},"materials":{"smoke_matt_alphatest_uvtransform_noshadows_vcolour_nocull":{"effect":"smoke_matt_alphatest_uvtransform_noshadows_vcolour_nocull"}},"nodes":{"headquartersmoke010":{"geometryinstances":{"headquartersmoke010Mesh":{"geometry":"headquartersmoke010Mesh","material":"smoke_matt_alphatest_uvtransform_noshadows_vcolour_nocull","surface":"smoke_matt_alphatest_uvtransform_noshadows_vcolour_nocull"}},"matrix":[0.01,0,0,0,0.01,0,0,0,0.01,0,0,0]},"headquartersmoke09":{"geometryinstances":{"headquartersmoke09Mesh":{"geometry":"headquartersmoke09Mesh","material":"smoke_matt_alphatest_uvtransform_noshadows_vcolour_nocull","surface":"smoke_matt_alphatest_uvtransform_noshadows_vcolour_nocull"}},"matrix":[0.01,0,0,0,0.01,0,0,0,0.01,0,0,0]}},"version":1}
