{"effects":{"wildlingscolour_default":{"meta":{"normals":true},"parameters":{"diffuse":"pasted__monsterscolour_1","reflectivity":0.5,"shininess":1.73205},"type":"phong"}},"geometries":{"e_b_barricadegate_base_level05Mesh":{"inputs":{"NORMAL":{"offset":2,"source":"e_b_barricadegate_base_level05-Normal0"},"POSITION":{"offset":0,"source":"e_b_barricadegate_base_level05-POSITION"},"TEXCOORD0":{"offset":1,"source":"e_b_barricadegate_base_level05-UV0"}},"meta":{"graphics":true},"sources":{"e_b_barricadegate_base_level05-Normal0":{"data":[0.003327,-0.074401,0.997223,0.033332,0.189096,0.981393,0.032037,0.177568,0.983587,0.075045,0.991013,-0.110727,0.075045,0.991014,-0.110727,-0.013399,0.255767,-0.966645,-0.005035,-0.191916,-0.981398,-0.013591,0.267312,-0.963514,0.954933,-0.296816,-0.00166,0.976203,0.212886,-0.041332,0.981227,0.188747,-0.039608,-0.976125,0.216617,0.016016,-0.999786,-0.020137,0.004794,-0.973991,0.225988,0.016453,0.076321,0.991042,-0.109594,0.073919,0.991239,-0.109463,-0.056332,0.997025,0.052604,0.21653,0.975852,0.028776,-0.084822,0.971451,-0.22156,0.073768,0.990982,-0.111859,0.192046,0.949944,-0.246423,0.07617,0.990786,-0.11199,-0.054362,0,-0.998521,0.998009,0,-0.063066,-0.998009,0,0.063066,0.054362,0,0.998521,-0.786174,0.390608,-0.478911,0.618282,0.391208,-0.681677,-0.586897,0.356678,0.726865,0.605632,0.34426,0.717423],"max":[0.998009,0.997025,0.998521],"min":[-0.999786,-0.296816,-0.998521],"stride":3},"e_b_barricadegate_base_level05-POSITION":{"data":[48.6078,-50,48.6078,49.439,-47.8684,48.4397,-48.2061,-46.6594,49.1801,-48.6078,-50,48.6078,24.6154,-48.6834,-26.4559,-25.7005,-44.5671,-23.7166,-22.53,-39.2014,26.4559,27.7858,-43.3177,23.7166,48.6143,-49.432,-49.2177,-48.6078,-50,-48.6078,-49.1087,-48.2395,-48.4507,48.6078,-50,-48.6078,27.7858,-23.7819,23.7166,-22.53,-19.6656,26.4559,-37.7279,-16.6487,43.5127,45.0281,-23.4188,39.0075,-42.9428,-25.4739,-39.0076,-25.7005,-25.0314,-23.7166,39.8138,-32.2441,-43.5133,24.6154,-29.1476,-26.4559,-44.8667,-27.3932,-41.0773,42.0195,-34.2613,-45.4942,-39.6686,-18.2928,45.2777,46.7689,-25.256,41.0136],"max":[49.439,-16.6487,49.1801],"min":[-49.1087,-50,-49.2177],"stride":3},"e_b_barricadegate_base_level05-UV0":{"data":[0.895987,0.710409,0.897113,0.710848,0.897752,0.659244,0.895987,0.659032,0.912093,0.595379,0.910321,0.562824,0.877858,0.564876,0.879631,0.597431,0.902306,0.710848,0.902606,0.659468,0.901676,0.659203,0.902606,0.710844,0.898079,0.710526,0.898379,0.710848,0.899205,0.659238,0.898079,0.659149,0.900524,0.659252,0.899593,0.710546,0.901359,0.710848,0.899593,0.659169,0.764965,0.424084,0.764043,0.407157,0.758305,0.402044,0.759821,0.429885,0.786066,0.40029,0.780922,0.406091,0.787582,0.42813,0.781843,0.423017,0.927038,0.564628,0.937015,0.532073,0.924375,0.532073,0.939678,0.564628,0.923994,0.530114,0.911354,0.530114,0.920523,0.562577,0.907883,0.562577,0.90403,0.530114,0.894862,0.562577,0.907502,0.562577,0.89139,0.530114,0.927891,0.564876,0.915251,0.564876,0.925228,0.597431,0.912588,0.597431,0.739672,0.277997,0.743012,0.336295,0.744401,0.337814,0.738351,0.279321,0.733407,0.281576,0.732275,0.282912,0.736936,0.339885,0.738201,0.341083,0.745984,0.282912,0.747705,0.341083,0.749086,0.339885,0.744769,0.281576,0.721974,0.463026,0.729581,0.462127,0.731924,0.433049,0.722381,0.430177,0.75003,0.432662,0.743017,0.430181,0.743548,0.463026,0.753091,0.461713,0.757061,0.460807,0.762164,0.463026,0.761763,0.43015,0.75475,0.431577,0.738245,0.461773,0.741275,0.432671,0.733668,0.430172,0.733142,0.463026],"max":[0.939678,0.710848],"min":[0.721974,0.277997],"stride":2}},"surfaces":{"wildlingscolour_default":{"numPrimitives":42,"triangles":[4,4,3,5,5,4,6,6,4,6,6,4,7,7,3,4,4,3,17,40,25,5,41,25,19,42,25,5,41,25,4,43,25,19,42,25,13,32,23,6,33,23,17,34,23,5,35,23,17,34,23,6,33,23,16,24,18,14,22,16,17,25,19,14,22,16,13,21,15,17,25,19,12,20,14,13,21,15,14,22,16,14,22,16,15,23,17,12,20,14,18,26,20,12,20,14,15,23,17,18,26,20,19,27,21,12,20,14,17,25,19,19,27,21,18,26,20,18,26,20,16,24,18,17,25,19,22,48,28,14,49,16,16,47,18,22,48,28,16,47,18,20,44,26,20,44,26,16,47,18,18,45,20,20,44,26,18,45,20,21,46,27,15,50,17,21,46,27,18,45,20,21,46,27,15,50,17,23,51,29,9,9,6,8,8,5,11,11,6,8,8,5,9,9,6,10,10,7,11,12,8,8,13,9,1,14,10,1,14,10,0,15,8,11,12,8,10,16,11,9,19,12,3,17,12,10,16,11,3,17,12,2,18,13,6,29,22,12,28,22,7,31,22,12,28,22,6,29,22,13,30,22,19,36,24,4,39,24,7,37,24,19,36,24,7,37,24,12,38,24,23,53,29,14,52,16,22,55,28,14,52,16,23,53,29,15,54,17,1,56,1,23,57,29,22,58,28,22,58,28,2,59,2,1,56,1,20,60,26,10,61,11,2,62,13,2,62,13,22,63,28,20,60,26,21,64,27,8,65,5,10,66,7,10,66,7,20,67,26,21,64,27,21,68,27,23,69,29,1,70,10,1,70,10,8,71,9,21,68,27,0,0,0,1,1,1,2,2,2,2,2,2,3,3,0,0,0,0]}}}},"images":{"pasted__monsterscolour_1":"characters/textures/wildlingscolour01.dds"},"materials":{"wildlingscolour_default":{"effect":"wildlingscolour_default"}},"nodes":{"e_b_barricadegate_base_level05":{"geometryinstances":{"e_b_barricadegate_base_level05Mesh":{"geometry":"e_b_barricadegate_base_level05Mesh","material":"wildlingscolour_default","surface":"wildlingscolour_default"}},"matrix":[0.007769,0,0,0,0.007769,0,0,0,0.007769,0,0.388437,0]}},"version":1}
