{"effects":{"wildlingscolour_default":{"meta":{"normals":true},"parameters":{"diffuse":"pasted__monsterscolour_1","reflectivity":0.5,"shininess":1.73205},"type":"phong"}},"geometries":{"e_b_barricadegateMesh":{"inputs":{"NORMAL":{"offset":0,"source":"e_b_barricadegate-Normal0"},"POSITION":{"offset":0,"source":"e_b_barricadegate-POSITION"},"TEXCOORD0":{"offset":1,"source":"e_b_barricadegate-UV0"}},"meta":{"graphics":true},"sources":{"e_b_barricadegate-Normal0":{"data":[-0.998111,0.03018,0.053519,-0.997416,0.049909,0.051666,-0.993106,0.047781,-0.107041,-0.993489,0.030261,-0.109836,0.055517,0.031061,0.997974,0.051764,0.048933,0.99746,-0.099415,0.045573,0.994002,-0.105685,0.030857,0.993921,0.008209,0.999741,0.021225,-0.132405,0.981585,-0.137694,-0.13916,0.990077,0.019527,0.021305,0.992071,-0.123858,0.998076,0.0454,-0.042217,0.99296,0.048012,0.108279,0.993564,0.031215,0.108888,0.998131,0.031073,-0.052616,-0.048551,0.046822,-0.997723,0.106152,0.030526,-0.993881,-0.056438,0.030622,-0.997936,0.109722,0.050309,-0.992688],"max":[0.998131,0.999741,0.997974],"min":[-0.998111,0.03018,-0.997936],"stride":3},"e_b_barricadegate-POSITION":{"data":[-11.453,3.22881,10.0701,-9.81385,80.269,7.02159,-8.81484,79.457,-8.14352,-11.453,3.22881,-10.0701,10.0701,3.22881,11.453,6.92635,81.4469,9.66439,-8.22389,80.4335,8.77594,-10.0701,3.22881,11.453,7.09202,82.7152,7.96903,-6.92118,80.9122,-7.86458,-7.89737,81.7127,7.11361,8.06821,81.9147,-7.00915,9.70893,80.6656,-7.05648,8.69933,81.4764,8.10371,11.453,3.22881,10.0701,11.453,3.22881,-10.0701,-7.0055,79.4718,-9.73652,10.0701,3.22881,-11.453,-10.0701,3.22881,-11.453,8.15648,80.4817,-8.83137],"max":[11.453,82.7152,11.453],"min":[-11.453,3.22881,-11.453],"stride":3},"e_b_barricadegate-UV0":{"data":[0.616906,0.738329,0.612812,0.670551,0.597736,0.672533,0.59277,0.738329,0.56205,0.738329,0.55769,0.667462,0.542751,0.670087,0.537914,0.738329,0.615911,0.667467,0.60076,0.653289,0.601133,0.668178,0.615538,0.652578,0.584541,0.669361,0.569469,0.667381,0.564524,0.738329,0.58866,0.738329,0.623775,0.735705,0.643525,0.669847,0.61939,0.669847,0.638727,0.738329,0.543041,0.529703,0.558628,0.529687,0.558447,0.527678,0.543028,0.531738,0.564579,0.599823,0.560251,0.529207,0.562864,0.599823,0.559532,0.52649,0.557712,0.524992,0.601447,0.577549,0.601833,0.592955,0.603625,0.59299,0.603257,0.577394,0.60197,0.594776,0.606481,0.599823,0.608196,0.598108,0.540503,0.528958,0.541206,0.531673,0.542305,0.527017,0.536174,0.599823,0.537889,0.599823,0.565192,0.599319,0.566933,0.599823,0.571873,0.528455,0.570158,0.528455,0.54215,0.528455],"max":[0.643525,0.738329],"min":[0.536174,0.524992],"stride":2}},"surfaces":{"wildlingscolour_default":{"numPrimitives":30,"triangles":[2,2,3,3,0,0,0,0,1,1,2,2,11,11,9,9,8,8,8,8,9,9,10,10,13,31,12,32,11,29,11,29,8,30,13,31,8,30,5,33,13,31,13,31,5,33,4,34,4,34,14,35,13,31,19,41,12,42,15,43,19,41,15,43,17,44,10,22,6,25,5,27,5,27,8,28,10,22,1,21,0,26,7,24,7,24,6,25,1,21,1,21,6,25,10,22,9,20,1,21,10,22,9,20,2,23,1,21,16,37,2,23,9,20,18,39,2,23,16,37,2,23,18,39,3,40,19,36,16,37,9,20,9,20,11,38,19,36,11,38,12,45,19,36,4,4,5,5,6,6,6,6,7,7,4,4,12,12,13,13,14,14,14,14,15,15,12,12,16,16,19,19,17,17,16,16,17,17,18,18]}}}},"images":{"pasted__monsterscolour_1":"characters/textures/wildlingscolour01.dds"},"materials":{"wildlingscolour_default":{"effect":"wildlingscolour_default"}},"nodes":{"e_b_barricadegate":{"geometryinstances":{"e_b_barricadegateMesh":{"geometry":"e_b_barricadegateMesh","material":"wildlingscolour_default","surface":"wildlingscolour_default"}},"matrix":[0.01,0,0,0,0.01,0,0,0,0.01,0,0,0]}},"version":1}
