{"effects":{"wood01_default":{"meta":{"normals":true},"parameters":{"diffuse":"tree_01_split3_file5","reflectivity":0.5,"shininess":300},"type":"phong"},"wood01_shiny":{"meta":{"normals":true},"parameters":{"diffuse":"tree_01_split4_pasted__file5","reflectivity":0.5,"shininess":6.31179},"type":"phong"}},"geometries":{"e_b_wall_level_1Mesh":{"inputs":{"NORMAL":{"offset":2,"source":"e_b_wall_level_1-Normal0"},"POSITION":{"offset":0,"source":"e_b_wall_level_1-POSITION"},"TEXCOORD0":{"offset":1,"source":"e_b_wall_level_1-UV0"}},"meta":{"graphics":true},"sources":{"e_b_wall_level_1-Normal0":{"data":[0.982762,-0.170146,0.072318,0.994236,-0.076692,0.074913,0.045325,-0.060886,0.997115,0.044522,-0.151648,0.987431,0.995693,-0.086968,-0.03212,0.984561,-0.173646,-0.022047,0.064627,-0.226437,-0.971879,0.072778,-0.133781,-0.988335,0.362091,0.870831,0.332481,-0.45823,0.829531,0.319224,-0.061995,0.773094,0.631255,0.37946,0.788128,-0.484628,-0.032097,0.630728,-0.77534,-0.440862,0.746828,-0.497884,-0.056462,-0.154352,0.986401,-0.975782,-0.208747,0.06537,-0.97682,-0.207419,0.052912,-0.048885,-0.153052,0.987008,-0.740544,0.668304,-0.07046,-0.740001,0.665716,-0.096031,-0.039048,-0.229676,-0.972484,-0.03105,-0.228216,-0.973115,-0.976703,-0.210296,-0.042734,-0.97591,-0.212051,-0.051326,-0.048384,0.993648,-0.1016],"max":[0.995693,0.993648,0.997115],"min":[-0.97682,-0.229676,-0.988335],"stride":3},"e_b_wall_level_1-POSITION":{"data":[34.2794,0,30.8518,44.9862,73.5118,40.8962,40.2163,73.7476,45.4735,30.8518,0,34.2794,46.7666,65.0342,-42.8632,34.2794,0,-30.8518,30.8518,0,-34.2794,42.1944,64.3281,-47.5915,40.0888,77.9246,40.3455,-43.9998,73.691,38.9866,-43.8724,69.5141,44.1146,41.8692,69.4469,-43.4139,-41.8943,60.0946,-48.9503,-42.2195,65.2134,-44.7728,-48.4446,68.808,39.3864,-34.2794,0,30.8518,-30.8518,0,34.2794,-46.6642,60.3303,-44.373,-30.8518,0,-34.2794,-34.2794,0,-30.8518],"max":[46.7666,77.9246,45.4735],"min":[-48.4446,0,-48.9503],"stride":3},"e_b_wall_level_1-UV0":{"data":[0.702551,1.17524,0.689615,0.737718,0.634232,0.754797,0.645039,1.17729,0.722639,0.32904,0.801512,-0.098546,0.741219,-0.108241,0.6727,0.29745,0.639824,0.709284,0.304594,0.680878,0.300678,0.728956,0.665669,0.344633,0.334778,0.26479,0.327638,0.311133,0.244593,0.700226,0.227089,1.18901,0.296318,1.19581,0.275787,0.28054,0.391483,-0.174428,0.33127,-0.185902,1.09045,0.789814,0.998542,1.18605,-0.180047,0.749052,-0.086051,1.19581],"max":[1.09045,1.19581],"min":[-0.180047,-0.185902],"stride":2}},"surfaces":{"wood01_default":{"numPrimitives":10,"triangles":[4,20,4,1,1,1,0,0,0,0,0,0,5,21,5,4,20,4,16,16,17,3,3,3,2,2,2,2,2,2,10,10,14,16,16,17,12,12,20,7,7,7,6,6,6,12,12,20,6,6,6,18,18,21,13,13,24,9,9,24,8,8,24,8,8,24,11,11,24,13,13,24,17,22,23,19,23,22,15,15,16,15,15,16,14,14,15,17,22,23]},"wood01_shiny":{"numPrimitives":20,"triangles":[10,10,14,14,14,15,15,15,16,15,15,16,16,16,17,10,10,14,14,14,18,9,9,9,13,13,13,10,10,10,9,9,9,14,14,18,8,8,8,9,9,9,10,10,10,10,10,10,2,2,2,8,8,8,2,2,2,3,3,3,0,0,0,0,0,0,1,1,1,2,2,2,2,2,2,1,1,1,8,8,8,4,4,4,8,8,8,1,1,1,4,4,4,11,11,11,8,8,8,11,11,11,4,4,4,7,7,7,12,12,12,11,11,11,7,7,7,11,11,11,12,12,12,13,13,13,17,17,19,13,13,13,12,12,12,13,13,13,17,17,19,14,14,18,4,4,4,5,5,5,6,6,6,6,6,6,7,7,7,4,4,4,12,12,20,18,18,21,19,19,22,19,19,22,17,17,23,12,12,20]}}}},"images":{"tree_01_split3_file5":"environment/textures/wood01_tile.dds","tree_01_split4_pasted__file5":"environment/textures/wood01_tile.dds"},"materials":{"wood01_default":{"effect":"wood01_default"},"wood01_shiny":{"effect":"wood01_shiny"}},"nodes":{"e_b_wall_level_1":{"geometryinstances":{"e_b_wall_level_1Mesh-wood01_default":{"geometry":"e_b_wall_level_1Mesh","material":"wood01_default","surface":"wood01_default"},"e_b_wall_level_1Mesh-wood01_shiny":{"geometry":"e_b_wall_level_1Mesh","material":"wood01_shiny","surface":"wood01_shiny"}},"matrix":[0.01,0,0,0,0.01,0,0,0,0.01,0,0,0]}},"version":1}
