{"effects":{"smoke_matt_alphatest_uvtransform_noshadows_vcolour_nocull":{"meta":{"transparent":true},"parameters":{"diffuse":"materialsmoke_materialSwatches1_rockprop_01_b_file3"},"type":"blend"}},"geometries":{"headquartersmoke07Mesh":{"inputs":{"COLOR0":{"offset":0,"source":"headquartersmoke07-VERTEX_COLOR0"},"NORMAL":{"offset":2,"source":"headquartersmoke07-Normal0"},"POSITION":{"offset":3,"source":"headquartersmoke07-POSITION"},"TEXCOORD0":{"offset":1,"source":"headquartersmoke07-UV0"}},"meta":{"graphics":true},"sources":{"headquartersmoke07-Normal0":{"data":[0,0,1,1e-06,0,1,-1e-06,0,1],"max":[1e-06,0,1],"min":[-1e-06,0,1],"stride":3},"headquartersmoke07-POSITION":{"data":[-139.832,3121.71,-29.6542,-193.074,3121.71,-29.6542,-190.386,2735.87,-29.6542,-139.832,2735.87,-29.6542,-89.2776,2735.87,-29.6542,-86.5903,3121.71,-29.6542,-124.89,574.552,-29.6542,-122.816,623.342,-29.6542,-139.832,623.342,-29.6542,-139.832,574.552,-29.6542,-154.774,574.552,-29.6542,-156.848,623.342,-29.6542,-139.832,1445.44,-29.6542,-81.1325,1445.44,-29.6542,-198.531,1445.44,-29.6542,-99.4976,1000.82,-29.6542,-139.832,1000.82,-29.6542,-180.166,1000.82,-29.6542],"max":[-81.1325,3121.71,-29.6542],"min":[-198.531,574.552,-29.6542],"stride":3},"headquartersmoke07-UV0":{"data":[-0.025709,0.462922,-0.025709,0.165319,0.129402,0.165319,0.129402,0.462922,0.548656,0.138301,0.393545,0.138301,0.393545,0.467834,0.548656,0.467834,1.43016,0.138301,1.39791,0.138301,1.39791,0.467834,1.43016,0.467834,1.0109,0.165319,1.0109,0.462922,0.978654,0.462922,0.978654,0.165319,1.06742,0.467834,1.06742,0.138301,0.648165,0.462922,0.648165,0.165319,1.24616,0.138301,1.24616,0.467834,0.826905,0.462922,0.826905,0.165319],"max":[1.43016,0.467834],"min":[-0.025709,0.138301],"stride":2},"headquartersmoke07-VERTEX_COLOR0":{"data":[1,1,1,0,0,0,0,0],"max":[1,1,1,0],"min":[0,0,0,0],"stride":4}},"surfaces":{"smoke_matt_alphatest_uvtransform_noshadows_vcolour_nocull":{"numPrimitives":20,"triangles":[0,0,0,0,0,1,0,1,0,2,0,2,0,2,0,2,0,3,0,3,0,0,0,0,0,3,0,3,0,2,0,2,1,18,0,12,1,19,0,14,1,18,0,12,0,2,0,2,1,18,0,12,1,19,0,14,1,23,0,17,1,23,0,17,1,22,0,16,1,18,0,12,1,22,0,16,1,23,0,17,1,15,0,11,1,15,0,11,1,14,0,8,1,22,0,16,1,14,0,8,1,15,0,11,1,12,2,10,1,12,2,10,1,13,0,9,1,14,0,8,0,4,0,4,0,5,0,5,0,6,0,0,0,6,0,0,0,7,0,3,0,4,0,4,1,16,0,12,0,4,0,4,0,7,0,3,1,16,0,12,1,17,0,13,0,4,0,4,1,20,0,15,1,17,0,13,1,16,0,12,1,16,0,12,1,21,0,16,1,20,0,15,1,9,0,7,1,20,0,15,1,21,0,16,1,21,0,16,1,10,0,8,1,9,0,7,1,8,1,6,1,9,0,7,1,10,0,8,1,10,0,8,1,11,0,9,1,8,1,6]}}},"headquartersmoke08Mesh":{"inputs":{"COLOR0":{"offset":0,"source":"headquartersmoke08-VERTEX_COLOR0"},"NORMAL":{"offset":2,"source":"headquartersmoke08-Normal0"},"POSITION":{"offset":3,"source":"headquartersmoke08-POSITION"},"TEXCOORD0":{"offset":1,"source":"headquartersmoke08-UV0"}},"meta":{"graphics":true},"sources":{"headquartersmoke08-Normal0":{"data":[0,0,1,1e-06,0,1,-1e-06,0,1],"max":[1e-06,0,1],"min":[-1e-06,0,1],"stride":3},"headquartersmoke08-POSITION":{"data":[-139.832,3121.71,-29.6542,-193.074,3121.71,-29.6542,-190.386,2735.87,-29.6542,-139.832,2735.87,-29.6542,-89.2776,2735.87,-29.6542,-86.5903,3121.71,-29.6542,-124.89,574.552,-29.6542,-122.816,623.342,-29.6542,-139.832,623.342,-29.6542,-139.832,574.552,-29.6542,-154.774,574.552,-29.6542,-156.848,623.342,-29.6542,-139.832,1445.44,-29.6542,-81.1325,1445.44,-29.6542,-198.531,1445.44,-29.6542,-99.4976,1000.82,-29.6542,-139.832,1000.82,-29.6542,-180.166,1000.82,-29.6542],"max":[-81.1325,3121.71,-29.6542],"min":[-198.531,574.552,-29.6542],"stride":3},"headquartersmoke08-UV0":{"data":[0.583938,0.462922,0.583938,0.165319,0.739049,0.165319,0.739049,0.462922,1.1583,0.138301,1.00319,0.138301,1.00319,0.467834,1.1583,0.467834,2.0398,0.138301,2.00755,0.138301,2.00755,0.467834,2.0398,0.467834,1.62055,0.165319,1.62055,0.462922,1.5883,0.462922,1.5883,0.165319,1.67707,0.467834,1.67707,0.138301,1.25781,0.462922,1.25781,0.165319,1.85581,0.138301,1.85581,0.467834,1.43655,0.462922,1.43655,0.165319],"max":[2.0398,0.467834],"min":[0.583938,0.138301],"stride":2},"headquartersmoke08-VERTEX_COLOR0":{"data":[1,1,1,0,0,0,0,0],"max":[1,1,1,0],"min":[0,0,0,0],"stride":4}},"surfaces":{"smoke_matt_alphatest_uvtransform_noshadows_vcolour_nocull":{"numPrimitives":20,"triangles":[0,0,0,0,0,1,0,1,0,2,0,2,0,2,0,2,0,3,0,3,0,0,0,0,0,3,0,3,0,2,0,2,1,18,0,12,1,19,0,14,1,18,0,12,0,2,0,2,1,18,0,12,1,19,0,14,1,23,0,17,1,23,0,17,1,22,0,16,1,18,0,12,1,22,0,16,1,23,0,17,1,15,0,11,1,15,0,11,1,14,0,8,1,22,0,16,1,14,0,8,1,15,0,11,1,12,2,10,1,12,2,10,1,13,0,9,1,14,0,8,0,4,0,4,0,5,0,5,0,6,0,0,0,6,0,0,0,7,0,3,0,4,0,4,1,16,0,12,0,4,0,4,0,7,0,3,1,16,0,12,1,17,0,13,0,4,0,4,1,20,0,15,1,17,0,13,1,16,0,12,1,16,0,12,1,21,0,16,1,20,0,15,1,9,0,7,1,20,0,15,1,21,0,16,1,21,0,16,1,10,0,8,1,9,0,7,1,8,1,6,1,9,0,7,1,10,0,8,1,10,0,8,1,11,0,9,1,8,1,6]}}}},"images":{"materialsmoke_materialSwatches1_rockprop_01_b_file3":"environment/textures/wateredge_dif.dds"},"materials":{"smoke_matt_alphatest_uvtransform_noshadows_vcolour_nocull":{"effect":"smoke_matt_alphatest_uvtransform_noshadows_vcolour_nocull"}},"nodes":{"headquartersmoke07":{"geometryinstances":{"headquartersmoke07Mesh":{"geometry":"headquartersmoke07Mesh","material":"smoke_matt_alphatest_uvtransform_noshadows_vcolour_nocull","surface":"smoke_matt_alphatest_uvtransform_noshadows_vcolour_nocull"}},"matrix":[0.01,0,0,0,0.01,0,0,0,0.01,-0.085701,0.650149,0]},"headquartersmoke08":{"geometryinstances":{"headquartersmoke08Mesh":{"geometry":"headquartersmoke08Mesh","material":"smoke_matt_alphatest_uvtransform_noshadows_vcolour_nocull","surface":"smoke_matt_alphatest_uvtransform_noshadows_vcolour_nocull"}},"matrix":[0.01,0,0,0,0.01,0,0,0,0.01,3.0868,0.551991,0]}},"version":1}
