{"effects":{"wildlingscolour_default":{"meta":{"normals":true},"parameters":{"diffuse":"pasted__monsterscolour_1","reflectivity":0.5,"shininess":1.73205},"type":"phong"}},"geometries":{"e_b_barricadegate_base_level04Mesh":{"inputs":{"NORMAL":{"offset":2,"source":"e_b_barricadegate_base_level04-Normal0"},"POSITION":{"offset":0,"source":"e_b_barricadegate_base_level04-POSITION"},"TEXCOORD0":{"offset":1,"source":"e_b_barricadegate_base_level04-UV0"}},"meta":{"graphics":true},"sources":{"e_b_barricadegate_base_level04-Normal0":{"data":[0.003437,-0.057392,0.998346,0.002811,0.230388,0.973095,0.002846,0.217271,0.976107,-0.016871,0.999221,-0.035676,-0.008327,0.320391,-0.947249,-0.004607,-0.114155,-0.993452,-0.008343,0.322601,-0.946498,0.981717,-0.190329,-0.002627,0.970513,0.240706,-0.012815,0.973104,0.230021,-0.01258,-0.958443,0.285236,-0.005278,-0.999872,-0.015252,0.004755,-0.953053,0.302746,-0.005875,0.106046,0.990918,0.082675,-0.030983,0.99761,-0.061765,-0.168283,0.981283,0.093624,-0.028569,0.997681,-0.061783,-0.030996,0.997457,-0.064175,-0.181328,0.966343,-0.182488,-0.028582,0.997528,-0.064193,0.097061,0.976132,-0.194282,-0.008944,0.064765,-0.99786,0.983882,0.178245,-0.014351,0.983881,0.178245,-0.014351,-0.985455,-0.169364,0.01392,0.009116,-0.072446,0.997331,-0.588305,0.538626,-0.60314,0.700563,0.483765,-0.524579,-0.537519,0.478925,0.694049,0.628546,0.441375,0.640405],"max":[0.983882,0.999221,0.998346],"min":[-0.999872,-0.190329,-0.99786],"stride":3},"e_b_barricadegate_base_level04-POSITION":{"data":[30.9089,-0.023094,30.8829,31.437,1.84986,30.7761,-30.607,2.61808,31.2465,-30.8622,-0.023094,30.8829,-14.6894,3.83729,-16.2144,-14.5096,4.98499,15.8457,17.6005,5.51857,15.6058,17.4207,4.37087,-16.4543,30.9131,0.856342,-31.2757,-30.8622,-0.023094,-30.8882,-31.1804,1.61408,-30.7884,30.9089,-0.023094,-30.8882,26.6434,14.9042,26.4101,-15.8787,13.0274,16.3933,-26.169,13.3524,26.8044,16.2314,13.9709,16.1534,-16.0586,10.998,-15.6669,-26.4651,10.0146,-25.9258,16.0515,11.9415,-15.9067,26.3478,11.5664,-26.3205,-27.4847,8.73652,-27.3534,27.9377,10.5072,-27.5622,-27.3289,12.1265,27.8151,27.8126,13.8017,27.6862],"max":[31.437,14.9042,31.2465],"min":[-31.1804,-0.023094,-31.2757],"stride":3},"e_b_barricadegate_base_level04-UV0":{"data":[0.895987,0.710409,0.897113,0.710848,0.897752,0.659244,0.895987,0.659032,0.910321,0.562824,0.877858,0.564876,0.879631,0.597431,0.912093,0.595379,0.902306,0.710848,0.902606,0.659468,0.901676,0.659203,0.902606,0.710844,0.898079,0.710526,0.898379,0.710848,0.899205,0.659238,0.898079,0.659149,0.900524,0.659252,0.899593,0.710546,0.901359,0.710848,0.899593,0.659169,0.759821,0.429885,0.764043,0.407157,0.758305,0.402044,0.764965,0.424084,0.780922,0.406091,0.786066,0.40029,0.781843,0.423017,0.787582,0.42813,0.927038,0.564628,0.937015,0.532073,0.924375,0.532073,0.939678,0.564628,0.923994,0.530114,0.911354,0.530114,0.920523,0.562577,0.907883,0.562577,0.90403,0.530114,0.894862,0.562577,0.907502,0.562577,0.89139,0.530114,0.927891,0.564876,0.915251,0.564876,0.925228,0.597431,0.912588,0.597431,0.739672,0.277997,0.738351,0.279321,0.743012,0.336295,0.744401,0.337814,0.733407,0.281576,0.732275,0.282912,0.736936,0.339885,0.738201,0.341083,0.747705,0.341083,0.745984,0.282912,0.744769,0.281576,0.749086,0.339885,0.721974,0.463026,0.729581,0.462127,0.731924,0.433049,0.722381,0.430177,0.75003,0.432662,0.743017,0.430181,0.743548,0.463026,0.753091,0.461713,0.762164,0.463026,0.761763,0.43015,0.75475,0.431577,0.757061,0.460807,0.738245,0.461773,0.741275,0.432671,0.733668,0.430172,0.733142,0.463026],"max":[0.939678,0.710848],"min":[0.721974,0.277997],"stride":2}},"surfaces":{"wildlingscolour_default":{"numPrimitives":42,"triangles":[4,4,3,5,5,3,6,6,3,6,6,3,7,7,3,4,4,3,16,40,25,4,41,25,18,42,25,4,41,25,7,43,25,18,42,25,13,32,22,5,33,23,16,34,23,4,35,23,16,34,23,5,33,23,13,21,14,16,24,17,17,25,18,17,25,18,16,24,17,18,26,19,17,25,18,18,26,19,19,27,20,12,20,13,19,27,20,18,26,19,18,26,19,15,23,16,12,20,13,12,20,13,15,23,16,13,21,14,12,20,13,13,21,14,14,22,15,17,25,18,14,22,15,13,21,14,17,45,18,22,48,28,14,49,15,22,48,28,17,45,18,20,44,26,20,44,26,17,45,18,19,46,20,20,44,26,19,46,20,21,47,27,21,47,27,19,46,20,12,50,13,21,47,27,12,50,13,23,51,29,9,9,5,8,8,4,11,11,5,8,8,4,9,9,5,10,10,6,11,12,7,8,13,8,1,14,9,1,14,9,0,15,7,11,12,7,10,16,10,9,19,11,3,17,11,10,16,10,3,17,11,2,18,12,5,29,21,15,28,21,6,31,21,15,28,21,5,29,21,13,30,21,18,36,24,7,39,24,6,37,24,18,36,24,6,37,24,15,38,24,23,52,29,12,55,13,14,53,15,23,52,29,14,53,15,22,54,28,1,56,1,23,57,29,22,58,28,22,58,28,2,59,2,1,56,1,20,60,26,10,61,10,2,62,12,2,62,12,22,63,28,20,60,26,8,64,4,10,65,6,20,66,26,20,66,26,21,67,27,8,64,4,21,68,27,23,69,29,1,70,9,8,71,8,21,68,27,1,70,9,0,0,0,1,1,1,2,2,2,2,2,2,3,3,0,0,0,0]}}}},"images":{"pasted__monsterscolour_1":"characters/textures/wildlingscolour01.dds"},"materials":{"wildlingscolour_default":{"effect":"wildlingscolour_default"}},"nodes":{"e_b_barricadegate_base_level04":{"geometryinstances":{"e_b_barricadegate_base_level04Mesh":{"geometry":"e_b_barricadegate_base_level04Mesh","material":"wildlingscolour_default","surface":"wildlingscolour_default"}},"matrix":[0.01,0,0,0,0.01,0,0,0,0.01,0,0,0]}},"version":1}
