{"effects":{"stonepillar_shiny":{"meta":{"normals":true},"parameters":{"diffuse":"tree_01_split16_pasted__file5","reflectivity":0.5,"shininess":6.31179},"type":"phong"},"wood01_default":{"meta":{"normals":true},"parameters":{"diffuse":"tree_01_split3_file5","reflectivity":0.5,"shininess":300},"type":"phong"},"wood01_shiny":{"meta":{"normals":true},"parameters":{"diffuse":"tree_01_split4_pasted__file5","reflectivity":0.5,"shininess":6.31179},"type":"phong"}},"geometries":{"e_b_gate_level_1Mesh":{"inputs":{"NORMAL":{"offset":2,"source":"e_b_gate_level_1-Normal0"},"POSITION":{"offset":0,"source":"e_b_gate_level_1-POSITION"},"TEXCOORD0":{"offset":1,"source":"e_b_gate_level_1-UV0"}},"meta":{"graphics":true},"sources":{"e_b_gate_level_1-Normal0":{"data":[0.702558,0.311288,-0.639931,-0.697786,0.330336,-0.635588,-0.664919,0.437115,0.60565,0.670722,0.420588,0.610932,-0.777152,-0.629313,0,0,-0.602388,-0.798203,0.777152,-0.629312,0,0.777153,-0.629312,0,0,-0.514907,0.857246,0.69727,0.716808,0,-0.69727,0.716808,0,0,0.810875,-0.585219,-0.016742,0.804825,0.593276,0,0.09702,-0.995282,0,0.09702,-0.995283,0.987501,0.157614,0,-0.011755,0.074845,0.997126,-0.987501,0.157614,0,0,1,0],"max":[0.987501,1,0.997126],"min":[-0.987501,-0.629313,-0.995283],"stride":3},"e_b_gate_level_1-POSITION":{"data":[-0.123893,83.6537,-9.41356,0.121937,99.8664,-1.25717,8.79691,83.6537,0.380274,-9.04473,83.6537,0.380274,-0.123893,83.6537,10.1741,-33.6171,11.5059,-37.7033,-33.6171,11.5059,38.8158,-37.1263,15.8395,41.4188,-37.1263,15.8395,-40.9738,37.1263,15.8395,-40.9738,33.6172,11.5059,-37.7033,37.1263,15.8395,41.4188,33.6172,11.5059,38.8158,26.6377,81.5541,-34.568,23.82,84.295,-30.7702,26.6377,81.5541,37.2379,23.82,84.295,33.4401,-23.8199,84.295,-30.7702,-26.6377,81.5541,-34.568,-26.6377,81.5541,35.7345,-23.8199,84.295,32.0957],"max":[37.1263,99.8664,41.4188],"min":[-37.1263,11.5059,-40.9738],"stride":3},"e_b_gate_level_1-UV0":{"data":[0.375,0.5,0.5,0,0.25,0.5,0.5,0.5,0.625,0.5,0.75,0.5,0.769395,0.548335,0.652316,0.548335,0.653066,0.550351,0.768644,0.550351,0.790113,0.550351,0.789362,0.548335,0.905691,0.550351,0.906441,0.548335,0.92716,0.550351,0.926409,0.548335,0.616981,0.623518,0.61056,0.629938,0.616981,0.744905,0.61056,0.738485,0.502013,0.629938,0.495593,0.623518,0.495593,0.742364,0.502013,0.736213,0.78798,0.6355,0.770777,0.6355,0.907823,0.6355,0.925027,0.6355,0.650934,0.6355],"max":[0.92716,0.744905],"min":[0.25,0],"stride":2}},"surfaces":{"stonepillar_shiny":{"numPrimitives":4,"triangles":[0,0,0,1,1,0,2,2,0,3,3,1,1,1,1,0,0,1,2,5,3,1,1,3,4,4,3,4,4,2,1,1,2,3,3,2]},"wood01_default":{"numPrimitives":10,"triangles":[18,25,14,13,24,14,8,9,13,8,9,13,13,24,14,9,10,13,19,28,17,18,25,17,7,8,17,18,25,17,8,9,17,7,8,17,7,14,16,11,12,16,19,27,16,19,27,16,11,12,16,15,26,16,13,24,15,15,26,15,11,12,15,11,12,15,9,10,15,13,24,15,14,17,18,17,20,18,20,23,18,14,17,18,20,23,18,16,19,18]},"wood01_shiny":{"numPrimitives":16,"triangles":[5,6,4,6,7,4,7,8,4,7,8,4,8,9,4,5,6,4,15,18,12,16,19,12,19,22,12,16,19,12,20,23,12,19,22,12,18,21,11,17,20,11,13,16,11,17,20,11,14,17,11,13,16,11,13,16,9,14,17,9,15,18,9,14,17,9,16,19,9,15,18,9,9,10,5,10,11,5,5,6,5,9,10,5,5,6,5,8,9,5,10,11,6,9,10,7,11,12,7,10,11,6,11,12,7,12,13,6,11,12,8,7,14,8,6,15,8,6,15,8,12,13,8,11,12,8,17,20,10,18,21,10,19,22,10,19,22,10,20,23,10,17,20,10]}}}},"images":{"tree_01_split16_pasted__file5":"environment/textures/stonepillar_tile.dds","tree_01_split3_file5":"environment/textures/wood01_tile.dds","tree_01_split4_pasted__file5":"environment/textures/wood01_tile.dds"},"materials":{"stonepillar_shiny":{"effect":"stonepillar_shiny"},"wood01_default":{"effect":"wood01_default"},"wood01_shiny":{"effect":"wood01_shiny"}},"nodes":{"e_b_gate_level_1":{"geometryinstances":{"e_b_gate_level_1Mesh-stonepillar_shiny":{"geometry":"e_b_gate_level_1Mesh","material":"stonepillar_shiny","surface":"stonepillar_shiny"},"e_b_gate_level_1Mesh-wood01_default":{"geometry":"e_b_gate_level_1Mesh","material":"wood01_default","surface":"wood01_default"},"e_b_gate_level_1Mesh-wood01_shiny":{"geometry":"e_b_gate_level_1Mesh","material":"wood01_shiny","surface":"wood01_shiny"}},"matrix":[0.01,0,0,0,0.01,0,0,0,0.01,0,0,0]}},"version":1}
