{"effects":{"smoke_matt_alphatest_uvtransform_noshadows_vcolour_nocull":{"meta":{"transparent":true},"parameters":{"diffuse":"materialSwatches1_rockprop_01_b_file3"},"type":"blend"}},"geometries":{"wildlingsmokeMesh":{"inputs":{"COLOR0":{"offset":0,"source":"wildlingsmoke-VERTEX_COLOR0"},"NORMAL":{"offset":2,"source":"wildlingsmoke-Normal0"},"POSITION":{"offset":3,"source":"wildlingsmoke-POSITION"},"TEXCOORD0":{"offset":1,"source":"wildlingsmoke-UV0"}},"meta":{"graphics":true},"sources":{"wildlingsmoke-Normal0":{"data":[0,0,1],"max":[0,0,1],"min":[0,0,1],"stride":3},"wildlingsmoke-POSITION":{"data":[-26.1332,1749.87,-72.2497,-4.32647,2339.42,-72.2497,-27.2923,2339.42,-72.2497,-4.32647,1749.87,-72.2497,17.4802,1749.87,-72.2497,18.6394,2339.42,-72.2497,5.65142,176.614,-72.2497,7.03621,197.66,-72.2497,-4.32647,197.66,-72.2497,-4.32647,176.614,-72.2497,-14.3044,176.614,-72.2497,-15.6891,197.66,-72.2497,13.7595,552.272,-72.2497,-4.32647,552.272,-72.2497,-22.4124,552.272,-72.2497],"max":[18.6394,2339.42,-72.2497],"min":[-27.2923,176.614,-72.2497],"stride":3},"wildlingsmoke-UV0":{"data":[0.129402,0.165319,-0.025709,0.462922,-0.025709,0.165319,0.129402,0.462922,0.548656,0.138301,0.393545,0.138301,0.393545,0.467834,0.548656,0.467834,1.43016,0.138301,1.39791,0.138301,1.39791,0.467834,1.43016,0.467834,1.0109,0.165319,1.0109,0.462922,0.978654,0.462922,0.978654,0.165319,1.06742,0.138301,1.06742,0.467834,0.648165,0.165319,0.648165,0.462922],"max":[1.43016,0.467834],"min":[-0.025709,0.138301],"stride":2},"wildlingsmoke-VERTEX_COLOR0":{"data":[1,1,1,0,0,0,0,0],"max":[1,1,1,0],"min":[0,0,0,0],"stride":4}},"surfaces":{"smoke_matt_alphatest_uvtransform_noshadows_vcolour_nocull":{"numPrimitives":16,"triangles":[1,12,0,10,1,13,0,9,1,14,0,8,1,14,0,8,1,15,0,11,1,12,0,10,1,15,0,11,1,14,0,8,1,19,0,13,1,19,0,13,1,18,0,14,1,15,0,11,1,18,0,14,1,19,0,13,0,3,0,3,0,3,0,3,0,0,0,0,1,18,0,14,0,0,0,0,0,3,0,3,0,1,0,1,0,0,0,0,0,1,0,1,0,2,0,2,0,4,0,4,0,5,0,5,0,6,0,1,0,6,0,1,0,7,0,3,0,4,0,4,1,16,0,12,0,4,0,4,0,7,0,3,0,7,0,3,1,17,0,13,1,16,0,12,1,9,0,7,1,16,0,12,1,17,0,13,1,17,0,13,1,10,0,8,1,9,0,7,1,8,0,6,1,9,0,7,1,10,0,8,1,10,0,8,1,11,0,9,1,8,0,6]}}}},"images":{"materialSwatches1_rockprop_01_b_file3":"environment/textures/wateredge_dif.dds"},"materials":{"smoke_matt_alphatest_uvtransform_noshadows_vcolour_nocull":{"effect":"smoke_matt_alphatest_uvtransform_noshadows_vcolour_nocull"}},"nodes":{"wildlingsmoke":{"geometryinstances":{"wildlingsmokeMesh":{"geometry":"wildlingsmokeMesh","material":"smoke_matt_alphatest_uvtransform_noshadows_vcolour_nocull","surface":"smoke_matt_alphatest_uvtransform_noshadows_vcolour_nocull"}},"matrix":[0.01,0,0,0,0.01,0,0,0,0.01,0,0,0]}},"version":1}
