{"effects":{"wildlingscolour_default":{"meta":{"normals":true},"parameters":{"diffuse":"pasted__monsterscolour_1","reflectivity":0.5,"shininess":1.73205},"type":"phong"}},"geometries":{"e_b_barricadegate_base_level03Mesh":{"inputs":{"NORMAL":{"offset":2,"source":"e_b_barricadegate_base_level03-Normal0"},"POSITION":{"offset":0,"source":"e_b_barricadegate_base_level03-POSITION"},"TEXCOORD0":{"offset":1,"source":"e_b_barricadegate_base_level03-UV0"}},"meta":{"graphics":true},"sources":{"e_b_barricadegate_base_level03-Normal0":{"data":[-0.001814,-0.711739,0.702442,-0.000375,0.123606,0.992331,-0.00044,0.091439,0.995811,0.01246,0.999921,-0.001816,0.001393,0.181358,-0.983416,-0.007541,-0.869263,-0.494293,0.001344,0.175773,-0.98443,-0.007541,-0.869262,-0.494293,0.506272,-0.86236,0.00496,0.991091,0.133161,-0.002446,0.993413,0.114566,-0.002325,-0.988321,0.152322,-0.004521,-0.699321,-0.714746,0.009382,-0.98698,0.160775,-0.004647,0.001111,0.999604,-0.028119,-0.001304,0.999603,-0.028137,-0.141303,0.982082,0.124692,0.133321,0.984039,0.117869,-0.001286,0.999532,-0.03055,-0.150687,0.976838,-0.151921,0.001128,0.999533,-0.030532,0.128012,0.978858,-0.159528,0.007692,0.098569,-0.9951,0.007692,0.098569,-0.995101,0.988714,0.14972,0.005324,-0.990025,-0.140788,-0.005474,-0.007733,-0.10623,0.994312,-0.58646,0.496598,-0.639887,0.672451,0.467799,-0.573562,-0.620494,0.46499,0.631483,0.614925,0.439505,0.654753],"max":[0.993413,0.999921,0.995811],"min":[-0.990025,-0.869263,-0.995101],"stride":3},"e_b_barricadegate_base_level03-POSITION":{"data":[26.6978,-0.023094,26.6718,29.3326,1.84227,28.7064,-28.5411,2.55886,29.1453,-26.6511,-0.023094,26.6718,-13.5912,5.10189,-15.4525,-13.835,5.15923,14.4537,16.1012,4.78656,14.6607,16.345,4.72922,-15.2456,28.8438,0.915565,-29.1745,-26.6511,-0.023094,-26.6771,-29.076,1.62236,-28.7199,26.6978,-0.023094,-26.6771,15.045,12.6785,15.4218,-14.9022,12.6694,15.2018,-24.625,12.9263,24.7788,24.63,12.9412,25.1407,-14.682,11.7909,-14.7324,-24.2632,11.4814,-24.455,15.2651,11.8,-14.5125,24.9922,11.4964,-24.0933,-25.2279,10.3638,-25.8387,26.4623,10.5055,-25.2634,-25.7527,11.7846,25.6665,25.6722,11.8425,26.3096],"max":[29.3326,12.9412,29.1453],"min":[-29.076,-0.023094,-29.1745],"stride":3},"e_b_barricadegate_base_level03-UV0":{"data":[0.895987,0.710409,0.897113,0.710848,0.897752,0.659244,0.895987,0.659032,0.910321,0.562824,0.877858,0.564876,0.879631,0.597431,0.912093,0.595379,0.902306,0.710848,0.902606,0.659468,0.901676,0.659203,0.902606,0.710844,0.898079,0.710526,0.898379,0.710848,0.899205,0.659238,0.898079,0.659149,0.900524,0.659252,0.899593,0.710546,0.901359,0.710848,0.899593,0.659169,0.764965,0.424084,0.764043,0.407157,0.758305,0.402044,0.759821,0.429885,0.780922,0.406091,0.786066,0.40029,0.781843,0.423017,0.787582,0.42813,0.927038,0.564628,0.937015,0.532073,0.924375,0.532073,0.939678,0.564628,0.923994,0.530114,0.911354,0.530114,0.920523,0.562577,0.907883,0.562577,0.90403,0.530114,0.894862,0.562577,0.907502,0.562577,0.89139,0.530114,0.927891,0.564876,0.915251,0.564876,0.925228,0.597431,0.912588,0.597431,0.739672,0.277997,0.738351,0.279321,0.743012,0.336295,0.744401,0.337814,0.733407,0.281576,0.732275,0.282912,0.736936,0.339885,0.738201,0.341083,0.747705,0.341083,0.745984,0.282912,0.744769,0.281576,0.749086,0.339885,0.731924,0.433049,0.722381,0.430177,0.729581,0.462127,0.721974,0.463026,0.75003,0.432662,0.743017,0.430181,0.743548,0.463026,0.753091,0.461713,0.762164,0.463026,0.761763,0.43015,0.75475,0.431577,0.757061,0.460807,0.738245,0.461773,0.741275,0.432671,0.733668,0.430172,0.733142,0.463026],"max":[0.939678,0.710848],"min":[0.721974,0.277997],"stride":2}},"surfaces":{"wildlingscolour_default":{"numPrimitives":42,"triangles":[4,4,3,5,5,3,6,6,3,6,6,3,7,7,3,4,4,3,22,56,29,2,57,2,23,58,30,2,57,2,1,59,1,23,58,30,16,40,26,4,41,26,18,42,26,4,41,26,7,43,26,18,42,26,13,32,24,5,33,24,16,34,24,4,35,24,16,34,24,5,33,24,16,24,18,17,25,19,14,22,16,14,22,16,13,21,15,16,24,18,12,20,14,13,21,15,14,22,16,14,22,16,15,23,17,12,20,14,18,26,20,12,20,14,15,23,17,15,23,17,19,27,21,18,26,20,17,25,19,18,26,20,19,27,21,17,25,19,16,24,18,18,26,20,17,45,19,22,48,29,14,49,16,22,48,29,17,45,19,20,44,27,20,44,27,17,45,19,19,46,21,20,44,27,19,46,21,21,47,28,21,47,28,19,46,21,15,50,17,21,47,28,15,50,17,23,51,30,8,8,4,11,11,7,9,9,5,8,8,4,9,9,5,10,10,6,11,12,8,8,13,9,1,14,10,1,14,10,0,15,8,11,12,8,10,16,11,9,19,12,3,17,12,10,16,11,3,17,12,2,18,13,5,29,22,12,28,22,6,31,22,12,28,22,5,29,22,13,30,23,18,36,25,7,39,25,6,37,25,18,36,25,6,37,25,12,38,25,23,52,30,15,55,17,14,53,16,23,52,30,14,53,16,22,54,29,20,60,27,10,61,11,2,62,13,2,62,13,22,63,29,20,60,27,8,64,4,10,65,6,20,66,27,20,66,27,21,67,28,8,64,4,21,68,28,23,69,30,1,70,10,8,71,9,21,68,28,1,70,10,0,0,0,1,1,1,2,2,2,2,2,2,3,3,0,0,0,0]}}}},"images":{"pasted__monsterscolour_1":"characters/textures/wildlingscolour01.dds"},"materials":{"wildlingscolour_default":{"effect":"wildlingscolour_default"}},"nodes":{"e_b_barricadegate_base_level03":{"geometryinstances":{"e_b_barricadegate_base_level03Mesh":{"geometry":"e_b_barricadegate_base_level03Mesh","material":"wildlingscolour_default","surface":"wildlingscolour_default"}},"matrix":[0.01,0,0,0,0.01,0,0,0,0.01,0,0,0]}},"version":1}
