{"effects":{"metal01_default":{"meta":{"normals":true},"parameters":{"diffuse":"tree_01_split26_file5","reflectivity":0.5,"shininess":300},"type":"phong"},"metal01_shiny":{"meta":{"normals":true},"parameters":{"diffuse":"tree_01_split27_pasted__file5","reflectivity":0.5,"shininess":6.31179},"type":"phong"},"wood04_default":{"meta":{"normals":true},"parameters":{"diffuse":"tree_01_split9_file5q","reflectivity":0.5,"shininess":300},"type":"phong"}},"geometries":{"e_b_gatebase_level_1Mesh":{"inputs":{"NORMAL":{"offset":2,"source":"e_b_gatebase_level_1-Normal0"},"POSITION":{"offset":0,"source":"e_b_gatebase_level_1-POSITION"},"TEXCOORD0":{"offset":1,"source":"e_b_gatebase_level_1-UV0"}},"meta":{"graphics":true},"sources":{"e_b_gatebase_level_1-Normal0":{"data":[0,0.816351,-0.577555,-0.634376,0.773024,0,-0.634376,0.773025,0,0.014223,0.810447,0.58564,0.634376,0.773024,0,0,0.409345,0.91238,0,0.438079,-0.898936,0,0.438079,-0.898937,0.822458,0.568826,0,-0.82246,0.568823,0,0,1,0],"max":[0.822458,1,0.91238],"min":[-0.82246,0.409345,-0.898937],"stride":3},"e_b_gatebase_level_1-POSITION":{"data":[-27.5948,11.5059,31.1185,27.5949,11.5059,31.1185,16.7433,2.60064,18.5313,-16.7432,2.60064,18.5313,27.5949,11.5059,-32.8985,16.7433,2.60064,-20.3112,-27.5948,11.5059,-31.5581,-16.7432,2.60064,-19.4979,-37.6224,11.5059,41.3165,-45.5801,0,46.4787,37.6225,11.5059,41.3165,45.5802,0,46.4787,-45.5801,0,-46.4787,-37.6224,11.5059,-40.8715,37.6225,11.5059,-40.8715,45.5802,0,-46.4787],"max":[45.5802,11.5059,46.4787],"min":[-45.5801,0,-46.4787],"stride":3},"e_b_gatebase_level_1-UV0":{"data":[0,1,1,1,1,0,0,0,0.566171,0.494584,0.565425,0.505416,0.576895,0.494584,0.577642,0.505416,0.645079,0.505416,0.644333,0.494584,0.633609,0.494584,0.632862,0.505416,0.509458,0.494584,0.510204,0.505416,0.567301,0.494584,0.575766,0.494584,0.634738,0.494584,0.643203,0.494584,0.508329,0.494584],"max":[1,1],"min":[0,0],"stride":2}},"surfaces":{"metal01_default":{"numPrimitives":8,"triangles":[8,4,5,9,5,5,10,6,5,9,5,5,11,7,5,10,6,5,12,8,6,13,9,6,14,10,7,12,8,6,14,10,7,15,11,7,14,10,8,10,6,8,11,7,8,11,7,8,15,11,8,14,10,8,9,5,9,8,4,9,13,12,9,9,5,9,13,12,9,12,13,9]},"metal01_shiny":{"numPrimitives":8,"triangles":[13,9,10,6,17,10,4,16,10,4,16,10,14,10,10,13,9,10,14,10,10,4,16,10,1,15,10,14,10,10,1,15,10,10,6,10,10,6,10,1,15,10,0,14,10,10,6,10,0,14,10,8,4,10,8,4,10,0,14,10,13,12,10,0,14,10,6,18,10,13,12,10]},"wood04_default":{"numPrimitives":8,"triangles":[0,0,0,1,1,0,2,2,0,2,2,0,3,3,0,0,0,0,0,1,4,3,2,4,6,0,4,3,2,4,7,3,4,6,0,4,4,1,1,5,2,2,1,0,1,5,2,2,2,3,2,1,0,1,5,3,3,4,0,3,6,1,3,6,1,3,7,2,3,5,3,3]}}}},"images":{"tree_01_split26_file5":"environment/textures/metal01_tile.dds","tree_01_split27_pasted__file5":"environment/textures/metal01_tile.dds","tree_01_split9_file5q":"environment/textures/wood04_tile.dds"},"materials":{"metal01_default":{"effect":"metal01_default"},"metal01_shiny":{"effect":"metal01_shiny"},"wood04_default":{"effect":"wood04_default"}},"nodes":{"e_b_gatebase_level_1":{"geometryinstances":{"e_b_gatebase_level_1Mesh-metal01_default":{"geometry":"e_b_gatebase_level_1Mesh","material":"metal01_default","surface":"metal01_default"},"e_b_gatebase_level_1Mesh-metal01_shiny":{"geometry":"e_b_gatebase_level_1Mesh","material":"metal01_shiny","surface":"metal01_shiny"},"e_b_gatebase_level_1Mesh-wood04_default":{"geometry":"e_b_gatebase_level_1Mesh","material":"wood04_default","surface":"wood04_default"}},"matrix":[0.01,0,0,0,0.01,0,0,0,0.01,0,0,0]}},"version":1}
