{"effects":{"wildlingscolour_default":{"meta":{"normals":true},"parameters":{"diffuse":"pasted__monsterscolour_1","reflectivity":0.5,"shininess":1.73205},"type":"phong"}},"geometries":{"e_b_barricadeMesh":{"inputs":{"NORMAL":{"offset":2,"source":"e_b_barricade-Normal0"},"POSITION":{"offset":0,"source":"e_b_barricade-POSITION"},"TEXCOORD0":{"offset":1,"source":"e_b_barricade-UV0"}},"meta":{"graphics":true},"sources":{"e_b_barricade-Normal0":{"data":[-0.925874,0.070262,0.371243,-0.925566,0.091991,0.36724,-0.925877,0.063274,0.37249,-0.201251,-0.039091,-0.978759,0.869245,-0.090058,-0.48611,-0.17247,-0.1347,-0.975761,0.873685,-0.013085,-0.486317,-0.26417,-0.12072,-0.956891,-0.309349,-0.060911,-0.948996,-0.871726,-0.082429,0.48301,-0.887344,-0.073822,0.45516,-0.886394,-0.075486,0.456736,-0.817134,-0.077136,0.571263,0.711296,-0.084157,0.697837,0.719749,-0.032858,0.693456,0.198292,-0.105745,0.974422,0.757283,-0.085005,0.647531,0.997919,-0.000621,0.064481,0.898823,-0.084171,-0.430153,-0.070647,0.99435,-0.079221,-0.291439,0.94059,-0.174222,-0.252848,0.966848,0.035679,-0.313885,0.926074,-0.209436,-0.249117,0.967961,0.03149,0.018986,0.997756,0.064211,-0.100891,0.975463,0.195687,-0.626518,0.715618,0.308814,-0.863377,0.201436,0.462606,-0.251073,0.967542,0.028709,0.833046,0.151005,-0.532195,-0.092733,0.148926,-0.984491,-0.112615,0.119356,-0.986444,0.837425,0.129852,-0.530904,-0.185458,0.118584,-0.975471,-0.172124,0.142147,-0.974765,0.646118,0.133966,0.751389,0.658964,0.12521,0.74168,0.174753,0.147644,0.97348,0.182201,0.158581,0.970389,0.701775,0.120549,0.702125,0.692358,0.128403,0.710038,0.870887,0.121958,-0.476112,0.866234,0.145878,-0.477868,-0.90983,-0.022323,0.414379,-0.910388,-0.020773,0.413234,0.177859,0.01264,0.983975,0.690121,0.013247,0.723573,0.739474,0.008827,0.673127,0.858361,0.00043,-0.513045,0.890904,0.002079,-0.454188,-0.158352,-0.022796,-0.987119,-0.237051,-0.016191,-0.971362],"max":[0.997919,0.997756,0.983975],"min":[-0.925877,-0.1347,-0.987119],"stride":3},"e_b_barricade-POSITION":{"data":[-7.33747,17.4783,-7.42228,-10.39,-0.13448,-9.66194,-0.385391,-0.113245,14.5058,-0.107883,21.0085,10.9562,2.47538,69.5718,-12.4261,3.58669,60.8616,-9.77086,2.17176,60.5383,-10.4918,4.11658,70.0059,-11.583,-9.21395,57.9376,-6.7813,-10.9705,66.0536,-7.73696,0.036883,59.5234,10.6798,0.146215,68.1331,12.2562,1.5655,59.8983,10.4039,1.91517,68.6401,11.9361,9.0822,61.888,1.71503,10.4375,71.3529,1.88193,3.19421,70.9668,-10.1123,1.72734,70.578,-10.8401,2.28102,70.7098,-10.0954,-10.0181,67.5471,-6.45851,-1.2551,69.3829,0.409864,8.71595,72.1378,1.83363,1.38794,69.8006,10.6174,-0.213662,69.3417,10.907,0.512947,69.5636,10.3452,6.07584,-0.11245,-11.1675,4.32755,-0.115449,-12.0477,2.68519,18.7665,-9.21449,4.07671,19.0675,-8.54218,1.30347,-0.110347,14.1425,1.41456,21.2046,10.6841,9.74656,21.3305,2.03228,13.5225,-0.097232,2.72984,-0.139649,37.157,8.86945,-6.56737,36.5031,-5.81058,1.09746,37.2722,8.64833,7.63416,37.8267,1.61433,3.08733,37.4059,-7.23529,1.95206,37.2984,-7.79603],"max":[13.5225,72.1378,14.5058],"min":[-10.9705,-0.13448,-12.4261],"stride":3},"e_b_barricade-UV0":{"data":[0.196177,0.19642,0.19467,0.200726,0.197634,0.200725,0.198926,0.196588,0.193784,0.017427,0.195505,0.023131,0.196532,0.022822,0.192724,0.017711,0.232656,0.162186,0.231766,0.160406,0.230983,0.162351,0.230029,0.160477,0.222423,0.160544,0.221534,0.162324,0.225412,0.16407,0.226407,0.162285,0.225911,0.041171,0.228708,0.036169,0.227969,0.036112,0.225201,0.041079,0.248615,0.162167,0.248652,0.163965,0.251329,0.163561,0.2513,0.161671,0.228173,0.163561,0.229661,0.160576,0.227148,0.161671,0.230627,0.162459,0.230132,0.084596,0.231161,0.084234,0.230953,0.083173,0.229935,0.083656,0.264129,0.040676,0.264551,0.039192,0.24586,0.026519,0.245927,0.045164,0.253123,0.049636,0.250732,0.036866,0.248911,0.036103,0.25163,0.050813,0.222552,0.050564,0.224363,0.050122,0.232717,0.031059,0.232087,0.028743,0.255654,0.061519,0.257592,0.060601,0.244174,0.051085,0.243682,0.053401,0.257987,0.062619,0.256029,0.063307,0.250546,0.07638,0.249369,0.075436,0.232677,0.056279,0.234231,0.056818,0.263712,0.054766,0.26285,0.054766,0.278691,0.075342,0.279348,0.07492,0.203322,0.196453,0.201708,0.192147,0.200345,0.192147,0.20453,0.195813,0.234451,0.098838,0.248645,0.076159,0.247616,0.075613,0.233287,0.098838,0.202806,0.192046,0.206733,0.188645,0.205335,0.188006,0.204221,0.192047,0.210805,0.189602,0.212475,0.189648,0.211203,0.187137,0.209395,0.186817,0.229568,0.096199,0.229744,0.095694,0.229075,0.096385,0.229793,0.084155,0.228414,0.035244,0.227745,0.035192,0.234802,0.058335,0.254739,0.060919,0.265137,0.041984,0.200191,0.192688,0.197487,0.192147,0.261291,0.053726,0.262321,0.054318,0.209209,0.18468,0.207771,0.184115,0.212054,0.19223,0.21373,0.192125,0.293497,0.098838,0.294098,0.098296,0.205866,0.200726,0.207168,0.199999,0.767632,0.446085,0.760457,0.457594,0.764979,0.459374,0.772468,0.447303,0.767887,0.442354,0.760011,0.44039,0.760342,0.445659,0.7675,0.436588,0.765876,0.327523,0.745855,0.29351,0.744914,0.294361,0.766977,0.326827,0.759665,0.473692,0.757381,0.459846,0.753289,0.462132,0.764869,0.471691,0.750696,0.444402,0.74733,0.455962,0.755832,0.457663,0.759622,0.446227,0.768938,0.327523,0.789023,0.295303,0.787184,0.294578,0.767322,0.326594],"max":[0.789023,0.473692],"min":[0.192724,0.017427],"stride":2}},"surfaces":{"wildlingscolour_default":{"numPrimitives":70,"triangles":[24,74,28,23,75,26,22,76,25,35,115,46,12,116,13,10,117,15,10,117,15,33,118,45,35,115,46,8,111,10,34,112,44,33,113,43,33,113,43,10,114,11,8,111,10,8,107,7,6,110,5,38,108,50,8,107,7,38,108,50,34,109,51,6,103,5,5,106,4,37,104,48,6,103,5,37,104,48,38,105,50,36,100,49,5,99,4,14,102,18,5,99,4,36,100,49,37,101,48,12,95,13,35,96,46,36,97,47,36,97,47,14,98,16,12,95,13,17,44,20,4,45,3,9,46,8,9,46,8,19,47,22,17,44,20,11,40,12,23,41,26,19,42,27,11,40,12,19,42,27,9,43,9,21,36,24,22,37,25,13,38,14,13,38,14,15,39,17,21,36,24,16,28,19,7,29,6,4,30,3,4,30,3,17,31,20,16,28,19,18,77,21,16,28,19,17,31,20,13,20,14,12,21,13,14,22,16,14,22,16,15,23,17,13,20,14,22,78,25,23,79,26,11,18,12,11,18,12,13,17,14,22,78,25,12,16,13,13,17,14,11,18,12,11,18,12,10,19,15,12,16,13,7,48,6,16,49,19,15,50,17,16,49,19,21,51,24,15,50,17,5,27,4,7,25,6,14,24,18,14,24,18,7,25,6,15,26,17,8,8,7,9,9,8,6,10,5,9,9,8,4,11,3,6,10,5,33,83,43,34,84,44,3,3,2,0,0,0,3,3,2,34,84,44,2,2,1,3,3,2,0,0,0,0,0,0,1,1,1,2,2,1,30,63,36,35,86,46,33,85,45,33,85,45,3,64,37,30,63,36,29,62,35,30,63,36,3,64,37,3,64,37,2,65,38,29,62,35,23,52,26,20,35,23,19,34,22,23,52,26,24,53,28,20,35,23,20,35,23,24,53,28,22,80,25,22,80,25,21,81,24,20,35,23,20,35,23,21,81,24,16,82,19,16,82,19,18,32,21,20,35,23,19,34,22,20,35,23,18,32,21,18,32,21,17,33,20,19,34,22,9,12,9,8,13,10,10,14,11,10,14,11,11,15,12,9,12,9,4,4,3,7,7,6,5,5,4,4,4,3,5,5,4,6,6,5,38,91,50,37,92,48,28,57,32,38,91,50,28,57,32,27,56,31,27,56,31,28,57,32,25,54,29,25,54,29,26,55,30,27,56,31,37,89,48,36,90,49,31,71,41,31,71,41,28,70,32,37,89,48,28,70,32,31,71,41,32,72,42,32,72,42,25,73,29,28,70,32,32,69,40,31,67,39,29,66,35,29,66,35,31,67,39,30,68,36,35,88,46,30,68,36,31,67,39,31,67,39,36,87,47,35,88,46,34,93,51,38,94,50,27,61,31,34,93,51,27,61,31,0,58,33,0,58,33,27,61,31,26,59,30,0,58,33,26,59,30,1,60,34]}}}},"images":{"pasted__monsterscolour_1":"characters/textures/wildlingscolour01.dds"},"materials":{"wildlingscolour_default":{"effect":"wildlingscolour_default"}},"nodes":{"e_b_barricade":{"geometryinstances":{"e_b_barricadeMesh":{"geometry":"e_b_barricadeMesh","material":"wildlingscolour_default","surface":"wildlingscolour_default"}},"matrix":[0.01,0,0,0,0.01,0,0,0,0.01,0,0,0]}},"version":1}
