{"effects":{"wildlingscolour_default":{"meta":{"normals":true},"parameters":{"diffuse":"pasted__monsterscolour_1","reflectivity":0.5,"shininess":1.73205},"type":"phong"}},"geometries":{"e_b_barricadegate_level04Mesh":{"inputs":{"NORMAL":{"offset":0,"source":"e_b_barricadegate_level04-Normal0"},"POSITION":{"offset":0,"source":"e_b_barricadegate_level04-POSITION"},"TEXCOORD0":{"offset":1,"source":"e_b_barricadegate_level04-UV0"}},"meta":{"graphics":true},"sources":{"e_b_barricadegate_level04-Normal0":{"data":[-0.994918,0.074864,-0.067332,-0.992216,0.074569,0.099738,-0.977024,0.179287,0.115242,-0.98522,0.160296,-0.060386,0.09057,0.069101,0.99349,0.093456,0.179699,0.979272,-0.060297,0.148761,0.987033,-0.109143,0.073769,0.991285,-0.083031,0.995826,-0.03789,-0.267922,0.940112,-0.210729,-0.257801,0.965993,-0.019906,-0.080784,0.973708,-0.212995,0.978171,0.171344,-0.11757,0.979613,0.195646,0.045607,0.994049,0.07294,0.080908,0.990685,0.071913,-0.115639,-0.137638,0.169818,-0.975816,0.034118,0.197747,-0.979659,0.071067,0.074272,-0.994703,-0.118817,0.072576,-0.99026,0.997597,0.061817,0.031279,0.992249,0.062659,-0.107317,0.01863,0.062696,-0.997859,-0.13326,0.066577,-0.988842,-0.996918,0.065392,-0.043337,-0.992837,0.065644,0.099824,-0.017884,0.059602,0.998062,0.139988,0.064309,0.988063,0.994265,0.062234,0.086967,0.070939,0.059663,0.995695,0.995907,0.05996,-0.067633,0.074191,0.063734,-0.995205,-0.083626,0.06298,-0.994505,-0.993522,0.066301,-0.092289,-0.996402,0.062977,0.056724,-0.082415,0.061582,0.994694,0.074836,0.060548,0.995356,0.082251,0.060893,0.99475,-0.04989,0.059372,0.996988,-0.061985,0.059993,0.996272,0.99575,0.060913,0.069071,0.996447,0.060372,0.058731,0.995481,0.060715,-0.073011,0.995844,0.060503,-0.068073,0.064039,0.062463,-0.995991,0.052839,0.061971,-0.996678,-0.073498,0.06354,-0.995269,-0.078884,0.063763,-0.994842,-0.995208,0.06498,-0.073072,-0.995812,0.064465,-0.064829,-0.995735,0.063657,0.066775,-0.995321,0.063931,0.072456],"max":[0.997597,0.995826,0.998062],"min":[-0.996918,0.059372,-0.997859],"stride":3},"e_b_barricadegate_level04-POSITION":{"data":[-12.7666,70.0751,-10.0081,-12.9982,63.1524,11.5349,-11.5645,83.5049,10.3056,-12.0386,80.9423,-9.18784,11.016,70.5906,12.5992,9.97572,87.5001,11.4355,-9.34131,84.1055,12.3342,-10.5888,66.5032,13.413,9.80455,89.3716,9.1611,-9.7864,83.4854,-9.17136,-9.30449,86.0153,10.0805,9.32264,86.8417,-10.0907,11.5841,85.0447,-10.2838,12.0442,87.6038,9.20479,12.805,75.3858,10.0564,12.6974,68.9593,-11.2443,-9.92561,81.0239,-11.4637,9.40895,84.4158,-12.3423,10.3592,70.8541,-13.1709,-10.8018,67.8636,-12.4355,13.0823,70.9323,10.3668,13.3307,59.8089,-11.7908,10.6473,66.7412,-13.4222,-11.1773,62.2235,-12.852,-12.9132,67.8881,-10.1732,-13.5963,54.6617,12.0477,-10.773,63.9042,13.5723,11.4656,63.2829,13.1022,15.2629,30.5365,12.9858,13.4058,27.6128,15.2705,15.3578,26.285,-13.53,13.093,28.9346,-15.3928,-13.2955,27.2078,-15.1749,-15.1982,29.3729,-12.9118,-15.4594,24.3176,13.6282,-13.141,27.8502,15.4502,14.6061,5.5441,16.612,13.8109,20.1632,15.7233,-13.6356,20.3206,15.8424,-14.6061,5.5441,16.612,16.612,5.5441,14.6061,15.7183,22.1,13.5327,15.7812,19.2837,-13.8933,16.612,5.5441,-14.6061,14.6061,5.5441,-16.612,13.6038,21.0389,-15.8044,-14.6061,5.5441,-16.612,-13.7379,19.895,-15.66,-16.612,5.5441,-14.6061,-15.6755,21.3293,-13.4837,-16.612,5.5441,14.6061,-15.8484,17.9804,13.9583],"max":[16.612,89.3716,16.612],"min":[-16.612,5.5441,-16.612],"stride":3},"e_b_barricadegate_level04-UV0":{"data":[0.097301,0.175042,0.113962,0.180395,0.113011,0.164655,0.097936,0.166637,0.058693,0.174643,0.057889,0.161566,0.04295,0.164191,0.041985,0.177804,0.11611,0.161571,0.100959,0.147393,0.101332,0.162282,0.115737,0.146682,0.08474,0.163465,0.069668,0.161485,0.06901,0.170934,0.085483,0.175905,0.123974,0.22981,0.138926,0.232433,0.139661,0.221945,0.123296,0.219632,0.058827,0.023791,0.058647,0.021782,0.04324,0.023807,0.043227,0.025842,0.061314,0.037397,0.06045,0.023311,0.059811,0.040079,0.059731,0.020594,0.057911,0.019096,0.101646,0.071653,0.102032,0.087059,0.103824,0.087094,0.103456,0.071498,0.104433,0.087776,0.102169,0.08888,0.103001,0.089811,0.040702,0.023062,0.041405,0.025777,0.042504,0.021121,0.04257,0.034539,0.040628,0.036309,0.067132,0.093927,0.068023,0.081054,0.066152,0.08257,0.065392,0.093423,0.04235,0.022559,0.73748,0.34794,0.747943,0.313263,0.740692,0.312757,0.722584,0.34883,0.733869,0.351485,0.740565,0.351076,0.780722,0.351485,0.788077,0.315955,0.778895,0.316567,0.774027,0.351016,0.778855,0.313129,0.775295,0.313368,0.769984,0.312828,0.748451,0.349004,0.762274,0.348169,0.773544,0.313097,0.763498,0.351485,0.767729,0.351226,0.781722,0.312845,0.793619,0.312113,0.786964,0.27694,0.782733,0.27664,0.740136,0.309123,0.728239,0.308304,0.104655,0.088024,0.103361,0.090213,0.106966,0.090611,0.105412,0.092507,0.085906,0.182981,0.06877,0.174379,0.06627,0.210244,0.08773,0.213531,0.066383,0.079279,0.06853,0.073731,0.068838,0.044238,0.070718,0.042118,0.123006,0.21527,0.139884,0.218764,0.142257,0.184901,0.120895,0.183566,0.042438,0.036289,0.040294,0.040822,0.039751,0.071897,0.037872,0.073629,0.094576,0.211143,0.116055,0.215053,0.114359,0.186962,0.097174,0.176733,0.061441,0.039477,0.060221,0.046874,0.063503,0.073115,0.061977,0.075942,0.039539,0.212321,0.061023,0.212505,0.059041,0.180295,0.041843,0.179814,0.549252,0.70908,0.56174,0.708401,0.561874,0.684955,0.549252,0.684126,0.561294,0.555112,0.559337,0.58731,0.563755,0.58731,0.566119,0.550847,0.575513,0.708471,0.577919,0.685043,0.563776,0.684126,0.563776,0.70908,0.577777,0.583444,0.579607,0.553184,0.575189,0.553184,0.572981,0.58731,0.591776,0.710794,0.591776,0.68584,0.579517,0.686581,0.578539,0.709937,0.5664,0.552544,0.568463,0.58731,0.57273,0.584151,0.570818,0.552544,0.584251,0.658978,0.584251,0.683932,0.594874,0.683378,0.597735,0.659937,0.579834,0.55992,0.581261,0.58731,0.585679,0.58731,0.583984,0.554766,0.221183,0.1943,0.221019,0.222995,0.228807,0.222572,0.229055,0.194817,0.227737,0.062037,0.225475,0.099249,0.236417,0.089574,0.239149,0.047433,0.239532,0.222612,0.243977,0.194889,0.235157,0.194318,0.232213,0.222992,0.25357,0.059808,0.251019,0.099249,0.262332,0.086013,0.264447,0.051041,0.253,0.22499,0.254196,0.196404,0.24655,0.196866,0.244745,0.224456,0.264876,0.059069,0.26726,0.099249,0.276765,0.088434,0.274555,0.051905,0.257791,0.165497,0.25429,0.194188,0.260915,0.193843,0.266201,0.166095,0.239562,0.067594,0.24121,0.099249,0.250621,0.087559,0.248662,0.049947],"max":[0.793619,0.710794],"min":[0.037872,0.019096],"stride":2}},"surfaces":{"wildlingscolour_default":{"numPrimitives":94,