{"effects":{"wildlingscolour_default":{"meta":{"normals":true},"parameters":{"diffuse":"pasted__monsterscolour_1","reflectivity":0.5,"shininess":1.73205},"type":"phong"}},"geometries":{"e_b_barricadegate_level05Mesh":{"inputs":{"NORMAL":{"offset":0,"source":"e_b_barricadegate_level05-Normal0"},"POSITION":{"offset":0,"source":"e_b_barricadegate_level05-POSITION"},"TEXCOORD0":{"offset":1,"source":"e_b_barricadegate_level05-UV0"}},"meta":{"graphics":true},"sources":{"e_b_barricadegate_level05-Normal0":{"data":[-0.994918,0.074863,-0.067332,-0.992216,0.074568,0.099738,-0.977024,0.179287,0.115242,-0.98522,0.160296,-0.060386,0.09057,0.069101,0.99349,0.093456,0.179698,0.979272,-0.060297,0.148761,0.987033,-0.109143,0.073769,0.991285,-0.083032,0.995826,-0.037891,-0.267921,0.940113,-0.210729,-0.2578,0.965993,-0.019907,-0.080784,0.973708,-0.212995,0.978171,0.171344,-0.11757,0.979614,0.195646,0.045608,0.994049,0.07294,0.080908,0.990685,0.071913,-0.11564,-0.137638,0.169818,-0.975816,0.034118,0.197747,-0.979659,0.071067,0.074272,-0.994703,-0.118817,0.072576,-0.99026,0.996817,0.069566,0.038936,0.991044,0.071174,-0.112988,0.029742,0.071176,-0.99702,-0.140296,0.074633,-0.987293,-0.996215,0.072796,-0.047498,-0.99183,0.074096,0.10384,-0.030465,0.068503,0.997186,0.138613,0.072574,0.987684,0.994773,0.070739,0.073639,0.092009,0.069616,0.993322,0.993755,0.069655,-0.087173,0.059432,0.072192,-0.995618,-0.103625,0.072394,-0.991978,-0.993793,0.074523,-0.082588,-0.994297,0.072587,0.078134,-0.068848,0.070202,0.995154,-0.063058,0.069152,0.995611,0.07725,0.069554,0.994583,0.092606,0.070405,0.993211,-0.041061,0.067846,0.996851,0.995172,0.06985,0.068954,0.996376,0.06876,0.050067,0.994219,0.070035,-0.081389,0.995011,0.069518,-0.071561,0.063548,0.07128,-0.99543,0.043543,0.070232,-0.99658,-0.088563,0.072794,-0.993407,-0.077556,0.072181,-0.994372,-0.994605,0.073591,-0.07311,-0.995664,0.072609,-0.058152,-0.994942,0.072465,0.06957,-0.994062,0.073071,0.080626,0.085174,0.069531,0.993937,-0.065743,0.06974,0.995397,0.994986,0.070345,0.071096,0.994356,0.069544,-0.080129,0.060155,0.07178,-0.995605,-0.092449,0.072251,-0.993093,-0.994208,0.074089,-0.077856,-0.99465,0.07247,0.073613],"max":[0.996817,0.995826,0.997186],"min":[-0.996215,0.067846,-0.99702],"stride":3},"e_b_barricadegate_level05-POSITION":{"data":[-42.5766,197.311,-33.3361,-43.3482,174.24,38.4584,-38.5702,242.067,34.3615,-40.1503,233.527,-30.6025,36.682,199.029,42.0055,33.215,255.382,38.1271,-31.1612,244.069,41.1223,-35.3188,185.407,44.7174,32.6446,261.619,30.5475,-32.6446,242.002,-30.5475,-31.0386,250.433,33.6115,31.0386,253.188,-33.6115,38.575,247.199,-34.2547,40.1085,255.727,30.6931,42.6438,215.009,33.5312,42.2852,193.592,-37.456,-33.1085,233.799,-38.1869,31.3262,245.103,-41.1152,34.4929,199.907,-43.8764,-36.0284,189.941,-41.4257,43.568,200.168,34.5657,44.3958,163.098,-39.2771,35.4532,186.2,-44.7138,-37.2798,171.144,-42.8138,-43.0648,190.022,-33.8862,-45.3415,145.944,40.1675,-35.9327,176.746,45.2483,38.1803,174.675,43.6817,47.6325,134.89,39.1157,41.7871,116.049,47.7165,48.2443,107.493,-42.5977,39.7716,124.567,-48.4793,-41.1216,113.44,-47.0751,-47.2606,127.392,-38.6135,-48.9432,94.8152,43.2558,-40.1259,117.58,48.8743,-52.0028,-50,59.1446,52.0028,-50,59.1446,46.2224,43.9573,52.6781,-45.2824,44.8233,53.3333,59.1446,-50,52.0028,52.6306,54.6182,44.7108,52.9768,39.1158,-46.681,59.1446,-50,-52.0028,52.0028,-50,-59.1446,45.0819,48.7772,-53.1098,-45.8458,42.4809,-52.3152,-52.0028,-50,-59.1446,-59.1446,-50,-52.0028,-52.4202,50.3755,-44.4266,-59.1446,-50,52.0028,-53.3723,31.9422,47.0534,44.3018,75.1737,50.5297,-43.0496,76.3273,51.4025,50.4664,89.3765,42.2881,50.9276,68.7236,-44.9129,42.7825,81.5948,-51.1048,-43.8002,73.2067,-50.0462,-50.1861,83.7243,-41.9095,-51.4545,59.1666,45.409],"max":[59.1446,261.619,59.1446],"min":[-59.1446,-50,-59.1446],"stride":3},"e_b_barricadegate_level05-UV0":{"data":[0.769267,0.924892,0.763712,0.942179,0.780044,0.941193,0.777987,0.92555,0.733198,0.940045,0.746768,0.93921,0.744043,0.923709,0.729918,0.922707,0.746113,0.921701,0.730392,0.90699,0.730779,0.922438,0.745726,0.906252,0.727797,0.920122,0.729851,0.904483,0.720047,0.903799,0.71489,0.920892,0.75114,0.905447,0.748418,0.920963,0.759301,0.921725,0.7617,0.904744,0.734707,0.813547,0.734341,0.809465,0.703042,0.813578,0.703016,0.817713,0.739759,0.841187,0.738005,0.81257,0.736705,0.846635,0.736544,0.807051,0.732846,0.804009,0.762978,0.772103,0.763762,0.803402,0.767403,0.803473,0.766655,0.771789,0.76864,0.804857,0.76404,0.807099,0.765731,0.808991,0.697887,0.812066,0.699316,0.81758,0.701548,0.808122,0.701682,0.83538,0.697736,0.838975,0.760731,0.807955,0.762541,0.781804,0.75874,0.784884,0.757195,0.806932,0.701234,0.811043,0.73748,0.34794,0.747943,0.313263,0.740692,0.312757,0.722584,0.34883,0.733869,0.351485,0.740565,0.351076,0.780722,0.351485,0.788077,0.315955,0.778895,0.316567,0.774027,0.351016,0.778855,0.313129,0.775295,0.313368,0.769984,0.312828,0.748451,0.349004,0.762274,0.348169,0.773544,0.313097,0.763498,0.351485,0.767729,0.351226,0.781722,0.312845,0.793619,0.312113,0.786964,0.27694,0.782733,0.27664,0.740136,0.309123,0.728239,0.308304,0.74662,0.805599,0.742173,0.818035,0.7444,0.837443,0.740204,0.846635,0.728279,0.962696,0.737205,0.944916,0.721486,0.94382,0.71489,0.963496,0.751859,0.846635,0.756221,0.835364,0.753965,0.816568,0.758098,0.808239,0.763741,0.946359,0.760116,0.963872,0.774956,0.964912,0.777636,0.945434,0.760704,0.846635,0.763526,0.837425,0.758657,0.816082,0.761652,0.809275,0.73764,0.957068,0.757354,0.964912,0.75661,0.952601,0.738779,0.941987,0.74962,0.806666,0.747141,0.821692,0.751389,0.835529,0.748648,0.846635,0.749052,0.921994,0.748683,0.941718,0.7628,0.94085,0.763298,0.923004,0.558654,0.701624,0.558654,0.722197,0.577239,0.721054,0.57741,0.702954,0.58151,0.560617,0.580205,0.579576,0.581646,0.579576,0.583117,0.558465,0.597244,0.721144,0.60031,0.703067,0.579616,0.701624,0.579616,0.722197,0.587701,0.577626,0.588946,0.559644,0.587505,0.559644,0.586108,0.579576,0.582521,0.682101,0.581276,0.700086,0.600814,0.701455,0.600814,0.680883,0.583272,0.559322,0.584629,0.579576,0.585955,0.577983,0.584713,0.559322,0.560846,0.67947,0.560846,0.700043,0.577054,0.699064,0.5807,0.680969,0.589096,0.563041,0.590095,0.579576,0.591536,0.579576,0.590363,0.560442,0.240403,0.198085,0.240125,0.227497,0.250158,0.226879,0.250529,0.198803,0.231013,0.063691,0.228199,0.10458,0.238635,0.090616,0.241808,0.045088,0.264598,0.226922,0.271236,0.198894,0.260064,0.198115,0.255082,0.22749,0.263613,0.08772,0.266297,0.048939,0.255956,0.061594,0.252944,0.10458,0.282883,0.229556,0.284907,0.20033,0.275031,0.200988,0.272335,0.228817,0.266734,0.060898,0.26966,0.10458,0.278025,0.090803,0.275346,0.050557,0.282756,0.168585,0.276831,0.197988,0.285582,0.19746,0.293475,0.169394,0.250069,0.046442,0.242219,0.06892,0.252598,0.087708,0.244373,0.10458,0.040191,0.203117,0.060462,0.203385,0.059878,0.193899,0.040869,0.193544,0.104227,0.091182,0.104831,0.091858,0.106312,0.089879,0.105631,0.089117,0.086676,0.195885,0.067714,0.189527,0.066978,0.200089,0.087214,0.204882,0.069454,0.060378,0.070099,0.051069,0.068143,0.054159,0.06742,0.064479,0.122114,0.201879,0.140886,0.204461,0.141585,0.194489,0.121493,0.192542,0.041303,0.051329,0.039271,0.054679,0.040511,0.061815,0.038558,0.06434,0.095312,0.201401,0.115575,0.207099,0.115075,0.198827,0.096077,0.191267,0.062312,0.053685,0.060963,0.059152,0.062919,0.063591,0.06148,0.067712],"max":[0.793619,0.964912],"min":[0.038558,0.045088],"stride":2}},"surfaces":{"wildlingscolour_default":{"numPrimitives":110,