{"effects":{"metal01_default":{"meta":{"normals":true},"parameters":{"diffuse":"tree_01_split26_file5","reflectivity":0.5,"shininess":300},"type":"phong"},"metal01_shiny":{"meta":{"normals":true},"parameters":{"diffuse":"tree_01_split27_pasted__file5","reflectivity":0.5,"shininess":6.31179},"type":"phong"},"wood04_default":{"meta":{"normals":true},"parameters":{"diffuse":"tree_01_split9_file5q","reflectivity":0.5,"shininess":300},"type":"phong"}},"geometries":{"e_b_gatebase_level_3Mesh":{"inputs":{"NORMAL":{"offset":2,"source":"e_b_gatebase_level_3-Normal0"},"POSITION":{"offset":0,"source":"e_b_gatebase_level_3-POSITION"},"TEXCOORD0":{"offset":1,"source":"e_b_gatebase_level_3-UV0"}},"meta":{"graphics":true},"sources":{"e_b_gatebase_level_3-Normal0":{"data":[0,0.814759,-0.5798,-0.644109,0.764933,0,-0.644109,0.764934,0,0.014564,0.808817,0.58788,0.644109,0.764933,0,0.64411,0.764933,0,0,0.409345,0.91238,0,0.438079,-0.898936,0,0.438079,-0.898937,0.822458,0.568826,0,-0.82246,0.568823,0,0,1,0],"max":[0.822458,1,0.91238],"min":[-0.82246,0.409345,-0.898937],"stride":3},"e_b_gatebase_level_3-POSITION":{"data":[27.5949,11.5059,31.7624,16.8541,2.46168,19.0531,-27.5948,11.5059,31.7624,-16.854,2.46168,19.0531,27.5949,11.5059,-33.5424,16.8541,2.46168,-20.833,-27.5948,11.5059,-32.1751,-16.854,2.46168,-19.9979,-37.6224,11.5059,41.3165,-45.5801,0,46.4787,37.6225,11.5059,41.3165,45.5802,0,46.4787,-45.5801,0,-46.4787,-37.6224,11.5059,-40.8715,37.6225,11.5059,-40.8715,45.5802,0,-46.4787],"max":[45.5802,11.5059,46.4787],"min":[-45.5801,0,-46.4787],"stride":3},"e_b_gatebase_level_3-UV0":{"data":[1,1,1,0,0,1,0,0,0.583349,0.442147,0.581664,0.466597,0.607554,0.442147,0.609239,0.466597,0.761455,0.466597,0.75977,0.442147,0.735565,0.442147,0.73388,0.466597,0.455339,0.442147,0.457024,0.466597,0.585898,0.442147,0.605006,0.442147,0.738114,0.442147,0.757222,0.442147,0.45279,0.442147],"max":[1,1],"min":[0,0],"stride":2}},"surfaces":{"metal01_default":{"numPrimitives":8,"triangles":[8,4,6,9,5,6,10,6,6,9,5,6,11,7,6,10,6,6,12,8,7,13,9,7,14,10,8,12,8,7,14,10,8,15,11,8,14,10,9,10,6,9,11,7,9,11,7,9,15,11,9,14,10,9,9,5,10,8,4,10,13,12,10,9,5,10,13,12,10,12,13,10]},"metal01_shiny":{"numPrimitives":8,"triangles":[13,9,11,6,17,11,4,16,11,13,9,11,4,16,11,14,10,11,14,10,11,4,16,11,0,15,11,14,10,11,0,15,11,10,6,11,10,6,11,0,15,11,2,14,11,10,6,11,2,14,11,8,4,11,8,4,11,2,14,11,13,12,11,2,14,11,6,18,11,13,12,11]},"wood04_default":{"numPrimitives":8,"triangles":[0,0,0,1,1,0,2,2,0,1,1,0,3,3,0,2,2,0,2,0,4,3,1,5,6,2,4,3,1,5,7,3,4,6,2,4,4,0,1,5,1,1,0,2,2,5,1,1,1,3,1,0,2,2,5,3,3,4,2,3,6,0,3,6,0,3,7,1,3,5,3,3]}}}},"images":{"tree_01_split26_file5":"environment/textures/metal01_tile.dds","tree_01_split27_pasted__file5":"environment/textures/metal01_tile.dds","tree_01_split9_file5q":"environment/textures/wood04_tile.dds"},"materials":{"metal01_default":{"effect":"metal01_default"},"metal01_shiny":{"effect":"metal01_shiny"},"wood04_default":{"effect":"wood04_default"}},"nodes":{"e_b_gatebase_level_3":{"geometryinstances":{"e_b_gatebase_level_3Mesh-metal01_default":{"geometry":"e_b_gatebase_level_3Mesh","material":"metal01_default","surface":"metal01_default"},"e_b_gatebase_level_3Mesh-metal01_shiny":{"geometry":"e_b_gatebase_level_3Mesh","material":"metal01_shiny","surface":"metal01_shiny"},"e_b_gatebase_level_3Mesh-wood04_default":{"geometry":"e_b_gatebase_level_3Mesh","material":"wood04_default","surface":"wood04_default"}},"matrix":[0.01,0,0,0,0.01,0,0,0,0.01,0,0,0]}},"version":1}
