{"effects":{"wildlingscolour_default":{"meta":{"normals":true},"parameters":{"diffuse":"pasted__monsterscolour_1","reflectivity":0.5,"shininess":1.73205},"type":"phong"}},"geometries":{"e_b_barricadegate_baseMesh":{"inputs":{"NORMAL":{"offset":2,"source":"e_b_barricadegate_base-Normal0"},"POSITION":{"offset":0,"source":"e_b_barricadegate_base-POSITION"},"TEXCOORD0":{"offset":1,"source":"e_b_barricadegate_base-UV0"}},"meta":{"graphics":true},"sources":{"e_b_barricadegate_base-Normal0":{"data":[-0.001086,-0.637342,0.77058,0.001652,0.062011,0.998074,0.001618,0.051865,0.998653,0.012461,0.999921,-0.001815,-0.000578,0.249282,-0.968431,-0.007582,-0.735338,-0.677658,-0.001703,0.114976,-0.993367,0.677235,-0.73576,0.003214,0.998854,0.04719,-0.008029,0.991895,0.126752,-0.008874,-0.771355,-0.636338,0.009243,-0.992379,0.123085,-0.005763,-0.988922,0.148306,-0.006224,0.00566,0.999708,-0.023492,-0.005943,0.999705,-0.023568,-0.160449,0.97628,0.145371,0.150743,0.979046,0.136912,-0.005851,0.999364,-0.035168,-0.169735,0.971079,-0.167914,0.005737,0.999368,-0.035073,0.143901,0.973904,-0.17551,0.007894,0.137221,-0.990509,0.976786,0.214177,0.004223,-0.980323,-0.197348,-0.004514,-0.007983,-0.154995,0.987883,-0.296243,0.885957,-0.35682,0.4077,0.856718,-0.315934,-0.337986,0.869962,0.359069,0.375811,0.840233,0.390863],"max":[0.998854,0.999921,0.998653],"min":[-0.992379,-0.73576,-0.993367],"stride":3},"e_b_barricadegate_base-POSITION":{"data":[19.464,-0.014751,19.4152,22.2616,2.74024,21.7525,-21.5996,3.2833,22.0851,-19.3763,-0.014751,19.4152,-10.9082,2.27854,-12.4335,-11.1043,2.32465,11.6243,12.9775,2.02484,11.7908,13.1737,1.97874,-12.267,21.8912,2.03794,-22.1143,-19.3763,-0.014751,-19.4251,-22.0051,2.57359,-21.7698,19.464,-0.014751,-19.4251,12.1279,6.60933,12.4031,-11.9628,6.60207,12.2261,-17.666,6.70072,17.849,17.78,6.71143,18.1094,-11.7857,5.89537,-11.8542,-17.4057,5.66091,-17.5817,12.305,5.90265,-11.6773,18.0407,5.67165,-17.3215,-18.0999,4.8566,-18.5775,19.0986,4.95861,-18.1635,-18.4775,5.87907,18.4878,18.53,5.92071,18.9506],"max":[22.2616,6.71143,22.0851],"min":[-22.0051,-0.014751,-22.1143],"stride":3},"e_b_barricadegate_base-UV0":{"data":[0.895987,0.710409,0.897113,0.710848,0.897752,0.659244,0.895987,0.659032,0.910321,0.562824,0.877858,0.564876,0.879631,0.597431,0.912093,0.595379,0.902306,0.710848,0.902606,0.659468,0.901676,0.659203,0.902606,0.710844,0.898079,0.710526,0.898379,0.710848,0.899205,0.659238,0.898079,0.659149,0.899593,0.659169,0.899593,0.710546,0.901359,0.710848,0.900524,0.659252,0.764965,0.424084,0.764043,0.407157,0.758305,0.402044,0.759821,0.429885,0.780922,0.406091,0.786066,0.40029,0.781843,0.423017,0.787582,0.42813,0.927038,0.564628,0.937015,0.532073,0.924375,0.532073,0.939678,0.564628,0.923994,0.530114,0.911354,0.530114,0.920523,0.562577,0.907883,0.562577,0.90403,0.530114,0.894862,0.562577,0.907502,0.562577,0.89139,0.530114,0.927891,0.564876,0.915251,0.564876,0.925228,0.597431,0.912588,0.597431,0.739672,0.277997,0.738351,0.279321,0.743012,0.336295,0.744401,0.337814,0.733407,0.281576,0.732275,0.282912,0.736936,0.339885,0.738201,0.341083,0.747705,0.341083,0.745984,0.282912,0.744769,0.281576,0.749086,0.339885,0.721974,0.463026,0.729581,0.462127,0.722381,0.430177,0.731924,0.433049,0.743548,0.463026,0.753091,0.461713,0.743017,0.430181,0.75003,0.432662,0.761763,0.43015,0.75475,0.431577,0.762164,0.463026,0.757061,0.460807,0.738245,0.461773,0.741275,0.432671,0.733668,0.430172,0.733142,0.463026],"max":[0.939678,0.710848],"min":[0.721974,0.277997],"stride":2}},"surfaces":{"wildlingscolour_default":{"numPrimitives":42,"triangles":[4,4,3,5,5,3,6,6,3,6,6,3,7,7,3,4,4,3,10,64,6,20,65,25,8,66,4,20,65,25,21,67,26,8,66,4,2,60,11,22,61,27,10,62,12,22,61,27,20,63,25,10,62,12,1,56,1,23,57,28,2,58,2,23,57,28,22,59,27,2,58,2,16,40,24,4,41,24,18,42,24,4,41,24,7,43,24,18,42,24,13,32,22,5,33,22,16,34,22,4,35,22,16,34,22,5,33,22,16,24,17,17,25,18,14,22,15,14,22,15,13,21,14,16,24,17,12,20,13,13,21,14,14,22,15,14,22,15,15,23,16,12,20,13,18,26,19,12,20,13,15,23,16,15,23,16,19,27,20,18,26,19,17,25,18,18,26,19,19,27,20,17,25,18,16,24,17,18,26,19,17,45,18,22,48,27,14,49,15,22,48,27,17,45,18,20,44,25,20,44,25,17,45,18,19,46,20,20,44,25,19,46,20,21,47,26,21,47,26,19,46,20,15,50,16,21,47,26,15,50,16,23,51,28,8,8,4,11,11,5,9,9,5,8,8,4,9,9,5,10,10,6,11,12,7,8,13,8,1,14,9,1,14,9,0,15,7,11,12,7,9,16,10,3,17,10,2,18,11,2,18,11,10,19,12,9,16,10,5,29,21,12,28,21,6,31,21,12,28,21,5,29,21,13,30,21,18,36,23,7,39,23,6,37,23,18,36,23,6,37,23,12,38,23,23,52,28,15,55,16,14,53,15,23,52,28,14,53,15,22,54,27,21,68,26,23,69,28,1,70,9,8,71,8,21,68,26,1,70,9,0,0,0,1,1,1,2,2,2,2,2,2,3,3,0,0,0,0]}}}},"images":{"pasted__monsterscolour_1":"characters/textures/wildlingscolour01.dds"},"materials":{"wildlingscolour_default":{"effect":"wildlingscolour_default"}},"nodes":{"e_b_barricadegate_base":{"geometryinstances":{"e_b_barricadegate_baseMesh":{"geometry":"e_b_barricadegate_baseMesh","material":"wildlingscolour_default","surface":"wildlingscolour_default"}},"matrix":[0.01,0,0,0,0.01,0,0,0,0.01,0,0,0]}},"version":1}
