{"effects":{"metal01_default":{"meta":{"normals":true},"parameters":{"diffuse":"tree_01_split26_file5","reflectivity":0.5,"shininess":300},"type":"phong"},"metal01_shiny":{"meta":{"normals":true},"parameters":{"diffuse":"tree_01_split27_pasted__file5","reflectivity":0.5,"shininess":6.31179},"type":"phong"},"wood04_default":{"meta":{"normals":true},"parameters":{"diffuse":"tree_01_split9_file5q","reflectivity":0.5,"shininess":300},"type":"phong"}},"geometries":{"e_b_gatebase_level_5Mesh":{"inputs":{"NORMAL":{"offset":2,"source":"e_b_gatebase_level_5-Normal0"},"POSITION":{"offset":0,"source":"e_b_gatebase_level_5-POSITION"},"TEXCOORD0":{"offset":1,"source":"e_b_gatebase_level_5-UV0"}},"meta":{"graphics":true},"sources":{"e_b_gatebase_level_5-Normal0":{"data":[0,0.870296,-0.492528,-0.512308,0.858802,0,0.011044,0.865716,0.500414,0.011044,0.865716,0.500413,0.512308,0.858802,0,0,0.280982,0.959713,0,0.31462,-0.949218,0.87662,0.481183,0,-0.876622,0.481179,0,0,1,0],"max":[0.87662,1,0.959713],"min":[-0.876622,0.280982,-0.949218],"stride":3},"e_b_gatebase_level_5-POSITION":{"data":[30.6039,11.5059,31.3691,16.9691,3.37224,16.9968,-30.6039,11.5059,31.3691,-16.969,3.37224,16.9968,30.6039,11.5059,-33.149,16.9691,3.37224,-18.7767,-30.6039,11.5059,-31.7981,-16.969,3.37224,-18.0277,-39.2645,11.5059,43.11,-45.5801,0,46.4787,39.2645,11.5059,43.11,45.5802,0,46.4787,-45.5801,0,-46.4787,-39.2645,11.5059,-42.665,39.2645,11.5059,-42.665,45.5802,0,-46.4787],"max":[45.5802,11.5059,46.4787],"min":[-45.5801,0,-46.4787],"stride":3},"e_b_gatebase_level_5-UV0":{"data":[1,1,1,0,0,1,0,0,0.551727,0.487156,0.549957,0.512844,0.577157,0.487156,0.578928,0.512844,0.738851,0.512844,0.73708,0.487156,0.71165,0.487156,0.70988,0.512844,0.417235,0.487156,0.419005,0.512844,0.554405,0.487156,0.57448,0.487156,0.714328,0.487156,0.734403,0.487156,0.414557,0.487156],"max":[1,1],"min":[0,0],"stride":2}},"surfaces":{"metal01_default":{"numPrimitives":8,"triangles":[8,4,5,9,5,5,10,6,5,9,5,5,11,7,5,10,6,5,12,8,6,13,9,6,14,10,6,12,8,6,14,10,6,15,11,6,14,10,7,10,6,7,11,7,7,11,7,7,15,11,7,14,10,7,9,5,8,8,4,8,13,12,8,9,5,8,13,12,8,12,13,8]},"metal01_shiny":{"numPrimitives":8,"triangles":[13,9,9,6,17,9,4,16,9,4,16,9,14,10,9,13,9,9,14,10,9,4,16,9,0,15,9,14,10,9,0,15,9,10,6,9,10,6,9,0,15,9,2,14,9,10,6,9,2,14,9,8,4,9,8,4,9,2,14,9,13,12,9,2,14,9,6,18,9,13,12,9]},"wood04_default":{"numPrimitives":8,"triangles":[0,0,0,1,1,0,2,2,0,1,1,0,3,3,0,2,2,0,2,0,4,3,1,4,6,2,4,3,1,4,7,3,4,6,2,4,4,0,1,5,1,1,0,2,1,5,1,1,1,3,1,0,2,1,5,3,2,4,2,2,6,0,3,6,0,3,7,1,2,5,3,2]}}}},"images":{"tree_01_split26_file5":"environment/textures/metal01_tile.dds","tree_01_split27_pasted__file5":"environment/textures/metal01_tile.dds","tree_01_split9_file5q":"environment/textures/wood04_tile.dds"},"materials":{"metal01_default":{"effect":"metal01_default"},"metal01_shiny":{"effect":"metal01_shiny"},"wood04_default":{"effect":"wood04_default"}},"nodes":{"e_b_gatebase_level_5":{"geometryinstances":{"e_b_gatebase_level_5Mesh-metal01_default":{"geometry":"e_b_gatebase_level_5Mesh","material":"metal01_default","surface":"metal01_default"},"e_b_gatebase_level_5Mesh-metal01_shiny":{"geometry":"e_b_gatebase_level_5Mesh","material":"metal01_shiny","surface":"metal01_shiny"},"e_b_gatebase_level_5Mesh-wood04_default":{"geometry":"e_b_gatebase_level_5Mesh","material":"wood04_default","surface":"wood04_default"}},"matrix":[0.01,0,0,0,0.01,0,0,0,0.01,0,0,0]}},"version":1}
