{"effects":{"wildlingscolour_default":{"meta":{"normals":true},"parameters":{"diffuse":"pasted__monsterscolour_1","reflectivity":0.5,"shininess":1.73205},"type":"phong"}},"geometries":{"e_b_barricadegate_level03Mesh":{"inputs":{"NORMAL":{"offset":0,"source":"e_b_barricadegate_level03-Normal0"},"POSITION":{"offset":0,"source":"e_b_barricadegate_level03-POSITION"},"TEXCOORD0":{"offset":1,"source":"e_b_barricadegate_level03-UV0"}},"meta":{"graphics":true},"sources":{"e_b_barricadegate_level03-Normal0":{"data":[-0.994363,0.043519,0.096688,-0.990894,0.080295,0.108082,-0.995605,0.072321,-0.059503,-0.996564,0.044104,-0.070109,0.103799,0.043612,0.993642,0.106584,0.07727,0.991297,-0.046579,0.069031,0.996526,-0.063373,0.043408,0.997045,-0.011063,0.999221,-0.03789,-0.199487,0.956974,-0.210728,-0.187527,0.982058,-0.019906,-0.010415,0.976998,-0.212994,0.993299,0.068194,-0.093308,0.995281,0.075152,0.061384,0.996938,0.044029,0.064629,0.993721,0.044003,-0.102867,-0.107887,0.072201,-0.991538,0.057779,0.044811,-0.997323,-0.106774,0.04522,-0.993254,0.059635,0.078656,-0.995117,0.070496,0.040331,0.996696,0.072637,0.040332,0.996543,-0.061946,0.040083,0.997274,-0.064917,0.040135,0.997083,0.996911,0.040783,0.067113,0.997085,0.040736,0.064521,0.996707,0.040624,-0.070177,0.99683,0.040632,-0.06841,0.066489,0.041521,-0.996923,0.063432,0.041474,-0.997124,-0.069501,0.041706,-0.99671,-0.071836,0.041701,-0.996544,-0.996996,0.040606,-0.065962,-0.99716,0.040543,-0.063475,-0.996721,0.040238,0.070198,-0.996592,0.040247,0.072007],"max":[0.997085,0.999221,0.997274],"min":[-0.99716,0.040083,-0.997323],"stride":3},"e_b_barricadegate_level03-POSITION":{"data":[-13.5819,30.2486,11.9573,-11.1627,84.738,9.87296,-11.7924,82.3233,-8.79317,-13.7491,29.6076,-11.6707,11.9075,30.867,13.5268,9.68539,87.0676,10.9549,-8.998,85.1583,11.8155,-11.7251,30.3601,13.7552,9.65103,88.8668,8.77708,-9.46588,84.5967,-8.77738,-8.83107,86.9797,9.65745,9.01622,86.4838,-9.65775,11.0521,84.6115,-9.84257,11.6681,87.0239,8.81892,13.7161,30.8554,11.6775,13.5525,30.215,-11.9493,-9.76866,82.2554,-10.9724,11.7074,30.0954,-13.7547,-11.9296,29.5896,-13.5314,8.93127,84.161,-11.8138,12.7106,8.92012,14.4562,12.2619,21.1817,13.9369,-12.16,20.8986,14.0645,-12.7106,8.92012,14.4562,14.4562,8.92012,12.7106,14.0427,21.1753,12.1334,13.9513,20.8175,-12.2852,14.4562,8.92012,-12.7106,12.7106,8.92012,-14.4562,12.1501,20.7507,-14.0643,-12.7106,8.92012,-14.4562,-12.2743,20.4681,-13.9395,-14.4562,8.92012,-12.7106,-14.0611,20.4781,-12.1296,-14.4562,8.92012,12.7106,-13.9677,20.8362,12.2897],"max":[14.4562,88.8668,14.4562],"min":[-14.4562,8.92012,-14.4562],"stride":3},"e_b_barricadegate_level03-UV0":{"data":[0.116018,0.214441,0.113011,0.164655,0.097936,0.166637,0.094288,0.214967,0.061092,0.213621,0.057889,0.161566,0.04295,0.164191,0.039397,0.214318,0.11611,0.161571,0.100959,0.147393,0.101332,0.162282,0.115737,0.146682,0.08474,0.163465,0.069668,0.161485,0.066036,0.2136,0.087766,0.214125,0.123974,0.22981,0.142451,0.18213,0.120753,0.181433,0.138926,0.232433,0.043227,0.025842,0.058827,0.023791,0.058647,0.021782,0.04324,0.023807,0.063629,0.075181,0.06045,0.023311,0.061939,0.075309,0.059731,0.020594,0.057911,0.019096,0.101646,0.071653,0.102032,0.087059,0.103824,0.087094,0.103456,0.071498,0.107182,0.090853,0.102169,0.08888,0.105483,0.092587,0.040702,0.023062,0.041405,0.025777,0.042504,0.021121,0.039452,0.075853,0.037709,0.075836,0.065392,0.093423,0.070761,0.041504,0.069039,0.04137,0.067132,0.093927,0.04235,0.022559,0.54681,0.70908,0.558848,0.70864,0.55857,0.684665,0.54681,0.684124,0.578521,0.591373,0.580237,0.554929,0.574874,0.55491,0.57333,0.591373,0.570874,0.708662,0.571225,0.684691,0.559195,0.684124,0.559195,0.70908,0.592521,0.591373,0.594022,0.555993,0.588831,0.555993,0.587164,0.591174,0.583184,0.685838,0.571847,0.686266,0.583184,0.710794,0.57157,0.710243,0.594242,0.557002,0.595417,0.591373,0.600731,0.591343,0.599433,0.557002,0.594009,0.659548,0.582663,0.658978,0.582663,0.683934,0.594361,0.68352,0.586922,0.591373,0.585758,0.555752,0.58048,0.555937,0.581731,0.591373,0.21825,0.20662,0.22886,0.206232,0.228305,0.180341,0.21794,0.179865,0.213243,0.095636,0.214958,0.059216,0.208001,0.059173,0.206458,0.095611,0.250331,0.206254,0.251033,0.18037,0.240428,0.17987,0.240036,0.206622,0.22337,0.095186,0.231812,0.060279,0.225035,0.060028,0.230312,0.095636,0.239685,0.181813,0.229692,0.182191,0.239375,0.208571,0.229138,0.208086,0.232056,0.061288,0.23323,0.095636,0.240075,0.095568,0.238779,0.06125,0.261309,0.182321,0.251307,0.181819,0.251699,0.208571,0.262011,0.208207,0.223146,0.095401,0.221982,0.059804,0.215218,0.060224,0.216469,0.095636],"max":[0.600731,0.710794],"min":[0.037709,0.019096],"stride":2}},"surfaces":{"wildlingscolour_default":{"numPrimitives":62,"triangles":[6,6,7,7,4,4,4,4,5,5,6,6,1,21,0,26,7,24,7,24,6,25,1,21,1,21,6,25,10,22,2,20,1,21,10,22,10,22,9,23,2,20,16,37,2,20,9,23,19,36,16,37,9,23,9,23,11,38,19,36,11,38,12,45,19,36,5,27,8,28,10,22,10,22,6,25,5,27,3,39,2,20,16,37,16,37,18,40,3,39,31,94,18,95,29,96,18,95,17,97,29,96,30,62,31,63,28,64,31,63,29,65,28,64,11,11,9,9,8,8,8,8,9,9,10,10,5,34,4,35,14,33,14,33,13,31,5,34,8,30,5,34,13,31,11,29,8,30,13,31,13,31,12,32,11,29,12,12,13,13,14,14,14,14,15,15,12,12,16,16,19,19,17,17,16,16,17,17,18,18,19,41,12,44,15,42,19,41,15,42,17,43,20,46,21,47,22,48,22,48,23,49,20,46,24,50,25,51,21,52,21,52,20,53,24,50,26,54,25,55,24,56,24,56,27,57,26,54,26,58,27,59,28,60,28,60,29,61,26,58,32,66,33,67,31,68,31,68,30,69,32,66,33,70,32,71,34,72,34,72,35,73,33,70,23,74,22,75,35,76,35,76,34,77,23,74,21,78,4,79,7,80,7,80,22,81,21,78,25,82,14,83,4,84,4,84,21,85,25,82,15,86,14,87,25,88,25,88,26,89,15,86,17,90,15,93,26,91,17,90,26,91,29,92,33,98,3,99,18,100,18,100,31,101,33,98,3,102,33,103,35,104,35,104,0,105,3,102,22,106,7,107,0,108,0,108,35,109,22,106,0,0,1,1,2,2,2,2,3,3,0,0]}}}},"images":{"pasted__monsterscolour_1":"characters/textures/wildlingscolour01.dds"},"materials":{"wildlingscolour_default":{"effect":"wildlingscolour_default"}},"nodes":{"e_b_barricadegate_level03":{"geometryinstances":{"e_b_barricadegate_level03Mesh":{"geometry":"e_b_barricadegate_level03Mesh","material":"wildlingscolour_default","surface":"wildlingscolour_default"}},"matrix":[0.01,0,0,0,0.01,0,0,0,0.01,0,0,0]}},"version":1}
