{"effects":{"wildlingscolour_default":{"meta":{"normals":true},"parameters":{"diffuse":"pasted__monsterscolour_1","reflectivity":0.5,"shininess":1.73205},"type":"phong"}},"geometries":{"e_b_barricadegate_base_level02Mesh":{"inputs":{"NORMAL":{"offset":2,"source":"e_b_barricadegate_base_level02-Normal0"},"POSITION":{"offset":0,"source":"e_b_barricadegate_base_level02-POSITION"},"TEXCOORD0":{"offset":1,"source":"e_b_barricadegate_base_level02-UV0"}},"meta":{"graphics":true},"sources":{"e_b_barricadegate_base_level02-Normal0":{"data":[9.7e-05,-0.51126,0.859426,7e-06,0.081917,0.996639,1e-05,0.065041,0.997883,0.012461,0.999921,-0.001815,-0.00715,-0.622225,-0.782806,0.00046,0.124969,-0.992161,0.000619,0.140002,-0.990151,0.778829,-0.627234,0.001803,0.996069,0.088542,-0.002448,0.996467,0.083948,-0.002424,-0.862381,-0.50619,0.00841,-0.993078,0.117416,-0.003218,-0.993684,0.112169,-0.003122,0.00111,0.999604,-0.02812,-0.001303,0.999603,-0.028138,-0.141305,0.982082,0.124691,0.13332,0.984039,0.117867,-0.001285,0.999532,-0.03055,-0.150688,0.976838,-0.151921,0.001127,0.999533,-0.030532,0.128011,0.978858,-0.159529,0.007692,0.098568,-0.995101,0.007692,0.098568,-0.9951,0.988714,0.149721,0.005324,0.988714,0.14972,0.005324,-0.990024,-0.14079,-0.005474,-0.007733,-0.10623,0.994312,-0.586461,0.496598,-0.639886,0.672452,0.4678,-0.573561,-0.620494,0.464989,0.631484,0.614924,0.439504,0.654755],"max":[0.996467,0.999921,0.997883],"min":[-0.993684,-0.627234,-0.995101],"stride":3},"e_b_barricadegate_base_level02-POSITION":{"data":[21.5019,-0.014751,21.453,23.6214,2.74512,23.0898,-22.9345,3.32156,23.4428,-21.4141,-0.014751,21.453,-10.9082,5.36732,-12.4335,-11.1043,5.41343,11.6243,12.9775,5.11362,11.7908,13.1737,5.06751,-12.267,21.5019,-0.014751,-21.463,-21.4141,-0.014751,-21.463,-23.3648,2.56825,-23.1063,23.2282,1.99968,-23.472,12.1279,11.4622,12.4031,-11.9628,11.4549,12.2261,-19.7843,11.6616,19.9302,19.8384,11.6736,20.2214,-11.7857,10.7482,-11.8542,-19.4932,10.4993,-19.6754,12.305,10.7555,-11.6773,20.1298,10.5113,-19.3845,-20.2692,9.60022,-20.7885,21.3124,9.71422,-20.3257,-20.6914,10.7431,20.6443,20.6769,10.7897,21.1616],"max":[23.6214,11.6736,23.4428],"min":[-23.3648,-0.014751,-23.472],"stride":3},"e_b_barricadegate_base_level02-UV0":{"data":[0.895987,0.710409,0.897113,0.710848,0.897752,0.659244,0.895987,0.659032,0.910321,0.562824,0.877858,0.564876,0.879631,0.597431,0.912093,0.595379,0.902606,0.710844,0.902606,0.659468,0.901676,0.659203,0.902306,0.710848,0.898079,0.710526,0.898379,0.710848,0.899205,0.659238,0.898079,0.659149,0.899593,0.659169,0.899593,0.710546,0.901359,0.710848,0.900524,0.659252,0.764965,0.424084,0.764043,0.407157,0.758305,0.402044,0.759821,0.429885,0.780922,0.406091,0.786066,0.40029,0.781843,0.423017,0.787582,0.42813,0.927038,0.564628,0.937015,0.532073,0.924375,0.532073,0.939678,0.564628,0.923994,0.530114,0.911354,0.530114,0.920523,0.562577,0.907883,0.562577,0.90403,0.530114,0.894862,0.562577,0.907502,0.562577,0.89139,0.530114,0.927891,0.564876,0.915251,0.564876,0.925228,0.597431,0.912588,0.597431,0.739672,0.277997,0.738351,0.279321,0.743012,0.336295,0.744401,0.337814,0.733407,0.281576,0.732275,0.282912,0.736936,0.339885,0.738201,0.341083,0.747705,0.341083,0.745984,0.282912,0.744769,0.281576,0.749086,0.339885,0.731924,0.433049,0.722381,0.430177,0.729581,0.462127,0.721974,0.463026,0.75003,0.432662,0.743017,0.430181,0.743548,0.463026,0.753091,0.461713,0.762164,0.463026,0.761763,0.43015,0.75475,0.431577,0.757061,0.460807,0.738245,0.461773,0.741275,0.432671,0.733668,0.430172,0.733142,0.463026],"max":[0.939678,0.710848],"min":[0.721974,0.277997],"stride":2}},"surfaces":{"wildlingscolour_default":{"numPrimitives":42,"triangles":[4,4,3,5,5,3,6,6,3,6,6,3,7,7,3,4,4,3,22,56,29,2,57,2,23,58,30,2,57,2,1,59,1,23,58,30,16,40,26,4,41,26,18,42,26,4,41,26,7,43,26,18,42,26,13,32,23,5,33,23,16,34,23,4,35,24,16,34,23,5,33,23,16,24,17,17,25,18,14,22,15,14,22,15,13,21,14,16,24,17,12,20,13,13,21,14,14,22,15,14,22,15,15,23,16,12,20,13,18,26,19,12,20,13,15,23,16,15,23,16,19,27,20,18,26,19,17,25,18,18,26,19,19,27,20,17,25,18,16,24,17,18,26,19,17,45,18,22,48,29,14,49,15,22,48,29,17,45,18,20,44,27,20,44,27,17,45,18,19,46,20,20,44,27,19,46,20,21,47,28,21,47,28,19,46,20,15,50,16,21,47,28,15,50,16,23,51,30,8,8,4,9,9,4,10,10,5,10,10,5,11,11,6,8,8,4,8,12,7,11,13,8,1,14,9,1,14,9,0,15,7,8,12,7,9,16,10,3,17,10,2,18,11,2,18,11,10,19,12,9,16,10,5,29,22,12,28,21,6,31,21,12,28,21,5,29,22,13,30,22,18,36,25,7,39,25,6,37,25,18,36,25,6,37,25,12,38,25,23,52,30,15,55,16,14,53,15,23,52,30,14,53,15,22,54,29,20,60,27,10,61,12,2,62,11,2,62,11,22,63,29,20,60,27,11,64,6,10,65,5,20,66,27,20,66,27,21,67,28,11,64,6,21,68,28,23,69,30,1,70,9,11,71,8,21,68,28,1,70,9,0,0,0,1,1,1,2,2,2,2,2,2,3,3,0,0,0,0]}}}},"images":{"pasted__monsterscolour_1":"characters/textures/wildlingscolour01.dds"},"materials":{"wildlingscolour_default":{"effect":"wildlingscolour_default"}},"nodes":{"e_b_barricadegate_base_level02":{"geometryinstances":{"e_b_barricadegate_base_level02Mesh":{"geometry":"e_b_barricadegate_base_level02Mesh","material":"wildlingscolour_default","surface":"wildlingscolour_default"}},"matrix":[0.01,0,0,0,0.01,0,0,0,0.01,0,0,0]}},"version":1}
