{"effects":{"smoke_matt_alphatest_uvtransform_noshadows_vcolour_nocull":{"meta":{"transparent":true},"parameters":{"diffuse":"materialsmoke_materialSwatches1_rockprop_01_b_file3"},"type":"blend"}},"geometries":{"headquartersmoke03Mesh":{"inputs":{"COLOR0":{"offset":0,"source":"headquartersmoke03-VERTEX_COLOR0"},"NORMAL":{"offset":2,"source":"headquartersmoke03-Normal0"},"POSITION":{"offset":3,"source":"headquartersmoke03-POSITION"},"TEXCOORD0":{"offset":1,"source":"headquartersmoke03-UV0"}},"meta":{"graphics":true},"sources":{"headquartersmoke03-Normal0":{"data":[0,0,1,1e-06,0,1,-1e-06,0,1],"max":[1e-06,0,1],"min":[-1e-06,0,1],"stride":3},"headquartersmoke03-POSITION":{"data":[-106.273,3128.82,-29.6542,-159.514,3128.82,-29.6542,-156.827,2742.98,-29.6542,-106.273,2742.98,-29.6542,-55.7184,2742.98,-29.6542,-53.0311,3128.82,-29.6542,-91.3307,581.661,-29.6542,-89.257,630.451,-29.6542,-106.273,630.451,-29.6542,-106.273,581.661,-29.6542,-121.215,581.661,-29.6542,-123.289,630.451,-29.6542,-106.273,1452.55,-29.6542,-47.5733,1452.55,-29.6542,-164.972,1452.55,-29.6542,-65.9384,1007.93,-29.6542,-106.273,1007.93,-29.6542,-146.607,1007.93,-29.6542],"max":[-47.5733,3128.82,-29.6542],"min":[-164.972,581.661,-29.6542],"stride":3},"headquartersmoke03-UV0":{"data":[-0.025709,0.462922,-0.025709,0.165319,0.129402,0.165319,0.129402,0.462922,0.548656,0.138301,0.393545,0.138301,0.393545,0.467834,0.548656,0.467834,1.43016,0.138301,1.39791,0.138301,1.39791,0.467834,1.43016,0.467834,1.0109,0.165319,1.0109,0.462922,0.978654,0.462922,0.978654,0.165319,1.06742,0.467834,1.06742,0.138301,0.648165,0.462922,0.648165,0.165319,1.24616,0.138301,1.24616,0.467834,0.826905,0.462922,0.826905,0.165319],"max":[1.43016,0.467834],"min":[-0.025709,0.138301],"stride":2},"headquartersmoke03-VERTEX_COLOR0":{"data":[1,1,1,0,0,0,0,0],"max":[1,1,1,0],"min":[0,0,0,0],"stride":4}},"surfaces":{"smoke_matt_alphatest_uvtransform_noshadows_vcolour_nocull":{"numPrimitives":20,"triangles":[0,0,0,0,0,1,0,1,0,2,0,2,0,2,0,2,0,3,0,3,0,0,0,0,0,3,0,3,0,2,0,2,1,18,0,12,1,19,0,14,1,18,0,12,0,2,0,2,1,18,0,12,1,19,0,14,1,23,0,17,1,23,0,17,1,22,0,16,1,18,0,12,1,22,0,16,1,23,0,17,1,15,0,11,1,15,0,11,1,14,0,8,1,22,0,16,1,14,0,8,1,15,0,11,1,12,2,10,1,12,2,10,1,13,0,9,1,14,0,8,0,4,0,4,0,5,0,5,0,6,0,0,0,6,0,0,0,7,0,3,0,4,0,4,1,16,0,12,0,4,0,4,0,7,0,3,1,16,0,12,1,17,0,13,0,4,0,4,1,20,0,15,1,17,0,13,1,16,0,12,1,16,0,12,1,21,0,16,1,20,0,15,1,9,0,7,1,20,0,15,1,21,0,16,1,21,0,16,1,10,0,8,1,9,0,7,1,8,1,6,1,9,0,7,1,10,0,8,1,10,0,8,1,11,0,9,1,8,1,6]}}},"headquartersmoke04Mesh":{"inputs":{"COLOR0":{"offset":0,"source":"headquartersmoke04-VERTEX_COLOR0"},"NORMAL":{"offset":2,"source":"headquartersmoke04-Normal0"},"POSITION":{"offset":3,"source":"headquartersmoke04-POSITION"},"TEXCOORD0":{"offset":1,"source":"headquartersmoke04-UV0"}},"meta":{"graphics":true},"sources":{"headquartersmoke04-Normal0":{"data":[0,0,1],"max":[0,0,1],"min":[0,0,1],"stride":3},"headquartersmoke04-POSITION":{"data":[139.224,1988.8,-5.30695,175.817,2268.08,-5.30695,137.279,2268.08,-5.30695,175.817,1988.8,-5.30695,212.409,1988.8,-5.30696,214.355,2268.08,-5.30696,192.56,424.369,-5.30695,194.884,459.685,-5.30696,175.817,459.685,-5.30695,175.817,424.369,-5.30695,159.073,424.369,-5.30694,156.749,459.685,-5.30696,206.166,1054.74,-5.30694,175.817,1054.74,-5.30695,145.467,1054.74,-5.30695],"max":[214.355,2268.08,-5.30694],"min":[137.279,424.369,-5.30696],"stride":3},"headquartersmoke04-UV0":{"data":[0.592503,0.165319,0.437391,0.462922,0.437391,0.165319,0.592503,0.462922,1.01176,0.138301,0.856645,0.138301,0.856645,0.467834,1.01176,0.467834,1.89326,0.138301,1.86101,0.138301,1.86101,0.467834,1.89326,0.467834,1.474,0.165319,1.474,0.462922,1.44175,0.462922,1.44175,0.165319,1.53052,0.138301,1.53052,0.467834,1.11127,0.165319,1.11127,0.462922],"max":[1.89326,0.467834],"min":[0.437391,0.138301],"stride":2},"headquartersmoke04-VERTEX_COLOR0":{"data":[1,1,1,0,0,0,0,0],"max":[1,1,1,0],"min":[0,0,0,0],"stride":4}},"surfaces":{"smoke_matt_alphatest_uvtransform_noshadows_vcolour_nocull":{"numPrimitives":16,"triangles":[1,12,0,10,1,13,0,9,1,14,0,8,1,14,0,8,1,15,0,11,1,12,0,10,1,15,0,11,1,14,0,8,1,19,0,13,1,19,0,13,1,18,0,14,1,15,0,11,1,18,0,14,1,19,0,13,0,3,0,3,0,3,0,3,0,0,0,0,1,18,0,14,0,0,0,0,0,3,0,3,0,1,0,1,0,0,0,0,0,1,0,1,0,2,0,2,0,4,0,4,0,5,0,5,0,6,0,1,0,6,0,1,0,7,0,3,0,4,0,4,1,16,0,12,0,4,0,4,0,7,0,3,0,7,0,3,1,17,0,13,1,16,0,12,1,9,0,7,1,16,0,12,1,17,0,13,1,17,0,13,1,10,0,8,1,9,0,7,1,8,0,6,1,9,0,7,1,10,0,8,1,10,0,8,1,11,0,9,1,8,0,6]}}}},"images":{"materialsmoke_materialSwatches1_rockprop_01_b_file3":"environment/textures/wateredge_dif.dds"},"materials":{"smoke_matt_alphatest_uvtransform_noshadows_vcolour_nocull":{"effect":"smoke_matt_alphatest_uvtransform_noshadows_vcolour_nocull"}},"nodes":{"headquartersmoke03":{"geometryinstances":{"headquartersmoke03Mesh":{"geometry":"headquartersmoke03Mesh","material":"smoke_matt_alphatest_uvtransform_noshadows_vcolour_nocull","surface":"smoke_matt_alphatest_uvtransform_noshadows_vcolour_nocull"}},"matrix":[0.01,0,0,0,0.01,0,0,0,0.01,0,0,0]},"headquartersmoke04":{"geometryinstances":{"headquartersmoke04Mesh":{"geometry":"headquartersmoke04Mesh","material":"smoke_matt_alphatest_uvtransform_noshadows_vcolour_nocull","surface":"smoke_matt_alphatest_uvtransform_noshadows_vcolour_nocull"}},"matrix":[0.01,0,0,0,0.01,0,0,0,0.01,0,0,0]}},"version":1}
