{"effects":{"metal01_default":{"meta":{"normals":true},"parameters":{"diffuse":"tree_01_split26_file5","reflectivity":0.5,"shininess":300},"type":"phong"},"metal01_shiny":{"meta":{"normals":true},"parameters":{"diffuse":"tree_01_split27_pasted__file5","reflectivity":0.5,"shininess":6.31179},"type":"phong"},"wood04_default":{"meta":{"normals":true},"parameters":{"diffuse":"tree_01_split9_file5q","reflectivity":0.5,"shininess":300},"type":"phong"}},"geometries":{"e_b_gatebase_level_4Mesh":{"inputs":{"NORMAL":{"offset":2,"source":"e_b_gatebase_level_4-Normal0"},"POSITION":{"offset":0,"source":"e_b_gatebase_level_4-POSITION"},"TEXCOORD0":{"offset":1,"source":"e_b_gatebase_level_4-UV0"}},"meta":{"graphics":true},"sources":{"e_b_gatebase_level_4-Normal0":{"data":[0,0.793149,-0.609028,-0.668096,0.744075,0,0.015107,0.786776,0.617054,0.668096,0.744075,0,0,0.409345,0.91238,0,0.438079,-0.898936,0,0.438079,-0.898937,0.822458,0.568826,0,-0.82246,0.568823,0,0,1,0],"max":[0.822458,1,0.91238],"min":[-0.82246,0.409345,-0.898937],"stride":3},"e_b_gatebase_level_4-POSITION":{"data":[27.5949,11.5059,31.3777,18.0772,2.96008,20.2483,-27.5948,11.5059,31.3777,-18.0771,2.96008,20.2483,27.5949,11.5059,-33.1576,18.0772,2.96008,-22.0282,-27.5948,11.5059,-31.8064,-18.0771,2.96008,-21.1431,-37.6224,11.5059,41.3165,-45.5801,0,46.4787,37.6225,11.5059,41.3165,45.5802,0,46.4787,-45.5801,0,-46.4787,-37.6224,11.5059,-40.8715,37.6225,11.5059,-40.8715,45.5802,0,-46.4787],"max":[45.5802,11.5059,46.4787],"min":[-45.5801,0,-46.4787],"stride":3},"e_b_gatebase_level_4-UV0":{"data":[1,1,1,0,0,1,0,0,0.555338,0.489013,0.553824,0.510987,0.577092,0.489013,0.578606,0.510987,0.715408,0.510987,0.713894,0.489013,0.69214,0.489013,0.690625,0.510987,0.44029,0.489013,0.441805,0.510987,0.557629,0.489013,0.574802,0.489013,0.69443,0.489013,0.711603,0.489013,0.438,0.489013],"max":[1,1],"min":[0,0],"stride":2}},"surfaces":{"metal01_default":{"numPrimitives":8,"triangles":[8,4,4,9,5,4,10,6,4,9,5,4,11,7,4,10,6,4,12,8,5,13,9,5,14,10,6,12,8,5,14,10,6,15,11,6,14,10,7,10,6,7,11,7,7,11,7,7,15,11,7,14,10,7,9,5,8,8,4,8,13,12,8,9,5,8,13,12,8,12,13,8]},"metal01_shiny":{"numPrimitives":8,"triangles":[13,9,9,6,17,9,4,16,9,4,16,9,14,10,9,13,9,9,14,10,9,4,16,9,0,15,9,14,10,9,0,15,9,10,6,9,10,6,9,0,15,9,2,14,9,10,6,9,2,14,9,8,4,9,8,4,9,2,14,9,13,12,9,2,14,9,6,18,9,13,12,9]},"wood04_default":{"numPrimitives":8,"triangles":[0,0,0,1,1,0,2,2,0,1,1,0,3,3,0,2,2,0,2,0,3,3,1,3,6,2,3,3,1,3,7,3,3,6,2,3,4,0,1,5,1,1,0,2,1,5,1,1,1,3,1,0,2,1,5,3,2,4,2,2,6,0,2,6,0,2,7,1,2,5,3,2]}}}},"images":{"tree_01_split26_file5":"environment/textures/metal01_tile.dds","tree_01_split27_pasted__file5":"environment/textures/metal01_tile.dds","tree_01_split9_file5q":"environment/textures/wood04_tile.dds"},"materials":{"metal01_default":{"effect":"metal01_default"},"metal01_shiny":{"effect":"metal01_shiny"},"wood04_default":{"effect":"wood04_default"}},"nodes":{"e_b_gatebase_level_4":{"geometryinstances":{"e_b_gatebase_level_4Mesh-metal01_default":{"geometry":"e_b_gatebase_level_4Mesh","material":"metal01_default","surface":"metal01_default"},"e_b_gatebase_level_4Mesh-metal01_shiny":{"geometry":"e_b_gatebase_level_4Mesh","material":"metal01_shiny","surface":"metal01_shiny"},"e_b_gatebase_level_4Mesh-wood04_default":{"geometry":"e_b_gatebase_level_4Mesh","material":"wood04_default","surface":"wood04_default"}},"matrix":[0.01,0,0,0,0.01,0,0,0,0.01,0,0,0]}},"version":1}
