{"effects":{"tree02trunk_matt-fx":{"meta":{"normals":true},"parameters":{"diffuse":"file6","reflectivity":0.5,"shininess":0},"type":"blinn"}},"geometries":{"e_i_tree04trunk0Shape4":{"inputs":{"NORMAL":{"offset":2,"source":"e_i_tree04trunk0Shape4-normals"},"POSITION":{"offset":0,"source":"e_i_tree04trunk0Shape4-positions"},"TEXCOORD0":{"offset":1,"source":"e_i_tree04trunk0Shape4-map1"}},"meta":{"graphics":true},"sources":{"e_i_tree04trunk0Shape4-map1":{"data":[0.743304,0.0950771,0.996432,0.0950771,0.996432,0.00163221,0.743304,0.0134619,-0.0100969,0.0950771,0.156081,0.0950771,0.156081,0.00747308,-0.0100969,0.00163221,0.327443,0.0950771,0.327443,0.0229125,0.501366,0.0950771,0.501366,0.0266138,0.996432,-0.178654,0.743304,-0.168803,0.156081,-0.173791,-0.0100969,-0.178654,0.327443,-0.160934,0.501366,-0.157851,0.996432,-0.286868,0.743304,-0.307578,0.156081,-0.282727,-0.0100969,-0.286868,0.327443,-0.300878,0.501365,-0.316236,0.996432,-0.455706,0.743304,-0.471891,0.156081,-0.436311,-0.0100969,-0.455706,0.327443,-0.440511,0.501366,-0.4625,0.996432,-0.695322,0.743304,-0.674028,0.156081,-0.68289,-0.0100969,-0.695322,0.327443,-0.653914,0.501366,-0.648436,0.996432,-0.903516,0.743304,-0.901668,0.156081,-0.828703,-0.0100969,-0.903516,0.327443,-0.758508,0.501366,-0.763911,0.0296356,-0.368325,0.1577,-0.110378,0.308109,-0.233953,0.16539,-0.445013,0.58691,-0.00223139,0.551463,-0.184038,0.819786,0.023877,0.794791,-0.0766106,0.0666977,-0.850638,0.109657,-0.647204,0.495077,-0.465389,0.364167,-0.587779,0.623351,-0.366122,0.808782,-0.283937,0.243217,-0.747991,0.43881,-0.28787,0.423359,-0.281517,0.436762,-0.256391,0.450267,-0.262036,0.441883,0.11909,-0.274965,-0.862291,-0.128193,-0.772967,-0.115949,-0.889499,0.0322205,-0.689156,0.0360658,-0.919814,0.47319,-0.282264,0.462466,-0.29639,0.447318,-0.290727,0.464077,-0.268924,0.44774,-0.273988],"max":[0.996432,0.11909],"min":[-0.274965,-0.919814],"stride":2},"e_i_tree04trunk0Shape4-normals":{"data":[-0.274041,0.433924,-0.858261,-0.274041,0.433924,-0.858261,-0.300901,0.278314,-0.91214,-0.299973,0.284792,-0.910445,-0.893837,0.448185,0.0136518,-0.893837,0.448185,0.0136518,-0.952123,0.305096,0.0194299,-0.952556,0.303738,0.0194812,-0.250171,0.458389,0.852815,-0.250171,0.458389,0.852815,-0.270654,0.267282,0.924828,-0.270992,0.26274,0.92603,0.72494,0.461237,0.511587,0.800528,0.215885,0.55906,0.799686,0.220249,0.558563,0.731533,0.438738,-0.52189,0.786269,0.221255,-0.576913,0.784368,0.233401,-0.574709,-0.32278,0.116875,-0.93923,-0.322752,0.117014,-0.939223,-0.987983,0.15258,0.0246828,-0.987993,0.152516,0.0246845,-0.283434,0.0648801,0.956794,-0.283439,0.0648401,0.956796,0.823166,-0.0116659,0.567681,0.823167,-0.011717,0.567678,0.799612,0.0201463,-0.600178,0.79963,0.0210913,-0.600122,-0.326075,0.046539,-0.944198,-0.325037,0.043885,-0.944682,-0.999859,-0.00894113,0.0141929,-0.999855,-0.00950406,0.0141396,-0.296403,-0.0149345,0.954946,-0.295658,-0.0136411,0.955196,0.814623,0.0319677,0.57911,0.815585,0.0236991,0.578151,0.798618,0.0623325,-0.598602,0.798308,0.0727948,-0.597833,-0.319009,0.104428,-0.941981,-0.319004,0.104662,-0.941957,-0.99867,-0.051037,0.00727728,-0.998845,-0.0474695,0.00739431,-0.303874,-0.0714398,0.95003,-0.30401,-0.0741844,0.949776,0.807317,0.0906998,0.583106,0.807094,0.0918669,0.583233,0.797455,0.198967,-0.56963,0.797007,0.19729,-0.570838,-0.32611,0.159726,-0.93174,-0.323401,0.162772,-0.932157,-0.999745,0.0196325,0.011115,-0.999775,0.0181566,0.0109968,-0.304119,-0.107114,0.946593,-0.303493,-0.105695,0.946953,0.820175,-0.00627757,0.572078,0.821518,-0.0259205,0.569592,0.813996,0.146498,-0.562093,0.812597,0.157519,-0.561137,-0.333997,0.150805,-0.930432,-0.333997,0.150805,-0.930432,-0.997557,0.0683856,0.0142331,-0.997521,0.0690033,0.0138146,-0.32856,-0.0633665,0.942355,-0.284292,-0.0545095,0.957187,0.822661,-0.146095,0.54944,0.822661,-0.146095,0.54944,0.809367,0.0447032,-0.585599,0.788004,0.0644749,-0.612285,0.223869,-0.951476,0.211128,0.223869,-0.951476,0.211129,0.219932,-0.920767,0.322207,0.22028,-0.923162,0.315038,0.740966,0.0347037,-0.670645,0.710952,0.0834667,-0.698269,0.740607,0.0898086,-0.66591,0.686109,0.525602,0.502988,0.686109,0.525602,0.502988,0.459305,0.875798,0.148378,0.384024,0.921624,0.055986,-0.316068,-0.0274516,0.948339,-0.52801,0.00576331,0.849219,-0.52801,0.00576331,0.849219,0.214194,-0.884487,0.414492,0.214194,-0.884487,0.414492,0.831625,0.110312,-0.544272,0.831625,0.110312,-0.544272,-0.117164,0.891077,-0.438468,-0.117164,0.891077,-0.438468,-0.74644,0.104185,0.657246,0.416492,0.553361,0.721336,0.416492,0.553361,0.721336,-0.996994,0.0770201,0.0083799,-0.276321,-0.0332286,0.960491,-0.132544,0.953642,-0.270183,-0.132544,0.953642,-0.270183,-0.175824,0.962777,-0.205295,-0.175824,0.962777,-0.205295,-0.175824,0.962777,-0.205295],"max":[0.831625,0.962777,0.960491],"min":[-0.999859,-0.951476,-0.944682],"stride":3},"e_i_tree04trunk0Shape4-positions":{"data":[0.0693513,0,-0.213441,-0.181564,0,-0.131914,-0.130438,0.108864,-0.0946091,0.0539393,0.0950822,-0.159037,-0.181564,0,0.131914,-0.126832,0.102059,0.101034,0.0693512,0,0.213441,0.0597734,0.0840721,0.157521,0.224425,0,0,0.171496,0.0797601,-0.00321256,-0.0931308,0.318898,-0.074277,0.0604052,0.307422,-0.127928,-0.0901282,0.313232,0.088641,0.0652635,0.298253,0.135679,0.158298,0.294663,0.00183152,-0.0791409,0.444968,-0.069123,0.0729213,0.469094,-0.122775,-0.0749161,0.440143,0.0937951,0.0797572,0.461288,0.140833,0.171126,0.479181,0.00698557,-0.0955504,0.641664,-0.0603564,0.0478845,0.66052,-0.105089,-0.0952849,0.619069,0.0893749,0.0483141,0.623961,0.137182,0.136798,0.649579,0.0169971,-0.0998892,0.920817,-0.00746189,0.0206669,0.89601,-0.0534672,-0.097298,0.906335,0.123111,0.0248596,0.872576,0.157804,0.0977659,0.866195,0.0486729,-0.0813883,1.16336,0.0265006,0.0288992,1.16121,-0.0147299,-0.0871379,1.07621,0.143522,0.0364244,0.994429,0.174615,0.101711,1.00072,0.07681,0.198399,1.02683,0.148876,0.101106,1.03326,0.224104,0.106972,1.207,0.0881104,0.161095,1.10859,0.136785,0.0406215,1.21949,0.185234,0.0843742,1.12604,0.203535,0.251502,1.09192,0.271543,0.175846,1.09776,0.311903,0.234504,1.15924,0.230878,0.156714,1.17129,0.265379,-0.0783131,1.18991,0.148369],"max":[0.251502,1.21949,0.311903],"min":[-0.181564,0,-0.213441],"stride":3}},"surfaces":{"blinn17SG":{"numPrimitives":85,