{"effects":{"crystal02_emissive":{"parameters":{"diffuse":"temp_pasted__file3","light_map":"temp_pasted__file1","reflectivity":0.5,"shininess":6.31179},"type":"lightmap"}},"geometries":{"e_i_xp5xMesh":{"inputs":{"NORMAL":{"offset":2,"source":"e_i_xp5x-Normal0"},"POSITION":{"offset":0,"source":"e_i_xp5x-POSITION"},"TEXCOORD0":{"offset":1,"source":"e_i_xp5x-UV0"}},"meta":{"graphics":true},"sources":{"e_i_xp5x-Normal0":{"data":[-0.290469,0.341238,-0.893971,-0.939977,0.341238,0,-0.290469,0.341238,0.893971,0.760457,0.341238,0.552505,0.760457,0.341238,-0.552504,0.760457,0.341238,-0.552505,-0.290469,-0.341238,-0.893971,-0.939977,-0.341238,0,-0.290469,-0.341238,0.893971,0.760457,-0.341238,0.552505,0.760457,-0.341238,-0.552505,0.760457,-0.341238,-0.552504,-0.148113,-0.305609,-0.940567,-0.148112,-0.305609,-0.940567,-0.148113,-0.988971,0,-0.148113,-0.98897,0,-0.148112,-0.305609,0.940567,-0.148113,0.800094,0.581302,-0.148113,0.800094,-0.581302,0.148113,-0.305609,-0.940567,0.148112,-0.305609,-0.940567,0.148113,-0.98897,0,0.148113,-0.988971,0,0.148112,-0.305609,0.940567,0.148113,0.800094,0.581302,0.148113,0.800094,-0.581302],"max":[0.760457,0.800094,0.940567],"min":[-0.939977,-0.988971,-0.940567],"stride":3},"e_i_xp5x-POSITION":{"data":[-14.7173,0,-9.5639,-1.55375,36.2606,0,3.4743,0,-15.4747,-14.7173,0,9.5639,3.47429,0,15.4747,14.7173,0,0,-1.55375,-36.2606,0,0,-8.76615,-5.69658,-52.3534,-0.925466,0,0,2.06941,-9.21727,0,-8.76615,5.69658,0,2.06941,9.21727,0,8.76615,0,52.3534,-0.925466,0],"max":[52.3534,36.2606,15.4747],"min":[-52.3534,-36.2606,-15.4747],"stride":3},"e_i_xp5x-UV0":{"data":[0.063685,0.781414,0.119473,0.547591,0.026493,0.781414,0.100877,0.781414,0.138069,0.781414,0.175262,0.781414,0.212454,0.781414,0.119473,0.600519],"max":[0.212454,0.781414],"min":[0.026493,0.547591],"stride":2}},"surfaces":{"crystal02_emissive":{"numPrimitives":20,"triangles":[0,0,0,1,1,0,2,2,0,3,3,1,1,1,1,0,0,1,13,7,25,9,6,25,12,5,25,4,4,2,1,1,2,3,3,2,13,7,24,12,5,24,11,4,24,5,5,3,1,1,3,4,4,3,13,7,23,11,4,23,10,3,23,2,6,4,1,1,5,5,5,5,13,7,21,10,3,22,7,0,22,6,7,6,0,0,6,2,2,6,13,7,19,7,0,19,9,2,20,6,7,7,3,3,7,0,0,7,9,6,18,8,1,18,12,5,18,6,7,8,4,4,8,3,3,8,12,5,17,8,1,17,11,4,17,6,7,9,5,5,9,4,4,9,11,4,16,8,1,16,10,3,16,6,7,10,2,6,11,5,5,10,10,3,14,8,1,15,7,0,14,7,0,12,8,1,12,9,2,13]}}}},"images":{"temp_pasted__file1":"environment/textures/crystals02.dds","temp_pasted__file3":"environment/textures/crystals02.dds"},"materials":{"crystal02_emissive":{"effect":"crystal02_emissive"}},"nodes":{"e_i_xp5x":{"geometryinstances":{"e_i_xp5xMesh":{"geometry":"e_i_xp5xMesh","material":"crystal02_emissive","surface":"crystal02_emissive"}},"matrix":[0.01,0,0,0,0.01,0,0,0,0.01,0,0,0]}},"version":1}
