{"effects":{"tree02trunk_matt-fx":{"meta":{"normals":true},"parameters":{"diffuse":"file6","reflectivity":0.5,"shininess":0},"type":"blinn"}},"geometries":{"e_i_tree04trunk0Shape5":{"inputs":{"NORMAL":{"offset":2,"source":"e_i_tree04trunk0Shape5-normals"},"POSITION":{"offset":0,"source":"e_i_tree04trunk0Shape5-positions"},"TEXCOORD0":{"offset":1,"source":"e_i_tree04trunk0Shape5-map1"}},"meta":{"graphics":true},"sources":{"e_i_tree04trunk0Shape5-map1":{"data":[0.743304,0.0950771,0.996432,0.0950771,0.996432,0.00163221,0.743304,0.0134619,-0.0100969,0.0950771,0.156081,0.0950771,0.156081,0.00747308,-0.0100969,0.00163221,0.327443,0.0950771,0.327443,0.0229125,0.501366,0.0950771,0.501366,0.0266138,0.327443,-0.0690106,0.156081,-0.119469,0.501366,-0.0412394,0.743304,-0.0574166,0.996432,-0.088511,-0.0100969,-0.088511,0.435908,-0.247385,0.44951,-0.266713,0.435115,-0.285731,0.41453,-0.254471,0.413138,-0.277566],"max":[0.996432,0.0950771],"min":[-0.0100969,-0.285731],"stride":2},"e_i_tree04trunk0Shape5-normals":{"data":[-0.274041,0.433924,-0.858261,-0.274041,0.433924,-0.858261,-0.292683,0.332272,-0.896623,-0.291722,0.338136,-0.894741,-0.893837,0.448185,0.0136518,-0.893837,0.448185,0.0136518,-0.941078,0.337702,0.0181792,-0.941545,0.336392,0.0182301,-0.250171,0.458389,0.852815,-0.250171,0.458389,0.852815,-0.267187,0.309642,0.912542,-0.267581,0.305158,0.913936,0.72494,0.461237,0.511587,0.781303,0.299833,0.547417,0.780175,0.304017,0.546718,0.731533,0.438738,-0.52189,0.77005,0.307026,-0.559248,0.767486,0.318026,-0.556619,-0.278894,0.104499,0.954619,-0.278894,0.104499,0.954619,0.821026,0.0370504,0.569687,0.821026,0.0370504,0.569687,0.799687,0.063126,-0.59709,-0.316492,0.146935,-0.937146,-0.984702,0.172567,0.0241501,0.306055,0.950696,-0.0500687,0.306055,0.950696,-0.0500687,0.306055,0.950696,-0.0500687,0.132336,0.969611,-0.205773,0.132336,0.969611,-0.205773],"max":[0.821026,0.969611,0.954619],"min":[-0.984702,0.0370504,-0.937146],"stride":3},"e_i_tree04trunk0Shape5-positions":{"data":[0.0693513,0,-0.213441,-0.181564,0,-0.131914,-0.130438,0.108864,-0.0946091,0.0539393,0.0950822,-0.159037,-0.181564,0,0.131914,-0.126832,0.102059,0.101034,0.0693512,0,0.213441,0.0597734,0.0840721,0.157521,0.224425,0,0,0.171496,0.0797601,-0.00321256,0.0625185,0.191163,0.1466,-0.101128,0.249947,0.0923551,0.166641,0.158809,-0.00135716,0.0564537,0.177656,-0.14694,-0.111784,0.213881,-0.0844431],"max":[0.224425,0.249947,0.213441],"min":[-0.181564,0,-0.213441],"stride":3}},"surfaces":{"blinn17SG":{"numPrimitives":23,"triangles":[11,21,28,13,20,29,14,22,29,10,18,25,12,19,26,13,20,27,10,18,25,13,20,27,11,21,27,8,10,15,0,0,15,3,3,16,8,10,15,3,3,16,9,11,17,9,11,17,3,3,16,13,15,22,9,11,17,13,15,22,12,14,22,6,8,12,8,10,12,9,11,13,6,8,12,9,11,13,7,9,14,7,9,14,9,11,13,12,14,20,7,9,14,12,14,20,10,12,21,4,5,8,6,8,9,7,9,10,4,5,8,7,9,10,5,6,11,5,6,11,7,9,10,10,12,18,5,6,11,10,12,18,11,13,19,0,0,0,1,1,1,2,2,2,0,0,0,2,2,2,3,3,3,3,3,3,2,2,2,14,16,23,3,3,3,14,16,23,13,15,23,1,4,4,4,5,5,5,6,6,1,4,4,5,6,6,2,7,7,2,7,7,5,6,6,11,13,24,2,7,7,11,13,24,14,17,24]}}}},"images":{"file6":"environment/textures/treetrunk_tile.dds"},"materials":{"tree02trunk_matt":{"effect":"tree02trunk_matt-fx"}},"nodes":{"e_i_tree04trunk05":{"geometryinstances":{"e_i_tree04trunk0Shape5":{"geometry":"e_i_tree04trunk0Shape5","material":"tree02trunk_matt","surface":"blinn17SG"}}}},"version":1}
