{"effects":{"crystal02_emissive":{"parameters":{"diffuse":"temp_pasted__file3","light_map":"temp_pasted__file1","reflectivity":0.5,"shininess":6.31179},"type":"lightmap"}},"geometries":{"e_i_xp10xMesh":{"inputs":{"NORMAL":{"offset":2,"source":"e_i_xp10x-Normal0"},"POSITION":{"offset":0,"source":"e_i_xp10x-POSITION"},"TEXCOORD0":{"offset":1,"source":"e_i_xp10x-UV0"}},"meta":{"graphics":true},"sources":{"e_i_xp10x-Normal0":{"data":[-0.295317,0.294452,-0.908893,-0.955666,0.294452,0,-0.295317,0.294452,0.908893,0.77315,0.294452,0.561727,0.773151,0.294452,-0.561726,0.77315,0.294452,-0.561726,-0.295317,-0.294452,-0.908893,-0.955666,-0.294452,0,-0.295317,-0.294452,0.908893,0.77315,-0.294452,0.561727,0.77315,-0.294452,-0.561726,0.773151,-0.294452,-0.561726,-0.148113,-0.305609,-0.940567,-0.148113,-0.988971,0,-0.148113,-0.305609,0.940567,-0.148112,-0.305609,0.940567,-0.148113,0.800094,0.581302,-0.148113,0.800094,-0.581302,0.148113,-0.305609,-0.940567,0.148113,-0.988971,0,0.148112,-0.305609,0.940567,0.148113,-0.305609,0.940567,0.148113,0.800094,0.581302,0.148113,0.800094,-0.581302,-0.303407,0.933788,0.189696,-0.303406,0.933788,0.189696,-0.981843,0,0.189696,-0.303407,-0.933788,0.189696,0.794328,-0.577113,0.189696,0.794328,0.577113,0.189696,-0.303406,0.933788,-0.189696,-0.303407,0.933788,-0.189696,-0.981843,0,-0.189696,-0.303407,-0.933788,-0.189696,0.794328,-0.577113,-0.189696,0.794328,0.577113,-0.189696],"max":[0.794328,0.933788,0.940567],"min":[-0.981843,-0.988971,-0.940567],"stride":3},"e_i_xp10x-POSITION":{"data":[-18.3563,0,-11.9286,-1.93792,53.2871,0,4.33333,0,-19.3009,-18.3563,0,11.9286,4.33333,0,19.3009,18.3563,0,0,-1.93792,-53.2871,0,0,-10.9336,-7.10509,-65.2981,-1.15429,0,0,2.58108,-11.4963,0,-10.9336,7.10509,0,2.58108,11.4963,0,10.9336,0,65.2981,-1.15429,0,-13.9103,9.03943,0,-1.46854,0,64.3968,3.28377,14.6261,0,-13.9103,-9.03943,0,3.28377,-14.6261,0,13.9103,0,0,-1.46854,0,-64.3968],"max":[65.2981,53.2871,64.3968],"min":[-65.2981,-53.2871,-64.3968],"stride":3},"e_i_xp10x-UV0":{"data":[0.067082,0.781414,0.122871,0.547591,0.02989,0.781414,0.104275,0.781414,0.141467,0.781414,0.178659,0.781414,0.215852,0.781414,0.122871,0.600519],"max":[0.215852,0.781414],"min":[0.02989,0.547591],"stride":2}},"surfaces":{"crystal02_emissive":{"numPrimitives":30,"triangles":[0,0,0,1,1,0,2,2,0,3,3,1,1,1,1,0,0,1,20,7,35,16,6,35,19,5,35,4,4,2,1,1,2,3,3,2,20,7,34,19,5,34,18,4,34,5,5,3,1,1,3,4,4,3,20,7,33,18,4,33,17,3,33,2,6,4,1,1,5,5,5,5,20,7,32,17,3,32,14,0,32,6,7,6,0,0,6,2,2,6,20,7,30,14,0,31,16,2,31,6,7,7,3,3,7,0,0,7,16,6,29,15,1,29,19,5,29,6,7,8,4,4,8,3,3,8,19,5,28,15,1,28,18,4,28,6,7,9,5,5,9,4,4,9,18,4,27,15,1,27,17,3,27,6,7,10,2,6,11,5,5,10,17,3,26,15,1,26,14,0,26,7,0,12,8,1,12,9,2,12,14,0,24,15,1,25,16,2,24,10,3,13,8,1,13,7,0,13,13,7,23,9,6,23,12,5,23,11,4,14,8,1,15,10,3,14,13,7,22,12,5,22,11,4,22,12,5,16,8,1,16,11,4,16,13,7,20,11,4,21,10,3,21,9,6,17,8,1,17,12,5,17,13,7,19,10,3,19,7,0,19,13,7,18,7,0,18,9,2,18]}}}},"images":{"temp_pasted__file1":"environment/textures/crystals02.dds","temp_pasted__file3":"environment/textures/crystals02.dds"},"materials":{"crystal02_emissive":{"effect":"crystal02_emissive"}},"nodes":{"e_i_xp10x":{"geometryinstances":{"e_i_xp10xMesh":{"geometry":"e_i_xp10xMesh","material":"crystal02_emissive","surface":"crystal02_emissive"}},"matrix":[0.01,0,0,0,0.01,0,0,0,0.01,0,0,0]}},"version":1}
