{"effects":{"crystal_emissive":{"parameters":{"diffuse":"file2","light_map":"file1","reflectivity":0.5,"shininess":6.31179},"type":"lightmap"}},"geometries":{"e_i_amberMesh":{"inputs":{"NORMAL":{"offset":2,"source":"e_i_amber-Normal0"},"POSITION":{"offset":0,"source":"e_i_amber-POSITION"},"TEXCOORD0":{"offset":1,"source":"e_i_amber-UV0"}},"meta":{"graphics":true},"sources":{"e_i_amber-Normal0":{"data":[-0.356257,-0.000592,-0.934388,0.15509,-0.606633,-0.779708,-0.353813,-0.577183,-0.735986,-0.35313,0.048216,-0.934331,-0.996994,0.047718,0.061035,-0.934217,-0.355731,0.026333,-0.996923,0.049071,0.061135,-0.239416,-0.001402,0.970916,-0.297931,-0.622709,0.723513,-0.241766,-0.017448,0.970178,0.173463,-0.627718,0.758868,0.84213,-0.076085,0.533881,0.843897,-0.056645,0.533507,0.752562,-0.658019,-0.025721,0.774934,-0.077439,-0.62728,0.779395,-0.019521,-0.626228,-0.290078,0.462137,-0.838024,-0.861459,0.500127,0.0881,0.384279,0.491886,0.781267,-0.166133,0.592803,0.788026,0.888051,0.45839,-0.035273,0.650492,0.538507,-0.535603,0,-1,0,-0.137247,0.98262,-0.124984,0.141318,0.988866,0.046623],"max":[0.888051,0.988866,0.970916],"min":[-0.996994,-1,-0.934388],"stride":3},"e_i_amber-POSITION":{"data":[5.00598,0.339729,-21.1464,4.53023,-12.0722,-13.9426,-11.8603,-12.0722,-8.617,-18.2464,3.20864,-11.5156,-11.8603,-12.0722,8.617,-16.5016,1.76974,13.7142,7.82921,-1.98846,19.6763,4.53022,-12.0722,13.9426,21.1216,-2.87225,-1.86877,14.6601,-12.0722,0,-11.1754,14.7029,-7.62458,5.26653,12.6743,-14.4346,-9.9416,13.6854,10.2156,7.26285,11.028,14.4314,16.662,10.4031,-0.803241,0,-17.0727,0,2.34932,17.638,0.599222],"max":[21.1216,17.638,19.6763],"min":[-18.2464,-17.0727,-21.1464],"stride":3},"e_i_amber-UV0":{"data":[0.752628,0.261954,0.743931,0.433545,0.93727,0.433545,0.942462,0.222292,-0.017266,0.222292,-0.022458,0.433545,0.152889,0.433545,0.162839,0.242185,0.345554,0.29414,0.33092,0.433545,0.54792,0.306359,0.53065,0.433545,0.942633,0.063388,0.737435,0.091433,0.176303,0.077454,-0.017095,0.063388,0.355214,0.114192,0.539816,0.122832,1.09119,0.502676,0.131465,0.502676,1.35049,0.022811,0.390761,0.022811],"max":[1.35049,0.502676],"min":[-0.022458,0.022811],"stride":2}},"surfaces":{"crystal_emissive":{"numPrimitives":30,"triangles":[10,12,23,16,20,24,11,13,21,13,16,18,6,8,11,8,10,12,8,10,12,14,17,20,13,16,18,14,17,20,16,21,24,13,16,18,11,13,21,16,21,24,14,17,20,11,13,21,14,17,20,8,10,14,0,0,15,11,13,21,8,10,14,1,1,1,0,0,15,8,10,14,8,10,14,9,11,13,1,1,1,9,11,13,15,18,22,1,1,1,1,1,1,15,18,22,2,2,2,0,0,0,1,1,1,2,2,2,2,2,2,3,3,3,0,0,0,0,0,0,3,3,3,10,12,16,10,12,16,11,13,16,0,0,0,12,14,19,16,21,24,10,15,23,13,16,18,16,21,24,12,14,19,6,8,9,13,16,18,12,14,19,12,14,19,5,7,7,6,8,9,5,7,7,4,6,8,6,8,9,4,6,8,7,9,10,6,8,9,4,6,8,15,19,22,7,9,10,7,9,10,15,19,22,9,11,13,9,11,13,8,10,12,7,9,10,6,8,11,7,9,10,8,10,12,2,5,2,15,19,22,4,6,8,3,4,4,2,5,5,4,6,5,4,6,5,5,7,6,3,4,4,3,4,4,5,7,6,12,14,17,12,14,17,10,15,17,3,4,4]}}}},"images":{"file1":"environment/textures/crystals.dds","file2":"environment/textures/crystals.dds"},"materials":{"crystal_emissive":{"effect":"crystal_emissive"}},"nodes":{"e_i_amber":{"geometryinstances":{"e_i_amberMesh":{"geometry":"e_i_amberMesh","material":"crystal_emissive","surface":"crystal_emissive"}},"matrix":[0.01,0,0,0,0.01,0,0,0,0.01,0,0,0]}},"version":1}
