{"effects":{"tree02trunk_matt-fx":{"meta":{"normals":true},"parameters":{"diffuse":"file6","reflectivity":0.5,"shininess":0},"type":"blinn"}},"geometries":{"e_i_tree02trunk04Shape":{"inputs":{"NORMAL":{"offset":2,"source":"e_i_tree02trunk04Shape-normals"},"POSITION":{"offset":0,"source":"e_i_tree02trunk04Shape-positions"},"TEXCOORD0":{"offset":1,"source":"e_i_tree02trunk04Shape-map1"}},"meta":{"graphics":true},"sources":{"e_i_tree02trunk04Shape-map1":{"data":[0.129133,0.413437,0.12982,0.370609,0.0318792,0.368277,0.0296832,0.410646,0.228159,0.369699,0.229099,0.412129,0.389954,0.361947,0.292494,0.368916,0.297358,0.411177,0.396656,0.403459,-0.0315095,0.362496,-0.128893,0.353855,-0.136818,0.395032,-0.0375418,0.404431,0.253127,0.264259,0.131523,0.264364,0.0103912,0.260819,-0.109232,0.251704,0.37333,0.258966,0.480499,-0.27287,0.480069,-0.298731,0.454512,-0.295521,0.454941,-0.269659],"max":[0.480499,0.413437],"min":[-0.136818,-0.298731],"stride":2},"e_i_tree02trunk04Shape-normals":{"data":[0.00158126,0.646174,-0.763188,-0.00563476,0.394988,-0.918669,-0.00563964,0.394801,-0.91875,-0.907929,0.417985,0.0308676,-0.903715,0.427096,0.0298013,-0.761869,0.64773,0.00109439,-0.761869,0.64773,0.00109439,0.00093379,0.429308,0.903158,0.000933928,0.429459,0.903086,0.00111605,0.648495,0.761218,0.919621,0.391984,-0.0254012,0.913956,0.405094,-0.0241533,0.762524,0.646958,0.00157024,0.762524,0.646958,0.00157024,-0.568817,0.592043,0.570905,-0.565975,0.597453,0.568086,-0.466886,0.749269,0.469695,-0.466886,0.749269,0.469695,0.597711,0.537235,-0.59508,0.59392,0.545595,-0.591257,0.471155,0.747823,-0.467733,0.471155,0.747823,-0.467733,-0.995147,0.0729732,0.0660059,-0.995147,0.0729732,0.0660059,-0.0132632,0.0661898,-0.997719,0.705395,0.0771421,-0.704604,0.996529,0.0643061,-0.0528658,0.996529,0.0643061,-0.0528658,0.000584992,0.0857769,0.996314,0.000584992,0.0857769,0.996314,-0.702852,0.109589,0.702844,-0.166892,0.962245,0.215014,-0.166892,0.962245,0.215014],"max":[0.996529,0.962245,0.996314],"min":[-0.995147,0.0643061,-0.997719],"stride":3},"e_i_tree02trunk04Shape-positions":{"data":[-0.131325,-0.00588641,-0.120886,-0.074628,0.0607049,-0.0643855,0.0539024,0.0604371,-0.0643472,0.103896,-0.00637754,-0.120813,-0.0746692,0.06044,0.0641475,-0.131399,-0.006372,0.114337,0.0626374,0.0601357,0.072967,-0.0658951,0.0604036,0.0729274,-0.115803,-0.00643676,0.129943,0.119419,-0.00692772,0.130017,0.0626766,0.0604007,-0.0555672,0.119492,-0.00644233,-0.105206,-0.057227,0.183293,0.0624342,-0.0717227,0.206569,-0.0529826,0.0450681,0.22726,-0.0549272,0.0595681,0.203984,0.0604923],"max":[0.119492,0.22726,0.130017],"min":[-0.131399,-0.00692772,-0.120886],"stride":3}},"surfaces":{"blinn17SG":{"numPrimitives":24,"triangles":[14,19,31,13,20,31,12,21,32,14,19,31,12,21,32,15,22,32,14,16,25,10,10,19,2,2,18,2,2,18,10,10,19,11,13,20,2,2,18,11,13,20,3,3,21,6,11,11,14,16,26,15,17,27,6,11,11,10,10,10,14,16,26,10,10,10,6,11,11,9,12,12,10,10,10,9,12,12,11,13,13,1,1,4,12,14,22,13,15,23,1,1,4,4,4,3,12,14,22,4,4,3,1,1,4,0,0,5,4,4,3,0,0,5,5,5,6,13,15,24,14,16,24,2,2,2,13,15,24,2,2,2,1,1,1,0,0,0,1,1,1,2,2,2,0,0,0,2,2,2,3,3,0,4,4,15,7,7,14,12,14,30,7,7,14,4,4,15,5,5,16,7,7,14,5,5,16,8,8,17,12,14,28,6,6,7,15,18,29,12,14,28,7,7,8,6,6,7,6,6,7,7,7,8,8,8,9,6,6,7,8,8,9,9,9,9]}}}},"images":{"file6":"environment/textures/treetrunk_tile.dds"},"materials":{"tree02trunk_matt":{"effect":"tree02trunk_matt-fx"}},"nodes":{"e_i_tree02trunk04":{"geometryinstances":{"e_i_tree02trunk04Shape":{"geometry":"e_i_tree02trunk04Shape","material":"tree02trunk_matt","surface":"blinn17SG"}}}},"version":1}
