{"effects":{"tree02trunk_matt-fx":{"meta":{"normals":true},"parameters":{"diffuse":"file6","reflectivity":0.5,"shininess":0},"type":"blinn"}},"geometries":{"e_i_tree03trunk04Shape":{"inputs":{"NORMAL":{"offset":2,"source":"e_i_tree03trunk04Shape-normals"},"POSITION":{"offset":0,"source":"e_i_tree03trunk04Shape-positions"},"TEXCOORD0":{"offset":1,"source":"e_i_tree03trunk04Shape-map1"}},"meta":{"graphics":true},"sources":{"e_i_tree03trunk04Shape-map1":{"data":[0.727724,0.523592,0.603131,0.519899,0.600547,0.581122,0.726916,0.585478,0.85394,0.583436,0.852835,0.522124,1.06685,0.569905,1.05897,0.50992,0.388976,0.556753,0.515125,0.571422,0.522222,0.510826,0.398301,0.497251,0.851446,0.445059,0.728739,0.445803,0.606378,0.442945,0.531143,0.434659,0.410021,0.42246,1.04906,0.434521,0.848736,0.294776,0.730719,0.294112,0.580624,0.289506,0.432875,0.276615,1.02973,0.28749,0.486753,-0.280959,0.47144,-0.295477,0.458387,-0.279904,0.473783,-0.264287],"max":[1.06685,0.585478],"min":[0.388976,-0.295477],"stride":2},"e_i_tree03trunk04Shape-normals":{"data":[0.682232,0.310516,-0.661921,0.682605,0.308918,-0.662283,0.657316,0.401519,-0.637745,0.657316,0.401519,-0.637745,-0.636744,0.404763,-0.656296,-0.636744,0.404763,-0.656296,-0.661439,0.312599,-0.681748,-0.661184,0.31371,-0.681485,-0.69945,0.391116,0.598162,-0.724016,0.305953,0.618218,-0.72458,0.303687,0.618675,0.63564,0.408357,0.655138,0.660667,0.315986,0.680934,0.660043,0.318663,0.680292,0.924797,0.380207,0.0138758,0.924364,0.381259,0.0138693,0.861131,0.50822,0.0129234,0.861131,0.50822,0.0129234,-0.715077,0.0874788,-0.693551,-0.714682,0.0887195,-0.6938,0.704616,0.0885036,-0.704048,0.704669,0.0892573,-0.7039,0.99044,0.137145,0.0148555,0.989999,0.140287,0.014849,0.72192,0.0929978,0.685699,0.720891,0.0955106,0.686435,-0.745737,0.0961139,0.659271,-0.745832,0.0971374,0.659014,-0.732041,0.0296597,-0.680614,-0.732041,0.0296597,-0.680614,0.700521,0.041433,-0.712428,0.998762,0.0474419,0.0149785,0.740708,0.0441759,0.670373,-0.739935,0.0447936,0.671186,-0.739935,0.0447936,0.671186,-0.219257,0.975593,0.0120565,-0.219257,0.975592,0.0120565],"max":[0.998762,0.975593,0.686435],"min":[-0.745832,0.0296597,-0.712428],"stride":3},"e_i_tree03trunk04Shape-positions":{"data":[0.00521824,0.0961142,-0.331585,0.1675,0.0961142,-0.164324,0.224255,0,-0.166339,0.00583608,0,-0.391462,-0.219284,0,-0.173048,-0.162042,0.0961142,-0.169308,-0.00130679,0,0.0814911,-9.78183e-05,0.0961142,0.0204082,0.223814,0,-0.13693,0.167163,0.0961142,-0.141875,-0.133585,0.216925,-0.168053,0.00509892,0.216925,-0.302606,0.139656,0.216925,-0.163921,0.139367,0.216925,-0.144644,0.000681075,0.216925,-0.0100872,-0.120929,0.42452,-0.158009,-0.00675818,0.451862,-0.294225,0.127191,0.480397,-0.167232,0.0137396,0.453097,-0.0213993],"max":[0.224255,0.480397,0.0814911],"min":[-0.219284,0,-0.391462],"stride":3}},"surfaces":{"blinn17SG":{"numPrimitives":31,"triangles":[17,23,35,16,24,35,15,25,35,17,23,35,15,25,35,18,26,36,17,20,31,13,15,23,12,14,22,12,14,22,13,15,23,9,10,15,12,14,22,9,10,15,1,1,14,1,1,14,9,10,15,8,9,16,1,1,14,8,9,16,2,2,17,6,8,11,8,9,11,9,10,12,6,8,11,9,10,12,7,11,13,7,11,13,9,10,12,13,15,24,7,11,13,13,15,24,14,16,25,14,16,25,13,15,24,17,20,32,14,16,25,17,20,32,18,21,32,4,4,8,6,6,8,7,7,9,4,4,8,7,7,9,5,5,10,5,5,10,7,7,9,14,17,26,5,5,10,14,17,26,10,12,27,10,12,27,14,17,26,18,22,33,10,12,27,18,22,33,15,18,34,3,3,4,4,4,5,5,5,6,3,3,4,5,5,6,0,0,7,0,0,7,5,5,6,10,12,18,0,0,7,10,12,18,11,13,19,11,13,19,10,12,18,15,18,28,11,13,19,15,18,28,16,19,29,16,19,30,17,20,30,12,14,21,16,19,30,12,14,21,11,13,20,11,13,20,12,14,21,1,1,1,11,13,20,1,1,1,0,0,0,0,0,0,1,1,1,2,2,2,0,0,0,2,2,2,3,3,3]}}}},"images":{"file6":"environment/textures/treetrunk_tile.dds"},"materials":{"tree02trunk_matt":{"effect":"tree02trunk_matt-fx"}},"nodes":{"e_i_tree03trunk04":{"geometryinstances":{"e_i_tree03trunk04Shape":{"geometry":"e_i_tree03trunk04Shape","material":"tree02trunk_matt","surface":"blinn17SG"}},"matrix":[0.671643,0,0,0,0.671643,0,0,0,0.671643,0,0,0.107378]}},"version":1}
