{"effects":{"grass03_default_noshadows":{"meta":{"normals":true},"parameters":{"diffuse":"tree_01_split22_file5","reflectivity":0.5,"shininess":300},"type":"phong"}},"geometries":{"e_s_grassblade02Mesh":{"inputs":{"NORMAL":{"offset":2,"source":"e_s_grassblade02-Normal0"},"POSITION":{"offset":0,"source":"e_s_grassblade02-POSITION"},"TEXCOORD0":{"offset":1,"source":"e_s_grassblade02-UV0"}},"meta":{"graphics":true},"sources":{"e_s_grassblade02-Normal0":{"data":[0.230647,0.273675,-0.933758,0.181492,0.387683,-0.903749,0.167929,0.416923,-0.893294,0.923915,0.266647,0.274372,0.9504,0.174814,0.257254,0.9048,0.318175,0.283022,0.032833,0.5615,-0.826825,-0.041785,0.604784,-0.795292,0.83446,0.428806,0.346124,0.75694,0.497757,0.423413,-0.285838,0.688023,-0.667024,-0.325792,0.689882,-0.64647,0.621327,0.55215,0.555952,0.56696,0.547471,0.615493,-0.537373,0.674128,-0.506736,0.40612,0.517979,0.752837,-0.852626,0.498528,-0.156522,-0.829833,0.537678,-0.149268,-0.973405,0.099953,-0.206137,-0.973405,0.099952,-0.206137,0.13978,-0.010148,-0.990131,0.155715,-0.170079,-0.97305,0.136076,0.022553,-0.990442,-0.605738,0.795193,-0.027366,-0.576994,0.816745,-0.002471,0.20267,0.148836,-0.96787,0.348952,0.222526,-0.910338,-0.124148,0.941705,0.312697,-0.112401,0.940801,0.319782,0.565285,0.263832,-0.781566,0.609642,0.248246,-0.752802,0.119465,0.887569,0.444914,0.71248,0.205941,-0.670791,0.404701,0.20839,0.890388,0.451956,0.268633,0.850631,0.546293,0.397376,0.737331,-0.726145,0.220515,0.651219,-0.7202,0.127191,0.682007,-0.711487,0.435516,0.551463,0.747274,0.535265,0.393794,0.844499,0.501634,0.187574,-0.721417,0.656662,0.219891,-0.745539,0.664332,-0.053232,0.902405,0.423268,-0.08068,-0.693487,0.600168,-0.39859],"max":[0.9504,0.941705,0.890388],"min":[-0.973405,-0.170079,-0.990442],"stride":3},"e_s_grassblade02-POSITION":{"data":[3.19891,1.36628,-0.030724,-5.01077,6.30687,-0.610558,1.14755,9.26001,1.85481,-3.55905,0.216006,-1.95847,0.802582,5.53997,5.98612,2.03592,0.046753,4.83359,-8.28683,16.1921,4.49838,-5.56891,19.4872,6.99445,-4.05969,16.0643,8.64644,-15.7885,21.2763,11.581,-14.3422,24.0897,13.7901,-12.7766,21.4379,14.77,-24.1426,21.5599,20.8175,5.22821,6.4273,0.443047,6.70041,6.37121,-6.30946,5.96497,1.14362,-5.59798,4.72879,2.43579,1.09255,9.58972,4.44325,-5.59466,9.17957,0.867854,-4.9508,12.9198,13.4095,0.255066,14.4903,14.7623,-3.82579,14.4192,12.2762,-4.67171,20.2267,15.4393,-0.16301,18.6646,14.2686,2.59179,19.9196,13.5635,-1.06511,27.6039,11.1748,6.36337,0,0,0,4.34283,18.6015,-6.32747,0.35556,23.1182,-5.89396,7.45508,-0.305998,-3.63855,-3.05142,18.7533,-6.71968,-3.41183,-0.408352,-5.48476,4.50806,28.3378,-15.8822,2.43655,32.3988,-17.747,-0.792053,29.409,-16.6315,4.72144,24.5037,-33.6102],"max":[27.6039,32.3988,20.8175],"min":[-24.1426,-0.408352,-33.6102],"stride":3},"e_s_grassblade02-UV0":{"data":[0.771822,0.428608,0.779369,0.32521,0.739645,0.386164,0.819884,0.345092,0.690935,0.415999,0.696997,0.456037,0.682276,0.266021,0.663886,0.292903,0.648378,0.309225,0.623308,0.218595,0.60457,0.22981,0.594477,0.239697,0.549278,0.177744,0.53734,0.46795,0.547247,0.430916,0.63287,0.409325,0.628092,0.467398,0.539314,0.383252,0.58356,0.366382,0.329907,0.42499,0.344213,0.409497,0.358812,0.373347,0.27057,0.328733,0.251331,0.341908,0.27709,0.304957,0.155778,0.097665],"max":[0.819884,0.46795],"min":[0.155778,0.097665],"stride":2}},"surfaces":{"grass03_default_noshadows":{"numPrimitives":38,"triangles":[29,1,33,27,6,34,26,2,33,26,2,33,27,6,34,28,7,35,32,9,39,28,7,35,27,6,34,32,9,39,33,10,40,28,7,35,32,9,39,35,12,43,33,10,40,30,8,36,31,4,37,26,2,37,26,2,37,28,7,38,30,8,36,34,11,41,30,8,36,28,7,38,28,7,38,33,10,42,34,11,41,33,10,42,35,12,44,34,11,41,17,17,20,18,18,21,15,15,21,15,15,21,14,14,22,17,17,20,21,21,25,17,17,20,14,14,22,14,14,22,20,20,26,21,21,25,24,24,29,21,21,25,20,20,26,20,20,26,22,22,30,24,24,29,22,22,30,25,25,32,24,24,29,23,23,28,25,25,31,22,22,27,19,19,23,23,23,28,22,22,27,22,22,27,20,20,24,19,19,23,19,19,23,20,20,24,14,14,17,14,14,17,13,13,16,19,19,23,13,13,16,14,14,17,15,15,18,15,15,18,16,16,19,13,13,16,4,4,3,5,5,4,0,0,4,0,0,4,2,2,5,4,4,3,8,8,8,4,4,3,2,2,5,2,2,5,7,7,9,8,8,8,11,11,12,8,8,8,7,7,9,7,7,9,10,10,13,11,11,12,10,10,13,12,12,15,11,11,12,3,3,0,1,1,1,0,0,0,0,0,0,1,1,1,2,2,2,6,6,6,2,2,2,1,1,1,2,2,2,6,6,6,7,7,7,10,10,11,7,7,7,6,6,6,6,6,6,9,9,10,10,10,11,9,9,10,12,12,14,10,10,11]}}}},"images":{"tree_01_split22_file5":"environment/textures/grass03_tile.dds"},"materials":{"grass03_default_noshadows":{"effect":"grass03_default_noshadows"}},"nodes":{"e_s_grassblade02":{"geometryinstances":{"e_s_grassblade02Mesh":{"geometry":"e_s_grassblade02Mesh","material":"grass03_default_noshadows","surface":"grass03_default_noshadows"}},"matrix":[0.01,0,0,0,0.01,0,0,0,0.01,0,0,0]}},"version":1}
