{"effects":{"grass01_default":{"meta":{"normals":true},"parameters":{"diffuse":"tree_01_split13_file5","reflectivity":0.5,"shininess":300},"type":"phong"},"monstercolour_default":{"meta":{"normals":true},"parameters":{"diffuse":"monsterscolour_1","reflectivity":0.5,"shininess":1.73205},"type":"phong"},"sand01_default":{"meta":{"normals":true},"parameters":{"diffuse":"tree_01_split17_file5","reflectivity":0.5,"shininess":300},"type":"phong"}},"geometries":{"e_s_seashore10by10_03Mesh":{"inputs":{"NORMAL":{"offset":2,"source":"e_s_seashore10by10_03-Normal0"},"POSITION":{"offset":0,"source":"e_s_seashore10by10_03-POSITION"},"TEXCOORD0":{"offset":1,"source":"e_s_seashore10by10_03-UV0"}},"meta":{"graphics":true},"sources":{"e_s_seashore10by10_03-Normal0":{"data":[0,1,0,0.377657,0.925844,0.013695,0.377682,0.925906,-0.007397,0.375809,0.921316,0.099717],"max":[0.377682,1,0.099717],"min":[0,0.921316,-0.007397],"stride":3},"e_s_seashore10by10_03-POSITION":{"data":[194.432,-4.88809,-127.632,110.187,-4.88809,201.319,500,-4.88809,500,55.6675,-4.88809,500,500,-4.88809,-500,194.806,-4.88809,-500,-500,0,500,-433.458,0,500,-350.976,0,189.143,-357.264,0,-131.939,-500,0,-500,-343.917,0,-500,-345.28,-4.88809,-131.939,-331.934,-4.88809,-500,-338.992,-4.88809,189.143,-421.475,-4.88809,500],"max":[500,0,500],"min":[-500,-4.88809,-500],"stride":3},"e_s_seashore10by10_03-UV0":{"data":[0.56712,2.44769,0.5643,2.4587,0.587176,2.4687,0.562475,2.4687,0.587176,2.43522,0.567133,2.43522,0,3,0.066543,3,0.149025,2.68914,0.142737,2.36806,0,2,0.156084,2,2.17227,0.445512,1.81903,0.778108,1.8283,0.787376,2.18154,0.454779,1.52475,1.08212,1.53401,1.09139,1.17133,1.30795,1.1806,1.31722,1.54962,1.68624,1.87006,1.45012,2.2417,1.2088,2.58892,0.862155],"max":[2.58892,3],"min":[0,0.445512],"stride":2}},"surfaces":{"grass01_default":{"numPrimitives":4,"triangles":[6,6,0,7,7,0,8,8,0,6,6,0,8,8,0,9,9,0,9,9,0,10,10,0,6,6,0,9,9,0,11,11,0,10,10,0]},"monstercolour_default":{"numPrimitives":4,"triangles":[1,1,0,3,3,0,2,2,0,0,0,0,1,1,0,2,2,0,2,2,0,4,4,0,0,0,0,5,5,0,0,0,0,4,4,0]},"sand01_default":{"numPrimitives":12,"triangles":[11,12,1,9,13,1,12,14,1,12,14,1,13,15,1,11,12,1,14,17,0,15,19,0,3,20,0,3,20,0,1,21,0,14,17,0,12,14,0,14,17,0,1,21,0,12,14,0,1,21,0,0,22,0,0,22,0,13,15,0,12,14,0,0,22,0,5,23,0,13,15,0,8,16,3,7,18,3,15,19,3,15,19,3,14,17,3,8,16,3,8,16,2,14,17,2,12,14,2,12,14,2,9,13,2,8,16,2]}}}},"images":{"monsterscolour_1":"characters/textures/monsterscolour.dds","tree_01_split13_file5":"environment/textures/grass01_tile.dds","tree_01_split17_file5":"environment/textures/sand01_tile.dds"},"materials":{"grass01_default":{"effect":"grass01_default"},"monstercolour_default":{"effect":"monstercolour_default"},"sand01_default":{"effect":"sand01_default"}},"nodes":{"e_s_seashore10by10_03":{"geometryinstances":{"e_s_seashore10by10_03Mesh-grass01_default":{"geometry":"e_s_seashore10by10_03Mesh","material":"grass01_default","surface":"grass01_default"},"e_s_seashore10by10_03Mesh-monstercolour_default":{"geometry":"e_s_seashore10by10_03Mesh","material":"monstercolour_default","surface":"monstercolour_default"},"e_s_seashore10by10_03Mesh-sand01_default":{"geometry":"e_s_seashore10by10_03Mesh","material":"sand01_default","surface":"sand01_default"}},"matrix":[0.01,0,0,0,0.01,0,0,0,0.01,0,0,0]}},"version":1}
