{"effects":{"cliffrock02_default":{"meta":{"normals":true},"parameters":{"diffuse":"materialSwatches_tree_01_split20_file5","reflectivity":0.5,"shininess":300},"type":"phong"},"hillstep_default_worlduv":{"meta":{"normals":true},"parameters":{"diffuse":"file4"},"type":"lambert"},"hillstep_shiny":{"meta":{"normals":true},"parameters":{"diffuse":"file6","reflectivity":0.5,"shininess":6.31179},"type":"phong"}},"geometries":{"e_s_hillstep_02Mesh":{"inputs":{"NORMAL":{"offset":2,"source":"e_s_hillstep_02-Normal0"},"POSITION":{"offset":0,"source":"e_s_hillstep_02-POSITION"},"TEXCOORD0":{"offset":1,"source":"e_s_hillstep_02-UV0"}},"meta":{"graphics":true},"sources":{"e_s_hillstep_02-Normal0":{"data":[-0.246685,-0.081017,0.965703,-0.205381,-0.275022,0.939245,-0.091398,-0.158696,0.983088,-0.057542,-0.289757,0.955369,-0.20373,-0.150639,0.967369,-0.055623,-0.169161,0.984018,0.076214,-0.163906,0.983527,0.088831,-0.270315,0.958665,0.277962,-0.487104,0.827929,0.259775,-0.221495,0.939924,0.088705,-0.170637,0.981333,0.25145,-0.148928,0.956344,0,1,0.000115,-0.000836,0.999996,0.002697,-0.000798,0.999969,0.007812,0.000916,0.999978,0.006622,0.000652,0.999998,0.001778,0.078767,0.97639,0.201143],"max":[0.277962,1,0.984018],"min":[-0.246685,-0.487104,0.000115],"stride":3},"e_s_hillstep_02-POSITION":{"data":[-49.2686,48.5111,46.3428,-46.7628,37.1884,38.8417,-21.9197,48.5111,53.3607,-17.5929,37.1884,45.6832,-45.4551,0,34.0244,-15.8864,0,39.5533,32.1497,48.5111,52.583,35.1122,37.1884,44.925,50.7314,48.5111,46.3428,53.2372,37.1884,38.8417,36.1266,0,37.5493,54.545,0,34.0244,-50,50,-50,-49.2686,49.989,38.1323,-21.9197,49.989,48.814,50,50,-50,32.1497,49.989,46.4453,50.7314,49.989,38.1323],"max":[54.545,50,53.3607],"min":[-50,0,-50],"stride":3},"e_s_hillstep_02-UV0":{"data":[-0.580135,0.556211,-0.580136,0.620216,-0.514842,0.556211,-0.514842,0.620216,-0.580177,0.777293,-0.514991,0.777293,-0.389646,0.556211,-0.389632,0.620216,-0.348025,0.556211,-0.348026,0.620216,-0.388952,0.777293,-0.34805,0.777293,0.207403,0.393833,0.031159,0.395301,0.009798,0.450158,0.207403,0.594418,0.014534,0.558613,0.033377,0.592951,0.01474,0.395301,0.000705,0.450158,0.01474,0.592951,0.002261,0.558613],"max":[0.207403,0.777293],"min":[-0.580177,0.393833],"stride":2}},"surfaces":{"cliffrock02_default":{"numPrimitives":12,"triangles":[5,5,5,10,10,10,7,7,7,10,10,10,11,11,11,9,9,9,9,9,9,7,7,7,10,10,10,9,9,9,8,8,8,7,7,7,6,6,6,7,7,7,8,8,8,3,3,3,7,7,7,6,6,6,7,7,7,3,3,3,5,5,5,4,4,4,5,5,5,3,3,3,1,1,1,4,4,4,3,3,3,3,3,3,2,2,2,1,1,1,0,0,0,1,1,1,2,2,2,6,6,6,2,2,2,3,3,3]},"hillstep_default_worlduv":{"numPrimitives":4,"triangles":[12,12,12,13,13,13,14,14,14,14,14,14,15,15,12,12,12,12,15,15,12,14,14,14,16,16,15,16,16,15,17,17,16,15,15,12]},"hillstep_shiny":{"numPrimitives":6,"triangles":[14,14,14,13,13,13,0,18,0,0,18,0,2,19,2,14,14,14,6,21,6,14,14,14,2,19,2,14,14,14,6,21,6,16,16,15,8,20,17,16,16,15,6,21,6,16,16,15,8,20,17,17,17,16]}}}},"images":{"file4":"environment/textures/hillstep01_tile.dds","file6":"environment/textures/hillstep01_tile.dds","materialSwatches_tree_01_split20_file5":"environment/textures/cliffrock02_tile.dds"},"materials":{"cliffrock02_default":{"effect":"cliffrock02_default"},"hillstep_default_worlduv":{"effect":"hillstep_default_worlduv"},"hillstep_shiny":{"effect":"hillstep_shiny"}},"nodes":{"e_s_hillstep_02":{"geometryinstances":{"e_s_hillstep_02Mesh-cliffrock02_default":{"geometry":"e_s_hillstep_02Mesh","material":"cliffrock02_default","surface":"cliffrock02_default"},"e_s_hillstep_02Mesh-hillstep_default_worlduv":{"geometry":"e_s_hillstep_02Mesh","material":"hillstep_default_worlduv","surface":"hillstep_default_worlduv"},"e_s_hillstep_02Mesh-hillstep_shiny":{"geometry":"e_s_hillstep_02Mesh","material":"hillstep_shiny","surface":"hillstep_shiny"}},"matrix":[0.01,0,0,0,0.01,0,0,0,0.01,0,0,0]}},"version":1}
