{"effects":{"sand01_default_noshadows":{"meta":{"normals":true},"parameters":{"diffuse":"tree_01_split17_file5","reflectivity":0.5,"shininess":300},"type":"phong"},"sand01_shiny_noshadows":{"meta":{"normals":true},"parameters":{"diffuse":"tree_01_split23_pasted__file5q","reflectivity":0.5,"shininess":6.31179},"type":"phong"}},"geometries":{"e_s_sandpatchmedMesh":{"inputs":{"NORMAL":{"offset":1,"source":"e_s_sandpatchmed-Normal0"},"POSITION":{"offset":0,"source":"e_s_sandpatchmed-POSITION"},"TEXCOORD0":{"offset":0,"source":"e_s_sandpatchmed-UV0"}},"meta":{"graphics":true},"sources":{"e_s_sandpatchmed-Normal0":{"data":[0,1,0,-0.129328,0.890982,0.43523,-0.107914,0.889069,0.444871,-0.268477,0.891164,0.365713,0.410337,0.89957,-0.149654,0.370357,0.895962,-0.24513,0.366693,0.895194,-0.253305,-0.148191,0.874388,-0.462044,-0.135672,0.873923,-0.466747,-0.412655,0.888723,-0.199719,-0.430213,0.887093,-0.16728,-0.516871,0.855897,0.016865,0.266664,0.889585,0.370848,0.234725,0.888676,0.393903,0.148477,0.880282,-0.45062,0.182661,0.882947,-0.432482,0.397722,0.877967,0.26644],"max":[0.410337,1,0.444871],"min":[-0.516871,0.855897,-0.466747],"stride":3},"e_s_sandpatchmed-POSITION":{"data":[106.759,1.04157,0.608707,88.0499,1.04154,-50.6977,3.45258,1.04155,15.1666,59.7736,1.04157,70.745,46.1106,1.04152,-89.0592,-20.3128,1.04152,-90.3611,-76.275,1.04152,-51.1324,-73.2922,1.04156,35.3238,-14.5751,1.04157,78.4673,-15.5244,-0.247655,80.8737,-75.5389,-0.247655,36.8542,109.594,-0.247655,0.624882,90.3882,-0.250339,-52.044,-20.8523,-0.25269,-92.7608,-78.3005,-0.25269,-52.4902,61.3609,-0.247655,72.6238,47.3351,-0.25269,-90.9479],"max":[109.594,1.04157,80.8737],"min":[-78.3005,-0.25269,-92.7608],"stride":3},"e_s_sandpatchmed-UV0":{"data":[0.762759,0.638047,0.797016,0.625555,0.753039,0.56907,0.71593,0.606675,0.82263,0.597552,0.823499,0.553202,0.797306,0.515837,0.73958,0.517829,0.710774,0.557033,0.709167,0.556399,0.738559,0.516328,0.762749,0.639939,0.797915,0.627116,0.825101,0.552842,0.798213,0.514484,0.714676,0.607735,0.823891,0.59837],"max":[0.825101,0.639939],"min":[0.709167,0.514484],"stride":2}},"surfaces":{"sand01_default_noshadows":{"numPrimitives":8,"triangles":[0,0,1,0,2,0,2,0,1,0,4,0,4,0,5,0,2,0,2,0,5,0,6,0,6,0,7,0,2,0,2,0,7,0,8,0,2,0,8,0,3,0,2,0,3,0,0,0]},"sand01_shiny_noshadows":{"numPrimitives":16,"triangles":[11,16,0,16,15,12,3,13,15,12,0,16,15,12,3,13,9,1,3,13,8,2,9,1,9,1,8,2,7,3,7,3,10,3,9,1,10,11,7,11,6,10,6,10,14,9,10,11,14,9,6,10,5,7,5,7,13,8,14,9,13,8,5,7,4,14,4,14,16,15,13,8,16,15,4,14,1,6,1,6,12,5,16,15,12,5,1,6,0,4,0,4,11,4,12,5]}}}},"images":{"tree_01_split17_file5":"environment/textures/sand01_tile.dds","tree_01_split23_pasted__file5q":"environment/textures/sand01_tile.dds"},"materials":{"sand01_default_noshadows":{"effect":"sand01_default_noshadows"},"sand01_shiny_noshadows":{"effect":"sand01_shiny_noshadows"}},"nodes":{"e_s_sandpatchmed":{"geometryinstances":{"e_s_sandpatchmedMesh-sand01_default_noshadows":{"geometry":"e_s_sandpatchmedMesh","material":"sand01_default_noshadows","surface":"sand01_default_noshadows"},"e_s_sandpatchmedMesh-sand01_shiny_noshadows":{"geometry":"e_s_sandpatchmedMesh","material":"sand01_shiny_noshadows","surface":"sand01_shiny_noshadows"}},"matrix":[0.01,0,0,0,0.01,0,0,0,0.01,0,0,0]}},"version":1}
