{"effects":{"sand01_default":{"meta":{"normals":true},"parameters":{"diffuse":"tree_01_split17_file5","reflectivity":0.5,"shininess":300},"type":"phong"},"sand01_shiny":{"meta":{"normals":true},"parameters":{"diffuse":"tree_01_split23_pasted__file5q","reflectivity":0.5,"shininess":6.31179},"type":"phong"}},"geometries":{"e_s_sandpatchbigMesh":{"inputs":{"NORMAL":{"offset":2,"source":"e_s_sandpatchbig-Normal0"},"POSITION":{"offset":0,"source":"e_s_sandpatchbig-POSITION"},"TEXCOORD0":{"offset":1,"source":"e_s_sandpatchbig-UV0"}},"meta":{"graphics":true},"sources":{"e_s_sandpatchbig-Normal0":{"data":[0.592899,0.736611,-0.325384,0.838432,0.273833,-0.471218,0.501151,0.265678,-0.823567,0.348068,0.656932,-0.668797,-0.655385,0.752644,-0.063217,-0.948376,0.300217,-0.102241,-0.929893,0.329275,0.163943,-0.604568,0.777672,0.172405,-0.207337,0.732277,0.648677,-0.260127,0.432765,0.863162,0.631879,0.361165,0.685777,0.401068,0.756889,0.516007,0.569252,0.739492,0.359311,0.823984,0.269111,0.498627,-0.104753,0.256254,-0.960917,-0.068549,0.620576,-0.781144,-0.495494,0.70971,0.500798,-0.672153,0.385374,0.632215,-0.482738,0.231385,-0.844645,-0.393204,0.609971,-0.687987,0.007814,0.999726,0.022049,0.002074,0.99966,0.025998,0.000431,0.999701,0.024456,0.003316,0.999722,0.023338,-0.005045,0.99951,0.030895,-0.001174,0.999668,0.025729,0.001232,0.999746,0.022518,-0.000692,0.99972,0.023657,-0.003406,0.999675,0.025263,0.869996,0,-0.493059,-0.984629,0,0.174658,-0.993773,0,-0.111427,0.149498,0,0.988762,0.858857,0,0.512215,-0.10182,0,-0.994803,0.253443,0,-0.96735,-0.676693,0,0.736265,-0.740293,0,0.672284,-0.496204,0,-0.868206],"max":[0.869996,0.999746,0.988762],"min":[-0.993773,0,-0.994803],"stride":3},"e_s_sandpatchbig-POSITION":{"data":[62.536,4.12563,-8.59862,64.1967,3.15673,-8.82696,45.7977,3.15673,-41.2917,44.613,5.05086,-40.2235,-58.7836,5.05086,-29.6407,-60.3447,3.15673,-30.4278,-64.1967,3.15673,3.92699,-62.536,4.12563,3.82541,-13.5871,2.77633,55.4718,-13.9479,1.36923,56.9449,28.8282,1.36923,50.4773,28.0824,2.77633,49.1715,-13.9479,3.15673,-56.9449,-13.5871,5.05086,-55.4718,-44.9839,2.77633,26.6152,-46.1786,1.36923,27.322,2.25668,4.12563,-9.3225,64.1967,-0.003424,-8.82696,45.7977,-0.003424,-41.2917,-64.1967,-0.003424,3.92699,-60.3447,-0.003424,-30.4278,-13.9479,-0.003424,56.9449,28.8282,-0.003424,50.4773,-13.9479,-0.003424,-56.9449,-46.1786,-0.003424,27.322],"max":[64.1967,5.05086,56.9449],"min":[-64.1967,-0.003424,-56.9449],"stride":3},"e_s_sandpatchbig-UV0":{"data":[1,1,1,0,0,0,0,1,1,0.527841,0.75,0.527841,0.75,1,1,0.055681,0.75,0.055681,0,0.055681,0,0.527841],"max":[1,1],"min":[0,0],"stride":2}},"surfaces":{"sand01_default":{"numPrimitives":24,"triangles":[2,3,2,1,0,1,17,1,29,17,1,29,18,2,29,2,3,2,24,2,37,15,3,17,19,1,30,6,0,6,19,1,30,15,3,17,20,2,38,5,3,18,23,1,34,5,3,18,12,0,14,23,1,34,23,2,34,12,3,14,18,1,35,12,3,14,2,0,2,18,1,35,9,0,9,21,1,32,10,3,10,21,1,32,22,2,32,10,3,10,19,2,30,6,3,6,20,1,31,5,0,5,20,1,31,6,3,6,16,5,22,14,7,24,8,8,25,16,5,22,8,8,25,11,9,26,11,9,26,0,10,27,16,5,22,0,10,27,3,3,28,16,5,22,13,6,23,16,5,22,3,3,28,16,5,22,13,6,23,4,0,20,4,0,20,7,4,21,16,5,22,14,7,24,16,5,22,7,4,21,10,0,10,22,1,33,17,2,33,17,2,33,1,3,13,10,0,10,21,2,36,9,3,9,15,0,17,15,0,17,24,1,37,21,2,36]},"sand01_shiny":{"numPrimitives":16,"triangles":[0,0,0,1,1,1,2,2,2,2,2,2,3,3,3,0,0,0,5,2,18,4,3,19,12,1,14,4,3,19,13,0,15,12,1,14,11,0,11,10,1,10,0,3,12,10,1,10,1,2,13,0,3,12,4,0,4,5,1,5,6,2,6,6,2,6,7,3,7,4,0,4,8,0,8,9,1,9,10,2,10,10,2,10,11,3,11,8,0,8,3,0,3,2,1,2,12,2,14,12,2,14,13,3,15,3,0,3,8,3,8,14,0,16,15,1,17,15,1,17,9,2,9,8,3,8,15,2,17,14,3,16,7,0,7,7,0,7,6,1,6,15,2,17]}}}},"images":{"tree_01_split17_file5":"environment/textures/sand01_tile.dds","tree_01_split23_pasted__file5q":"environment/textures/sand01_tile.dds"},"materials":{"sand01_default":{"effect":"sand01_default"},"sand01_shiny":{"effect":"sand01_shiny"}},"nodes":{"e_s_sandpatchbig":{"geometryinstances":{"e_s_sandpatchbigMesh-sand01_default":{"geometry":"e_s_sandpatchbigMesh","material":"sand01_default","surface":"sand01_default"},"e_s_sandpatchbigMesh-sand01_shiny":{"geometry":"e_s_sandpatchbigMesh","material":"sand01_shiny","surface":"sand01_shiny"}},"matrix":[0.01,0,0,0,0.01,0,0,0,0.01,0,0,0]}},"version":1}
