{"effects":{"envprops_default_noshadows":{"meta":{"normals":true},"parameters":{"diffuse":"monsterscolour_2","reflectivity":0.5,"shininess":1.73205},"type":"phong"}},"geometries":{"e_s_path02Mesh":{"inputs":{"NORMAL":{"offset":2,"source":"e_s_path02-Normal0"},"POSITION":{"offset":0,"source":"e_s_path02-POSITION"},"TEXCOORD0":{"offset":1,"source":"e_s_path02-UV0"}},"meta":{"graphics":true},"sources":{"e_s_path02-Normal0":{"data":[0,1,0,-0.311016,0.387665,0.867747,-0.296075,0.416908,0.859376,-0.364022,0.27364,0.890286,-0.90286,0.174789,-0.392801,-0.854007,0.318162,-0.411637,-0.874173,0.26663,-0.405869,-0.15273,0.561502,0.813259,-0.074322,0.604785,0.792913,-0.68731,0.49775,-0.529008,-0.775242,0.428799,-0.463823,0.228292,0.689894,0.686971,0.185793,0.688033,0.701492,-0.471424,0.547461,-0.691409,-0.533865,0.552141,-0.640413,0.457932,0.674159,0.57949,-0.292288,0.517959,-0.803919,0.933065,0.09999,0.345532,0.820791,0.498528,0.278877,0.7993,0.53767,0.268387,-0.295624,-0.170018,0.940053,-0.27869,0.022548,0.960116,-0.282315,-0.010151,0.959268,0.59533,0.795182,0.115184,0.570507,0.816739,0.086366,-0.341286,0.148823,0.928103,-0.477647,0.222559,0.849895,0.157732,0.940795,-0.300043,0.168336,0.9417,-0.291314,-0.672944,0.26394,0.691001,-0.712648,0.248376,0.656081,-0.053467,0.887561,-0.457578,-0.802471,0.206124,0.559959,-0.323412,0.268635,-0.907326,-0.270882,0.208391,-0.939785,-0.433226,0.397395,-0.808945,0.813161,0.220507,-0.538653,0.811761,0.127188,-0.569971,0.784142,0.435503,-0.442106,-0.68203,0.535287,-0.4983,-0.808232,0.501651,-0.308396,0.729884,0.66431,0.161125,0.74574,0.656647,-0.112633,-0.904538,0.423281,-0.051425,0.628163,0.600139,0.495222],"max":[0.933065,1,0.960116],"min":[-0.904538,-0.170018,-0.939785],"stride":3},"e_s_path02-POSITION":{"data":[-7.62109,0.1,-59.6187,-4.30566,0.1,-85.3125,-13.7383,0.1,-62.8613,-9.35449,0.1,-32.665,-19.2017,0.1,-18.8594,-6.90137,0.1,-18.8594,-22.0298,0.1,-32.665,-11.1948,0.1,-45.9819,-19.9941,0.1,-48.1187,-17.3301,0.1,-5.05371,-10.2754,0.1,-5.05371,-20.5435,0.1,22.1914,28.2441,0.1,-62.5317,20.4043,0.1,-124.235,12.5645,0.1,-62.5317,28.7061,0.1,0,6.4043,0.1,31.2661,34.2612,0.1,31.2661,0,0.1,0,10.1509,0.1,-31.2661,30.6577,0.1,-31.2661,10.6431,0.1,62.5317,26.6206,0.1,62.5317,20.4043,0.1,124.235,-10.6313,5.39237,74.5293,-16.3657,8.34551,71.1943,-18.6694,0.451784,72.7612,-12.2637,-0.698493,75.6514,-15.4233,4.62547,67.1572,-16.811,-0.867745,68.1182,-6.64697,15.2776,69.9512,-8.97315,18.5727,67.0864,-10.2261,15.1498,65.2324,0.695313,23.1752,61.6387,1.80518,20.3618,64.0347,-0.710938,20.5234,60.4414,11.4136,20.6454,56.1118,-22.2158,0.229126,77.8672,-20.6084,5.5128,71.9976,-23.0469,5.45671,78.4639,-20.0195,1.52129,71.4277,-25.8013,3.52875,77.3364,-25.3022,-0.046644,76.7593,-28.2451,12.495,71.0649,-30.3926,13.8478,74.874,-30.4453,11.3617,75.7212,-33.5894,13.3541,67.9175,-35.5352,14.5248,70.4155,-35.3628,12.649,71.353,-41.8848,10.2603,62.8857,-20.7168,17.687,78.8247,-15.5,-0.914499,73.1963,-23.4048,-1.2205,75.7119,-16.709,22.2037,78.9761,-13.4585,17.8388,80.2886,-12.9224,-1.32285,79.1191,-22.27,27.4233,88.2539,-20.4917,31.4843,90.4004,-17.1353,28.4945,89.7661,-25.0596,23.5892,105.762],"max":[34.2612,31.4843,124.235],"min":[-41.8848,-1.32285,-124.235],"stride":3},"e_s_path02-UV0":{"data":[0.907635,0.084073,0.910113,0.103574,0.912591,0.084073,0.906872,0.064311,0.913449,0.054429,0.907742,0.054429,0.913353,0.064311,0.906872,0.074192,0.913353,0.074192,0.913198,0.044548,0.908148,0.044548,0.910113,0.025047,0.882915,0.207673,0.885393,0.227174,0.887871,0.207673,0.882152,0.187911,0.888729,0.178029,0.883022,0.178029,0.888633,0.187911,0.888633,0.197792,0.882152,0.197792,0.888478,0.168148,0.883428,0.168148,0.885393,0.148647,0.108781,0.070274,0.105324,0.075578,0.108124,0.079271,0.112306,0.072004,0.101086,0.078174,0.101613,0.081657,0.100333,0.065124,0.098733,0.067463,0.097383,0.068883,0.093571,0.061973,0.095202,0.060997,0.092693,0.062834,0.08876,0.057443,0.096034,0.077593,0.087722,0.082694,0.088584,0.079472,0.095618,0.082646,0.087894,0.075324,0.091743,0.073856,0.069673,0.078956,0.070918,0.077608,0.072188,0.074462,0.062836,0.071727,0.06451,0.070581,0.065077,0.068512,0.054522,0.050475],"max":[0.913449,0.227174],"min":[0.054522,0.025047],"stride":2}},"surfaces":{"envprops_default_noshadows":{"numPrimitives":58,"triangles":[56,34,39,59,36,43,57,33,40,53,31,35,56,34,39,57,33,40,56,34,39,53,31,35,50,30,33,51,25,34,50,30,33,53,31,35,50,30,33,51,25,34,52,24,34,54,32,36,55,28,37,51,25,37,51,25,37,53,31,38,54,32,36,58,35,42,54,32,36,53,31,38,53,31,38,57,33,41,58,35,42,57,33,41,59,36,44,58,35,42,47,47,30,49,49,32,48,48,29,44,44,26,47,47,30,48,48,29,48,48,29,45,45,25,44,44,26,39,39,21,44,44,26,45,45,25,45,45,25,41,41,22,39,39,21,37,37,20,39,39,21,41,41,22,41,41,22,42,42,20,37,37,20,0,0,0,1,1,0,2,2,0,8,8,0,0,0,0,2,2,0,0,0,0,8,8,0,7,7,0,7,7,0,8,8,0,6,6,0,6,6,0,3,3,0,7,7,0,3,3,0,6,6,0,4,4,0,3,3,0,4,4,0,5,5,0,10,10,0,5,5,0,4,4,0,4,4,0,9,9,0,10,10,0,10,10,0,9,9,0,11,11,0,12,12,0,13,13,0,14,14,0,12,12,0,14,14,0,19,19,0,12,12,0,19,19,0,20,20,0,15,15,0,20,20,0,19,19,0,19,19,0,18,18,0,15,15,0,15,15,0,18,18,0,16,16,0,15,15,0,16,16,0,17,17,0,22,22,0,17,17,0,16,16,0,16,16,0,21,21,0,22,22,0,22,22,0,21,21,0,23,23,0,34,34,12,36,36,15,33,33,11,30,30,7,34,34,12,33,33,11,33,33,11,31,31,8,30,30,7,30,30,7,31,31,8,25,25,2,25,25,2,24,24,1,30,30,7,24,24,1,25,25,2,26,26,3,26,26,3,27,27,3,24,24,1,33,33,13,36,36,16,35,35,14,31,31,9,33,33,13,35,35,14,35,35,14,32,32,10,31,31,9,25,25,5,31,31,9,32,32,10,32,32,10,28,28,6,25,25,5,26,26,4,25,25,5,28,28,6,28,28,6,29,29,4,26,26,4,40,40,17,38,38,18,37,37,17,37,37,17,38,38,18,39,39,19,38,38,18,43,43,23,39,39,19,39,39,19,43,43,23,44,44,24,47,47,28,44,44,24,43,43,23,43,43,23,46,46,27,47,47,28,46,46,27,49,49,31,47,47,28]}}}},"images":{"monsterscolour_2":"environment/textures/envprops.dds"},"materials":{"envprops_default_noshadows":{"effect":"envprops_default_noshadows"}},"nodes":{"e_s_path02":{"geometryinstances":{"e_s_path02Mesh":{"geometry":"e_s_path02Mesh","material":"envprops_default_noshadows","surface":"envprops_default_noshadows"}},"matrix":[0.01,0,0,0,0.01,0,0,0,0.01,0,0,0]}},"version":1}
