{"effects":{"sand01_default_noshadows":{"meta":{"normals":true},"parameters":{"diffuse":"tree_01_split17_file5","reflectivity":0.5,"shininess":300},"type":"phong"}},"geometries":{"e_s_sandpatchsmallMesh":{"inputs":{"NORMAL":{"offset":1,"source":"e_s_sandpatchsmall-Normal0"},"POSITION":{"offset":0,"source":"e_s_sandpatchsmall-POSITION"},"TEXCOORD0":{"offset":0,"source":"e_s_sandpatchsmall-UV0"}},"meta":{"graphics":true},"sources":{"e_s_sandpatchsmall-Normal0":{"data":[1.2e-05,1,-1e-06,1.1e-05,1,3e-06,1e-05,1,2e-06,1e-05,1,1e-06,1e-05,1,7e-06,1e-05,1,3e-06,1.1e-05,1,1e-06,8e-06,1,3e-06],"max":[1.2e-05,1,7e-06],"min":[8e-06,1,-1e-06],"stride":3},"e_s_sandpatchsmall-POSITION":{"data":[-26.1792,0.400511,46.78,0.91433,0.399978,51.0088,-7.50474,0.400235,5.55321,-45.6049,0.400511,9.1039,20.0712,0.399735,37.5307,49.31,0.399735,13.0028,40.9889,0.399735,-14.623,-4.79744,0.400345,-37.9554,-31.1548,0.400511,-24.4861],"max":[49.31,0.400511,51.0088],"min":[-45.6049,0.399735,-37.9554],"stride":3},"e_s_sandpatchsmall-UV0":{"data":[0.455921,0.534921,0.451814,0.561235,0.495962,0.553058,0.492514,0.516054,0.464905,0.579841,0.488727,0.608239,0.515558,0.600157,0.53822,0.555687,0.525138,0.530088],"max":[0.53822,0.608239],"min":[0.451814,0.516054],"stride":2}},"surfaces":{"sand01_default_noshadows":{"numPrimitives":8,"triangles":[0,0,1,1,2,2,1,1,4,4,2,2,5,5,2,2,4,4,2,2,5,5,6,6,6,6,7,2,2,2,7,2,8,7,2,2,8,7,3,3,2,2,2,2,3,3,0,0]}}}},"images":{"tree_01_split17_file5":"environment/textures/sand01_tile.dds"},"materials":{"sand01_default_noshadows":{"effect":"sand01_default_noshadows"}},"nodes":{"e_s_sandpatchsmall":{"geometryinstances":{"e_s_sandpatchsmallMesh":{"geometry":"e_s_sandpatchsmallMesh","material":"sand01_default_noshadows","surface":"sand01_default_noshadows"}},"matrix":[0.01,0,0,0,0.01,0,0,0,0.01,0,0,0]}},"version":1}
