{"effects":{"envprops_default_noshadows":{"meta":{"normals":true},"parameters":{"diffuse":"monsterscolour_2","reflectivity":0.5,"shininess":1.73205},"type":"phong"}},"geometries":{"e_s_pathtilesMesh":{"inputs":{"NORMAL":{"offset":2,"source":"e_s_pathtiles-Normal0"},"POSITION":{"offset":0,"source":"e_s_pathtiles-POSITION"},"TEXCOORD0":{"offset":1,"source":"e_s_pathtiles-UV0"}},"meta":{"graphics":true},"sources":{"e_s_pathtiles-Normal0":{"data":[0.01745,0.999786,0.011136,-0.055925,0.998435,0.000127,-0.056421,0.997286,-0.047291,0.593468,0.670822,0.44474,0.565811,0.676552,0.471312,0.555941,0.678315,0.480435,0.593467,0.670822,0.44474,0.564531,0.586311,-0.580985,0.564531,0.586312,-0.580985,-0.176894,0.567605,-0.804073,-0.5771,0.659253,-0.482018,-0.792127,0.599689,-0.113615,-0.258196,0.648725,0.715885,-0.309062,0.6371,0.706106,-0.270973,0.645992,0.71363,-0.007745,0.999786,0.019198,0.036131,0.997286,-0.064144,-0.01039,0.998435,-0.054957,-0.328241,0.670871,0.664973,-0.359439,0.676595,0.642669,-0.370211,0.678355,0.634648,0.674686,0.586382,0.44828,0.674686,0.586382,0.448279,0.757896,0.567685,-0.321446,0.367921,0.659255,-0.655757,-0.033708,0.599628,-0.799568,-0.750829,0.637109,-0.174206,-0.75111,0.648726,-0.122426,-0.751238,0.645997,-0.135383,0.01745,0.999786,0.011137,-0.05593,0.998435,0.000127,-0.056425,0.997286,-0.04729,0.593388,0.670925,0.444692,0.565741,0.676639,0.471271,0.555892,0.678394,0.480381,0.564504,0.586363,-0.580959,-0.176865,0.567704,-0.804009,-0.577074,0.659261,-0.482039,-0.792179,0.599619,-0.113618,-0.25822,0.648696,0.715902,-0.309074,0.637081,0.706117,-0.270982,0.645968,0.713648],"max":[0.757896,0.999786,0.715902],"min":[-0.792179,0.567605,-0.804073],"stride":3},"e_s_pathtiles-POSITION":{"data":[-88.8071,3.36189,158.973,-91.2437,3.52511,137.068,-104.065,3.48864,153.062,-80.084,3.21402,147.53,-102.09,3.83853,139.654,-90.0972,3.36746,159.494,-88.251,2.02545,160.221,-78.8047,2.02543,147.641,-90.8232,2.02574,135.896,-103.101,2.02589,138.618,-105.514,2.02567,153.957,-89.9546,2.02535,160.559,71.8379,4.85049,-23.2598,57.1763,5.86422,-56.2095,13.3726,4.73252,-54.5312,3.63916,4.32257,-2.50977,45.1982,3.8443,18.4321,1.21728,4.34058,-6.30127,0,0,0,45.6055,-6.6e-05,22.5664,75.8145,0.000946,-22.6196,59.8706,0.001419,-60.0396,9.66992,0.00069,-58.604,-2.08545,-0.000341,-5.21631,6.23047,3.63107,-111.597,2.26904,3.89648,-147.215,-18.5801,3.83717,-121.208,20.415,3.39062,-130.203,-15.3677,4.40612,-143.01,4.1333,3.64013,-110.75,7.13525,1.45793,-109.567,22.4961,1.45789,-130.022,2.95215,1.4584,-149.122,-17.0117,1.45864,-144.695,-20.9346,1.45828,-119.753,4.36475,1.45776,-109.018],"max":[75.8145,5.86422,160.559],"min":[-105.514,-0.000341,-149.122],"stride":3},"e_s_pathtiles-UV0":{"data":[0.72009,0.078524,0.777885,0.060939,0.728338,0.034437,0.755309,0.096271,0.76546,0.033015,0.718037,0.07531,0.907636,0.223149,0.872101,0.205243,0.86899,0.207389,0.907984,0.226684,0.933814,0.188048,0.930414,0.1875,0.917878,0.159328,0.920181,0.156052,0.877258,0.15728,0.880424,0.160762,0.867207,0.202929,0.87003,0.202001],"max":[0.933814,0.226684],"min":[0.718037,0.033015],"stride":2}},"surfaces":{"envprops_default_noshadows":{"numPrimitives":48,"triangles":[8,10,7,3,6,7,7,9,7,3,6,7,8,10,7,1,11,8,0,0,0,3,3,0,1,1,0,1,1,0,4,4,2,2,2,1,0,0,0,1,1,0,2,2,1,2,2,1,5,5,0,0,0,0,26,2,30,29,5,29,24,0,29,24,0,29,27,3,29,25,1,29,24,0,29,25,1,29,26,2,30,25,1,29,28,4,31,26,2,30,15,0,15,16,3,15,12,1,15,12,1,15,13,4,16,14,2,17,15,0,15,12,1,15,14,2,17,14,2,17,17,5,15,15,0,15,21,13,24,22,14,25,14,15,17,14,15,17,13,12,16,21,13,24,20,10,23,21,13,24,13,12,16,13,12,16,12,11,23,20,10,23,4,12,2,1,11,9,8,10,9,8,10,9,9,13,10,4,12,2,2,15,1,4,12,2,9,13,10,9,13,10,10,14,11,2,15,1,30,8,34,31,9,32,27,6,32,27,6,32,24,7,33,30,8,34,35,16,39,30,8,34,24,7,33,24,7,33,29,17,41,35,16,39,26,15,40,35,16,39,29,17,41,35,16,39,26,15,40,34,14,40,28,12,31,25,11,36,32,10,36,32,10,36,33,13,37,28,12,31,26,15,30,28,12,31,33,13,37,33,13,37,34,14,38,26,15,30,11,16,12,2,15,13,10,14,13,2,15,13,11,16,12,5,17,14,0,7,4,5,17,14,11,16,12,11,16,12,6,8,5,0,7,4,3,6,3,0,7,4,6,8,5,6,8,5,7,9,6,3,6,3,27,6,35,32,10,35,25,11,35,32,10,35,27,6,35,31,9,35,20,10,21,12,11,22,16,6,21,20,10,21,16,6,21,19,9,21,18,8,20,19,9,18,16,6,18,16,6,18,15,7,19,18,8,20,17,17,28,18,8,20,15,7,19,23,16,27,18,8,20,17,17,28,14,15,26,23,16,27,17,17,28,14,15,26,22,14,26,23,16,27]}}}},"images":{"monsterscolour_2":"environment/textures/envprops.dds"},"materials":{"envprops_default_noshadows":{"effect":"envprops_default_noshadows"}},"nodes":{"e_s_pathtiles":{"geometryinstances":{"e_s_pathtilesMesh":{"geometry":"e_s_pathtilesMesh","material":"envprops_default_noshadows","surface":"envprops_default_noshadows"}},"matrix":[0.01,0,0,0,0.01,0,0,0,0.01,0,0,0]}},"version":1}
