{"effects":{"grass02_default_noshadows":{"meta":{"normals":true},"parameters":{"diffuse":"tree_01_split18_file5","reflectivity":0.5,"shininess":300},"type":"phong"}},"geometries":{"e_s_patchgrassbigMesh":{"inputs":{"NORMAL":{"offset":1,"source":"e_s_patchgrassbig-Normal0"},"POSITION":{"offset":0,"source":"e_s_patchgrassbig-POSITION"},"TEXCOORD0":{"offset":0,"source":"e_s_patchgrassbig-UV0"}},"meta":{"graphics":true},"sources":{"e_s_patchgrassbig-Normal0":{"data":[0,1,0],"max":[0,1,0],"min":[0,1,0],"stride":3},"e_s_patchgrassbig-POSITION":{"data":[304.501,2.83598,-260.795,167.843,2.83598,-346.908,-10.4164,2.83598,-40.8053,321.616,2.83598,-11.6892,-124.85,2.83598,-394.996,-315.032,2.83598,-319.716,3.16307,2.83598,-333.06,-387.203,2.83598,147.251,-259.19,2.83598,209.187,-405.159,2.83598,-89.2338,-86.7775,2.83598,316.182,87.2108,2.83598,304.861,256.027,2.83598,123.872],"max":[321.616,2.83598,316.182],"min":[-405.159,2.83598,-394.996],"stride":3},"e_s_patchgrassbig-UV0":{"data":[0.976452,0.188701,0.788419,0.067617,0.543144,0.498033,1,0.538973,0.38569,0,0.12401,0.105852,0.561829,0.087089,0.024707,0.762462,0.200846,0.849551,0,0.429937,0.438076,1,0.677473,0.98408,0.909755,0.729589],"max":[1,1],"min":[0,0],"stride":2}},"surfaces":{"grass02_default_noshadows":{"numPrimitives":12,"triangles":[7,0,8,0,9,0,2,0,9,0,8,0,5,0,9,0,2,0,4,0,5,0,2,0,2,0,6,0,4,0,1,0,6,0,2,0,0,0,1,0,2,0,2,0,3,0,0,0,3,0,2,0,12,0,11,0,12,0,2,0,10,0,11,0,2,0,2,0,8,0,10,0]}}}},"images":{"tree_01_split18_file5":"environment/textures/grass02_tile.dds"},"materials":{"grass02_default_noshadows":{"effect":"grass02_default_noshadows"}},"nodes":{"e_s_patchgrassbig":{"geometryinstances":{"e_s_patchgrassbigMesh":{"geometry":"e_s_patchgrassbigMesh","material":"grass02_default_noshadows","surface":"grass02_default_noshadows"}},"matrix":[0.01,0,0,0,0.01,0,0,0,0.01,0.417718,-0.02836,0.394066]}},"version":1}
