{"effects":{"grass03_default_noshadows":{"meta":{"normals":true},"parameters":{"diffuse":"tree_01_split22_file5","reflectivity":0.5,"shininess":300},"type":"phong"}},"geometries":{"e_s_grassblade01Mesh":{"inputs":{"NORMAL":{"offset":2,"source":"e_s_grassblade01-Normal0"},"POSITION":{"offset":0,"source":"e_s_grassblade01-POSITION"},"TEXCOORD0":{"offset":1,"source":"e_s_grassblade01-UV0"}},"meta":{"graphics":true},"sources":{"e_s_grassblade01-Normal0":{"data":[0.653774,0.253025,-0.713132,0.699561,0.13432,-0.701836,0.639812,0.283883,-0.714179,0.677579,0.269338,0.684356,0.699664,0.175148,0.692671,0.662034,0.322207,0.676678,0.505079,0.440873,-0.741975,0.429604,0.490672,-0.758077,0.580966,0.442866,0.682897,0.482337,0.52447,0.701628,0.164084,0.599267,-0.783553,0.119654,0.605335,-0.786926,0.304472,0.601299,0.738739,0.227238,0.606765,0.761708,-0.133918,0.616382,-0.775976,0.01689,0.602105,0.798238,-0.204274,0.099944,-0.973798,-0.200919,0.498526,-0.843269,-0.198356,0.537676,-0.819487,0.96232,-0.010149,-0.27173,0.953125,-0.170077,-0.250254,0.96111,0.022551,-0.275245,-0.219441,0.795194,-0.565254,-0.230617,0.816745,-0.528908,0.967336,0.148832,-0.205208,0.973738,0.222523,-0.048148,-0.337945,0.9408,0.026225,-0.336204,0.941705,0.012618,0.934819,0.248242,0.253948,0.943234,0.263829,0.201752,-0.358853,0.887568,0.288872,0.90129,0.205937,0.381137,-0.925201,0.13432,0.354911,-0.913073,0.208895,0.35023,-0.90961,0.225569,0.348896,-0.34105,0.238515,-0.909283,-0.355743,0.175151,-0.918025,-0.332818,0.271104,-0.90318,-0.853702,0.358454,0.377762,-0.809342,0.431143,0.398849,-0.291363,0.330598,-0.89767,-0.215414,0.396379,-0.892458,-0.372866,0.738271,0.562073,-0.468257,0.714575,0.519729,-0.01266,0.457815,-0.888957,0.158114,0.438834,-0.884548,0.020218,0.7499,0.661242,0.401071,0.387147,-0.830216,0.243437,0.176499,0.953722,0.214148,-0.068647,0.974386,0.241775,0.158652,0.957275,-0.970395,0.109662,0.215192,-0.969834,-0.060515,0.236136,-0.968046,0.134673,0.211541,0.271577,0.343117,0.899176,0.27323,0.347777,0.896881,-0.950095,0.238808,0.200726,-0.951393,0.233862,0.200399,0.345363,0.561014,0.752322,0.34566,0.561942,0.751492,-0.914556,0.382702,0.130866,-0.913809,0.385086,0.129082,0.395883,0.739036,0.545071,-0.818332,0.574114,-0.02694],"max":[0.973738,0.941705,0.974386],"min":[-0.970395,-0.170077,-0.973798],"stride":3},"e_s_grassblade01-POSITION":{"data":[-5.23566,9.01593,1.05331,2.51794,2.66829,7.56695,-3.60217,1.21505,1.31881,0.132385,12.8093,7.26022,-3.31726,8.94753,11.8733,-1.965,1.92623,12.1307,-10.7152,22.2171,3.12205,-8.987,26.5873,7.10392,-8.85574,22.586,10.2497,-22.5468,30.0237,5.15624,-22.0514,33.8066,8.07558,-21.3379,30.638,10.4505,-37.2525,32.3202,9.51835,8.00116,0.463856,9.67402,-0.241486,2.07267,11.628,0.749298,7.04232,11.8704,9.18118,6.97248,10.1543,9.81882,4.57207,13.8048,8.87927,0.120506,13.6611,4.82861,15.7355,20.5378,10.2664,17.4199,20.2761,11.1944,14.3245,19.7701,5.05356,16.8052,28.2562,8.97665,18.2627,28.6514,9.84994,15.9273,27.8482,5.24927,12.9532,40.3345,2.42407,0,-1.43941,6.50427,-1.95402,9.5901,8.36325,8.53499,10.813,5.18356,13.6356,0.247139,11.9508,8.44302,-3.52025,10.4324,-0.997773,-4.57873,17.0124,37.8094,12.956,16.4344,42.6553,6.26448,18.4525,36.882,3.18803,33.3419,54.2696,10.1514,31.3631,50.2331,14.7896,32.4523,49.6107,7.54906,52.0623,48.2611,16.3932,-1.21985,7.37118,-1.09167,-0.944733,-1.24175,-1.63278,9.12103,6.09762,-3.32793,9.42032,-0.464592,-3.98218,-3.22894,5.46361,-9.29585,-2.90961,-0.405868,-10.0247,8.28513,23.3275,-8.68401,1.56177,24.9125,-7.15637,-0.132782,22.4643,-12.074,8.48236,34.937,-15.3061,3.67535,36.8975,-14.4729,2.17084,34.5994,-17.7455,9.84723,44.9708,-29.9017],"max":[52.0623,54.2696,40.3345],"min":[-37.2525,-1.95402,-29.9017],"stride":3},"e_s_grassblade01-UV0":{"data":[0.779369,0.32521,0.771822,0.428608,0.819884,0.345092,0.739645,0.386164,0.690935,0.415999,0.696997,0.456037,0.682276,0.266021,0.663886,0.292903,0.648378,0.309225,0.623308,0.218595,0.60457,0.22981,0.594477,0.239697,0.549278,0.177744,0.63287,0.409325,0.628092,0.467398,0.53734,0.46795,0.547247,0.430916,0.539314,0.383252,0.58356,0.366382,0.329907,0.42499,0.344213,0.409497,0.358812,0.373347,0.251331,0.341908,0.27057,0.328733,0.27709,0.304957,0.155778,0.097665],"max":[0.819884,0.46795],"min":[0.155778,0.097665],"stride":2}},"surfaces":{"grass03_default_noshadows":{"numPrimitives":56,"triangles":[9,9,10,12,12,14,10,10,11,7,7,7,9,9,10,10,10,11,6,6,6,9,9,10,7,7,7,3,3,2,6,6,6,7,7,7,6,6,6,3,3,2,0,0,0,1,1,1,0,0,0,3,3,2,0,0,0,1,1,1,2,2,1,43,4,51,44,5,52,40,1,52,40,1,52,39,3,53,43,4,51,47,8,57,43,4,51,39,3,53,39,3,53,46,7,56,47,8,57,50,11,61,47,8,57,46,7,56,46,7,56,49,10,60,50,11,61,49,10,60,51,12,63,50,11,61,40,1,49,42,2,49,41,0,50,39,3,48,40,1,49,41,0,50,39,3,48,41,0,50,45,6,54,45,6,54,46,7,55,39,3,48,46,7,55,45,6,54,48,9,58,48,9,58,49,10,59,46,7,55,48,9,58,51,12,62,49,10,59,4,4,3,5,5,4,1,1,4,1,1,4,3,3,5,4,4,3,8,8,8,4,4,3,3,3,5,3,3,5,7,7,9,8,8,8,11,11,12,8,8,8,7,7,9,7,7,9,10,10,13,11,11,12,10,10,13,12,12,15,11,11,12,13,13,16,14,14,16,15,15,17,15,15,17,16,16,18,13,13,16,15,15,17,19,19,22,16,16,18,16,16,18,19,19,22,20,20,23,23,23,27,20,20,23,19,19,22,19,19,22,22,22,26,23,23,27,22,22,26,25,25,30,23,23,27,17,17,19,18,18,20,13,13,20,13,13,20,16,16,21,17,17,19,21,21,24,17,17,19,16,16,21,16,16,21,20,20,25,21,21,24,24,24,29,21,21,24,20,20,25,20,20,25,23,23,28,24,24,29,23,23,28,25,25,31,24,24,29,26,1,32,27,2,32,28,0,33,28,0,33,29,3,34,26,1,32,32,6,38,29,3,34,28,0,33,32,6,38,33,7,39,29,3,34,35,10,42,33,7,39,32,6,38,32,6,38,36,9,43,35,10,42,36,9,43,38,12,46,35,10,42,30,4,35,31,5,36,26,1,36,26,1,36,29,3,37,30,4,35,34,8,40,30,4,35,29,3,37,29,3,37,33,7,41,34,8,40,37,11,44,34,8,40,33,7,41,33,7,41,35,10,45,37,11,44,35,10,45,38,12,47,37,11,44]}}}},"images":{"tree_01_split22_file5":"environment/textures/grass03_tile.dds"},"materials":{"grass03_default_noshadows":{"effect":"grass03_default_noshadows"}},"nodes":{"e_s_grassblade01":{"geometryinstances":{"e_s_grassblade01Mesh":{"geometry":"e_s_grassblade01Mesh","material":"grass03_default_noshadows","surface":"grass03_default_noshadows"}},"matrix":[0.01,0,0,0,0.01,0,0,0,0.01,0,0,0]}},"version":1}
