{"effects":{"sand01_default_noshadows":{"meta":{"normals":true},"parameters":{"diffuse":"tree_01_split17_file5","reflectivity":0.5,"shininess":300},"type":"phong"},"sand01_shiny_noshadows":{"meta":{"normals":true},"parameters":{"diffuse":"tree_01_split23_pasted__file5q","reflectivity":0.5,"shininess":6.31179},"type":"phong"}},"geometries":{"e_s_sandpatchbigMesh":{"inputs":{"NORMAL":{"offset":1,"source":"e_s_sandpatchbig-Normal0"},"POSITION":{"offset":0,"source":"e_s_sandpatchbig-POSITION"},"TEXCOORD0":{"offset":0,"source":"e_s_sandpatchbig-UV0"}},"meta":{"graphics":true},"sources":{"e_s_sandpatchbig-Normal0":{"data":[-1e-06,1,-2e-06,0,1,-2e-06,0.424043,0.873174,-0.240322,0.277438,0.87245,-0.402318,0.247512,0.867503,-0.431481,-0.465648,0.883428,-0.052212,-0.458245,0.884812,0.08437,-0.453783,0.881521,0.13039,-0.152825,0.866432,0.475332,-0.137923,0.866801,0.4792,0.316672,0.86257,0.394578,0.332562,0.861134,0.384514,0.475529,0.832726,0.283617,0.47553,0.832726,0.283617,-0.065977,0.86634,-0.495078,-0.041311,0.864888,-0.500263,-0.390241,0.840276,0.376361,-0.395914,0.841351,0.367942,-0.254111,0.85892,-0.444617],"max":[0.47553,1,0.4792],"min":[-0.465648,0.832726,-0.500263],"stride":3},"e_s_sandpatchbig-POSITION":{"data":[-151.357,1.75905,-76.3193,-161.019,1.75925,9.84971,5.81053,1.75925,-24.0037,-34.9841,1.75905,-142.83,-115.825,1.75953,68.5293,-34.9841,1.75953,142.83,72.307,1.75953,126.607,161.019,1.75925,-22.1398,114.87,1.75905,-103.568,165.295,-0.479245,-22.7278,117.921,-0.479245,-106.319,-155.376,-0.479245,-78.3461,-165.295,-0.479245,10.1113,-35.9132,-0.485221,146.623,74.2272,-0.485221,129.97,-35.9132,-0.479245,-146.623,-118.901,-0.485221,70.3492],"max":[165.295,1.75953,146.623],"min":[-165.295,-0.485221,-146.623],"stride":3},"e_s_sandpatchbig-UV0":{"data":[0.323995,0.505181,0.220803,0.493611,0.261344,0.693397,0.403644,0.644543,0.150531,0.547732,0.061553,0.644543,0.080979,0.77303,0.259112,0.879267,0.356626,0.824001,0.259816,0.884387,0.35992,0.827655,0.326422,0.500368,0.22049,0.48849,0.05701,0.643431,0.076953,0.775329,0.408186,0.643431,0.148352,0.544048],"max":[0.408186,0.884387],"min":[0.05701,0.48849],"stride":2}},"surfaces":{"sand01_default_noshadows":{"numPrimitives":8,"triangles":[0,0,1,1,2,1,4,1,2,1,1,1,2,1,4,1,5,1,2,1,5,1,6,1,6,1,7,1,2,1,7,1,8,1,2,1,3,1,2,1,8,1,2,1,3,1,0,0]},"sand01_shiny_noshadows":{"numPrimitives":16,"triangles":[7,2,9,2,10,3,10,3,8,4,7,2,8,4,10,3,15,14,15,14,3,15,8,4,0,18,3,15,15,14,11,18,0,18,15,14,14,10,9,13,7,12,6,11,14,10,7,12,14,10,6,11,5,8,5,8,13,9,14,10,16,17,13,9,5,8,5,8,4,16,16,17,16,17,4,16,1,7,1,7,12,6,16,17,12,6,1,7,0,5,0,5,11,5,12,6]}}}},"images":{"tree_01_split17_file5":"environment/textures/sand01_tile.dds","tree_01_split23_pasted__file5q":"environment/textures/sand01_tile.dds"},"materials":{"sand01_default_noshadows":{"effect":"sand01_default_noshadows"},"sand01_shiny_noshadows":{"effect":"sand01_shiny_noshadows"}},"nodes":{"e_s_sandpatchbig":{"geometryinstances":{"e_s_sandpatchbigMesh-sand01_default_noshadows":{"geometry":"e_s_sandpatchbigMesh","material":"sand01_default_noshadows","surface":"sand01_default_noshadows"},"e_s_sandpatchbigMesh-sand01_shiny_noshadows":{"geometry":"e_s_sandpatchbigMesh","material":"sand01_shiny_noshadows","surface":"sand01_shiny_noshadows"}},"matrix":[0.01,0,0,0,0.01,0,0,0,0.01,0,0,0]}},"version":1}
