{"effects":{"skywind_blend_alpha_noshadows_uvtransform":{"meta":{"transparent":true},"parameters":{"diffuse":"file4"},"type":"blend"}},"geometries":{"e_s_skywind_curvedMesh":{"inputs":{"NORMAL":{"offset":1,"source":"e_s_skywind_curved-Normal0"},"POSITION":{"offset":0,"source":"e_s_skywind_curved-POSITION"},"TEXCOORD0":{"offset":0,"source":"e_s_skywind_curved-UV0"}},"meta":{"graphics":true},"sources":{"e_s_skywind_curved-Normal0":{"data":[0,1,0],"max":[0,1,0],"min":[0,1,0],"stride":3},"e_s_skywind_curved-POSITION":{"data":[-116.815,0,25.7354,-113.079,0,276.428,-103.249,0,276.416,-126.646,0,25.7413,125.996,0,-1979.44,67.2517,0,-1728.79,71.853,0,-1728.79,126.201,0,-1979.44,-47.1992,0,989.857,-25.0229,0,1227.67,-15.1926,0,1227.66,-57.0295,0,989.869,-75.0068,0,-976.87,-103.686,0,-726.228,-93.8555,0,-726.228,-65.1765,0,-976.87,10.2922,0,-1478.15,-36.3489,0,-1227.51,-26.5186,0,-1227.51,20.1226,0,-1478.15,-120.357,0,-475.587,-131.024,0,-224.945,-121.193,0,-224.945,-110.526,0,-475.587,-86.7275,0,527.057,-78.4153,0,768.09,-68.585,0,768.078,-96.5579,0,527.069,25.3108,0,1478.27,71.3064,0,1728.87,76.1772,0,1728.86,15.4805,0,1478.29,130.491,0,1979.44,131.024,0,1979.44],"max":[131.024,0,1979.44],"min":[-131.024,0,-1979.44],"stride":3},"e_s_skywind_curved-UV0":{"data":[0.782332,0.50156,0.750579,0.49844,0.750579,0.50156,0.782332,0.49844,0.987966,0.49844,0.960126,0.49844,0.960126,0.50156,0.987966,0.50156,0.655763,0.50156,0.62354,0.49844,0.62354,0.50156,0.655763,0.49844,0.888946,0.49844,0.865175,0.49844,0.865175,0.50156,0.888946,0.50156,0.937135,0.49844,0.912717,0.49844,0.912717,0.50156,0.937135,0.50156,0.838299,0.49844,0.811867,0.49844,0.811867,0.50156,0.838299,0.50156,0.720599,0.50156,0.687959,0.49844,0.687959,0.50156,0.720599,0.49844,0.58808,0.50156,0.553448,0.49844,0.553448,0.50156,0.58808,0.49844,0.52448,0.49844,0.52448,0.50156],"max":[0.987966,0.50156],"min":[0.52448,0.49844],"stride":2}},"surfaces":{"skywind_blend_alpha_noshadows_uvtransform":{"numPrimitives":32,"triangles":[6,0,7,0,4,0,4,0,5,0,6,0,19,0,6,0,5,0,5,0,16,0,19,0,18,0,19,0,16,0,16,0,17,0,18,0,15,0,18,0,17,0,17,0,12,0,15,0,14,0,15,0,12,0,12,0,13,0,14,0,23,0,14,0,13,0,13,0,20,0,23,0,22,0,23,0,20,0,20,0,21,0,22,0,22,0,21,0,3,0,22,0,3,0,0,0,0,0,3,0,1,0,0,0,1,0,2,0,2,0,1,0,27,0,2,0,27,0,24,0,24,0,27,0,25,0,24,0,25,0,26,0,26,0,25,0,11,0,26,0,11,0,8,0,8,0,11,0,9,0,8,0,9,0,10,0,10,0,9,0,31,0,10,0,31,0,28,0,28,0,31,0,29,0,28,0,29,0,30,0,30,0,29,0,32,0,30,0,32,0,33,0]}}}},"images":{"file4":"environment/textures/skywind.dds"},"materials":{"skywind_blend_alpha_noshadows_uvtransform":{"effect":"skywind_blend_alpha_noshadows_uvtransform"}},"nodes":{"e_s_skywind_curved":{"geometryinstances":{"e_s_skywind_curvedMesh":{"geometry":"e_s_skywind_curvedMesh","material":"skywind_blend_alpha_noshadows_uvtransform","surface":"skywind_blend_alpha_noshadows_uvtransform"}},"matrix":[0.01,0,0,0,0.01,0,0,0,0.01,0,0,0]}},"version":1}
