{"effects":{"wood01_default":{"meta":{"normals":true},"parameters":{"diffuse":"tree_01_split3_file5","reflectivity":0.5,"shininess":300},"type":"phong"},"wood04_default":{"meta":{"normals":true},"parameters":{"diffuse":"tree_01_split9_file5q","reflectivity":0.5,"shininess":300},"type":"phong"}},"geometries":{"e_s_floatingplankMesh":{"inputs":{"NORMAL":{"offset":2,"source":"e_s_floatingplank-Normal0"},"POSITION":{"offset":0,"source":"e_s_floatingplank-POSITION"},"TEXCOORD0":{"offset":1,"source":"e_s_floatingplank-UV0"}},"meta":{"graphics":true},"sources":{"e_s_floatingplank-Normal0":{"data":[0.0637,0.038767,0.997216,0.031761,0.019329,0.999309,0.031375,0.019095,0.999325,0.065184,-0.040433,-0.997054,0.031731,-0.019682,-0.999303,0.031739,-0.019688,-0.999302,1,0,0,0,1,0,0.005871,0.999975,-0.003875,0.006786,0.999967,-0.004478,0,0,-1,0,-1,0,0.000964,-0.999995,0.003118,0.001149,-0.999992,0.003717,0,0,1,0.026796,0.999441,-0.020013,0.017253,0.999786,-0.011386,0.003091,-0.999945,0.01,-0.00749,-0.999668,0.024669,-0.998327,0.019699,-0.054362,-0.998328,0.019702,-0.054338,-0.229045,-0.320025,-0.919306,-0.229045,-0.320025,-0.919305,-0.319137,-0.25292,0.913336,-0.319138,-0.25292,0.913336,-0.71489,-0.379552,-0.587259,-0.714889,-0.379551,-0.587259,-0.421473,-0.109474,0.900209],"max":[1,1,1],"min":[-0.998328,-1,-1],"stride":3},"e_s_floatingplank-POSITION":{"data":[-62.075,7.44474,18.8666,-62.2373,0.58749,19.3632,0,5.64979,15.1908,0,0,15.1908,-60.0889,-0.579587,-20.5084,-59.9265,6.27766,-21.005,0,0,-16.8326,0,5.64979,-16.8326,70.7654,5.64979,15.1908,70.7654,0,15.1908,70.7654,5.64979,-16.8326,70.7654,0,-16.8326,-33.9539,6.43213,5.95013,-61.6812,7.23078,11.5571,-46.124,6.409,-8.34968,-51.9771,6.62697,-0.646064,-60.2417,6.449,-15.1519,-42.6094,-0.111639,-7.6944,-28.3562,-0.001761,5.77191,-48.7544,-0.003028,-1.00349,-60.3403,-0.442912,-15.8389,-62.0032,0.460291,15.0175],"max":[70.7654,7.44474,19.3632],"min":[-62.2373,-0.579587,-21.005],"stride":3},"e_s_floatingplank-UV0":{"data":[0.413602,0.418587,0.393933,0.418364,0.408453,0.50408,0.392248,0.50408,0.547309,0.421323,0.52764,0.421546,0.545646,0.50408,0.529441,0.50408,0.587268,0.557438,0.571062,0.557438,0.587268,0.601542,0.571062,0.601542,0.47637,0.601542,0.520475,0.601542,0.47637,0.50408,0.520475,0.50408,0.529441,0.601542,0.545646,0.601542,0.420039,0.601542,0.464143,0.50408,0.420039,0.50408,0.464143,0.601542,0.392248,0.601542,0.408453,0.601542,0.489097,0.457317,0.471308,0.418587,0.481375,0.41913,0.508792,0.440556,0.498182,0.432495,0.526221,0.421546,0.51816,0.421112,0.432624,0.445396,0.414976,0.421323,0.451171,0.465027,0.441839,0.436933,0.421407,0.420976,0.46989,0.418364,0.463904,0.418686,0.535642,0.420522,0.541627,0.420157,0.540943,0.400488,0.530876,0.401102,0.542858,0.400853,0.543542,0.420522,0.549973,0.42013,0.550919,0.400361,0.551055,0.593833,0.569509,0.601542,0.568184,0.555202,0.548764,0.555645,0.592168,0.524105,0.573151,0.528543,0.591609,0.548927,0.573154,0.556637,0.516743,0.417786,0.529644,0.398458,0.521181,0.398769,0.524804,0.417161,0.571919,0.530117,0.552151,0.529981,0.571804,0.54956,0.553101,0.554401],"max":[0.592168,0.601542],"min":[0.392248,0.398458],"stride":2}},"surfaces":{"wood01_default":{"numPrimitives":12,"triangles":[21,38,19,1,39,19,0,40,19,13,41,19,21,38,19,0,40,19,16,58,27,20,59,27,14,60,27,20,59,27,17,61,27,14,60,27,14,57,26,17,55,26,15,54,25,15,54,25,17,55,26,19,56,26,15,50,23,19,51,23,12,52,23,19,51,23,18,53,24,12,52,23,5,42,20,4,43,20,20,44,20,20,44,20,16,45,20,5,42,20,12,46,21,18,47,21,21,48,22,21,48,22,13,49,22,12,46,21]},"wood04_default":{"numPrimitives":28,"triangles":[8,8,6,9,9,6,10,10,6,11,11,6,10,10,6,9,9,6,19,34,17,17,31,17,18,33,17,3,19,12,11,18,11,9,21,11,11,18,11,3,19,12,6,20,13,6,20,13,3,19,12,18,33,17,18,33,17,17,31,17,6,20,13,6,20,13,17,31,17,4,32,17,20,35,17,4,32,17,17,31,17,14,27,16,15,28,16,12,24,16,8,12,7,10,13,7,2,14,8,10,13,7,7,15,9,2,14,8,2,14,8,7,15,9,12,24,16,12,24,16,7,15,9,14,27,16,14,27,16,7,15,9,5,29,16,5,29,16,16,30,16,14,27,16,2,14,15,12,24,15,0,25,15,12,24,15,13,26,15,0,25,15,4,4,3,5,5,3,6,6,4,5,5,3,7,7,5,6,6,4,10,16,10,6,6,4,7,7,5,6,6,4,10,16,10,11,17,10,18,33,18,3,19,18,1,36,18,1,36,18,21,37,18,18,33,18,2,2,1,9,22,14,8,23,14,9,22,14,2,2,1,3,3,2,1,1,0,3,3,2,2,2,1,0,0,0,1,1,0,2,2,1]}}}},"images":{"tree_01_split3_file5":"environment/textures/wood01_tile.dds","tree_01_split9_file5q":"environment/textures/wood04_tile.dds"},"materials":{"wood01_default":{"effect":"wood01_default"},"wood04_default":{"effect":"wood04_default"}},"nodes":{"e_s_floatingplank":{"geometryinstances":{"e_s_floatingplankMesh-wood01_default":{"geometry":"e_s_floatingplankMesh","material":"wood01_default","surface":"wood01_default"},"e_s_floatingplankMesh-wood04_default":{"geometry":"e_s_floatingplankMesh","material":"wood04_default","surface":"wood04_default"}},"matrix":[0.01,0,0,0,0.01,0,0,0,0.01,0,0,0]}},"version":1}
