{"effects":{"grass02_default":{"meta":{"normals":true},"parameters":{"diffuse":"tree_01_split18_file5","reflectivity":0.5,"shininess":300},"type":"phong"}},"geometries":{"e_s_patchgrassbigMesh":{"inputs":{"NORMAL":{"offset":1,"source":"e_s_patchgrassbig-Normal0"},"POSITION":{"offset":0,"source":"e_s_patchgrassbig-POSITION"},"TEXCOORD0":{"offset":0,"source":"e_s_patchgrassbig-UV0"}},"meta":{"graphics":true},"sources":{"e_s_patchgrassbig-Normal0":{"data":[0,1,0],"max":[0,1,0],"min":[0,1,0],"stride":3},"e_s_patchgrassbig-POSITION":{"data":[72.8043,0,-62.3546,40.1303,0,-82.9436,-2.4905,0,-9.75629,76.8964,0,-2.79482,-29.851,0,-94.4411,-75.3223,0,-76.4421,0.756271,0,-79.6325,-92.578,0,35.2068,-61.9707,0,50.0153,-96.8711,0,-21.3353,-20.748,0,75.5973,20.8516,0,72.8905,61.2145,0,29.6171],"max":[76.8964,0,75.5973],"min":[-96.8711,0,-94.4411],"stride":3},"e_s_patchgrassbig-UV0":{"data":[0.976452,0.188701,0.788419,0.067617,0.543144,0.498033,1,0.538973,0.38569,0,0.12401,0.105852,0.561829,0.087089,0.024707,0.762462,0.200846,0.849551,0,0.429937,0.438076,1,0.677473,0.98408,0.909755,0.729589],"max":[1,1],"min":[0,0],"stride":2}},"surfaces":{"grass02_default":{"numPrimitives":12,"triangles":[7,0,8,0,9,0,2,0,9,0,8,0,5,0,9,0,2,0,4,0,5,0,2,0,2,0,6,0,4,0,1,0,6,0,2,0,0,0,1,0,2,0,2,0,3,0,0,0,3,0,2,0,12,0,11,0,12,0,2,0,10,0,11,0,2,0,2,0,8,0,10,0]}}}},"images":{"tree_01_split18_file5":"environment/textures/grass02_tile.dds"},"materials":{"grass02_default":{"effect":"grass02_default"}},"nodes":{"e_s_patchgrassbig":{"geometryinstances":{"e_s_patchgrassbigMesh":{"geometry":"e_s_patchgrassbigMesh","material":"grass02_default","surface":"grass02_default"}},"matrix":[0.01,0,0,0,0.01,0,0,0,0.01,0,0,0]}},"version":1}
