{"effects":{"monstercolour_default":{"meta":{"normals":true},"parameters":{"diffuse":"monsterscolour_1","reflectivity":0.5,"shininess":1.73205},"type":"phong"}},"geometries":{"e_s_cloudsmallMesh":{"inputs":{"NORMAL":{"offset":2,"source":"e_s_cloudsmall-Normal0"},"POSITION":{"offset":0,"source":"e_s_cloudsmall-POSITION"},"TEXCOORD0":{"offset":1,"source":"e_s_cloudsmall-UV0"}},"meta":{"graphics":true},"sources":{"e_s_cloudsmall-Normal0":{"data":[-0.696855,-0.2391,-0.676183,-0.696855,-0.2391,-0.676184,-0.243924,-0.965561,0.090512,-0.219027,-0.974903,0.039902,-0.128382,-0.991721,-0.002749,-0.316257,-0.948584,0.013047,0.776901,-0.495669,0.388249,0.554526,-0.819761,0.143155,0.57446,-0.719994,0.389366,0.635454,0.186589,-0.749255,0.758669,0.163854,-0.630534,0.697495,0.510143,-0.503245,0.563919,0.528717,-0.634392,-0.762257,0.531245,-0.369788,-0.829036,-0.07603,0.554003,-0.864706,-0.018594,0.501935,-0.85301,-0.141935,0.502224,-0.83928,-0.136661,0.526244,0.657373,0.451747,0.603147,0.256,0.96349,-0.078423,0.370098,0.9197,-0.131072,0.127053,-0.948705,-0.289512,0.166667,-0.967771,-0.188789,-0.082959,-0.982838,-0.164762,0.157896,-0.973596,-0.16486,0.231572,-0.945308,-0.229711,0.334376,-0.899776,-0.280351,-0.365858,0.872877,0.322854,-0.226168,0.930984,0.28656,0.123416,0.948082,-0.293103,-0.265944,0.862221,0.431102,-0.145484,0.924299,0.352854,-0.397468,0.813551,0.424445,-0.085381,0.899668,0.428145,0.32524,0.918728,-0.223958,0.107734,-0.987781,0.112613,0.064623,-0.947929,0.311857,-0.312429,-0.944407,0.102393,-0.163587,-0.980974,-0.104539,-0.29496,-0.236786,0.925706,-0.435847,-0.361816,0.824091,-0.255363,-0.201837,0.945543,0.613389,0.523605,-0.591263,0.706183,0.13118,-0.695772,0.5963,0.140456,-0.790378,0.308073,0.832926,-0.459702,0.345979,-0.891292,-0.293082,-0.559659,-0.826063,-0.066344,-0.926817,0.127996,0.353026,-0.952885,-0.188678,0.237508,0.078085,0.089843,0.99289,-0.233837,0.793951,0.561215],"max":[0.776901,0.96349,0.99289],"min":[-0.952885,-0.991721,-0.790378],"stride":3},"e_s_cloudsmall-POSITION":{"data":[-106.869,52.1025,-252.08,-75.1627,-35.1615,-249.69,-156.858,-69.2513,-157.651,-240.702,-13.7645,-86.6558,-223.766,-34.3199,-28.1694,-152.827,-70.6719,-119.377,0.199909,-76.7285,8.59213,-94.6327,-54.1415,135.889,221.811,-44.1553,36.33,237.773,23.6896,67.0628,140.674,-82.2883,126.063,111.121,-47.8851,253.065,72.5835,-38.2491,-88.4618,67.5031,30.5866,-75.928,-124.393,96.6103,-167.841,-216.383,44.4403,-37.3415,-201.06,15.1635,6.92949,-100.249,14.7194,147.959,91.2664,6.15177,239.877,184.311,61.9312,91.0442,29.5128,83.5942,-25.6209,3.45564,-69.1351,-103.859,22.2563,-73.3139,-44.8488,62.4878,-37.014,-140.146,-60.6825,97.2209,-13.9674,-34.0315,85.9191,37.2758,11.4579,106.4,-74.4007,71.9308,-106.241,160.393,47.3307,-71.3127,250.342,-74.2164,-75.0086,181.121,-11.0529,-102.957,90.9981,28.4599,-24.7857,257.475,-84.6762,-19.7244,203.175,60.8801,47.682,-132.331],"max":[237.773,106.4,257.475],"min":[-240.702,-106.241,-252.08],"stride":3},"e_s_cloudsmall-UV0":{"data":[0.122389,0.132583,0.118508,0.134051,0.118707,0.13713,0.122456,0.138229,0.133308,0.1441,0.135196,0.146149,0.139914,0.141599,0.137087,0.13831,0.126109,0.139025,0.129179,0.139025,0.126109,0.135955,0.129179,0.132634,0.126109,0.143462,0.129179,0.144108,0.125321,0.134471,0.125263,0.138973,0.124405,0.140825,0.122109,0.140396,0.122109,0.146187,0.125179,0.145523,0.131455,0.133906,0.131455,0.139025,0.132249,0.143462,0.138149,0.150446,0.14017,0.145177,0.135106,0.147367,0.140685,0.143229,0.144245,0.137423,0.147315,0.140493,0.142438,0.146579,0.139703,0.12297,0.145246,0.123426,0.143304,0.118468,0.142943,0.129521,0.145932,0.125265,0.139827,0.124822,0.152562,0.128001,0.148876,0.13312,0.147679,0.12166,0.141764,0.136234,0.141333,0.134051,0.137469,0.136536,0.139206,0.138701,0.123754,0.149917,0.124223,0.147791,0.121577,0.147961,0.121577,0.150446,0.129326,0.146126,0.125667,0.145111,0.125578,0.148978,0.129459,0.150446,0.132392,0.148558,0.132807,0.145366,0.142714,0.14493,0.147961,0.123564,0.133041,0.146268,0.143628,0.134102,0.137131,0.131737,0.137198,0.133914,0.139493,0.133381,0.139493,0.131105,0.146513,0.133914,0.143008,0.131788],"max":[0.152562,0.150446],"min":[0.118508,0.118468],"stride":2}},"surfaces":{"monstercolour_default":{"numPrimitives":64,"triangles":[8,8,6,9,9,6,10,10,7,9,9,6,11,11,8,10,10,7,7,18,16,29,45,49,32,44,49,32,44,49,17,19,17,7,18,16,7,18,16,17,19,17,16,16,14,16,16,14,4,17,15,7,18,16,16,16,14,15,15,48,4,17,15,4,17,15,15,15,48,3,3,48,0,0,0,1,1,0,2,2,0,2,2,0,3,3,1,0,0,0,31,57,39,28,58,41,11,59,50,11,59,50,18,60,50,31,57,39,31,43,39,32,44,40,29,45,40,29,45,40,28,46,41,31,43,39,18,20,18,11,11,18,9,9,18,9,9,18,19,21,18,18,20,18,14,14,13,0,0,13,3,3,13,3,3,13,15,15,13,14,14,13,1,49,44,0,50,44,33,47,42,33,47,42,23,48,43,1,49,44,23,48,43,33,47,42,13,13,11,13,13,11,12,12,10,23,48,43,8,8,9,12,12,10,13,13,11,13,13,11,9,9,12,8,8,9,19,21,19,9,9,12,13,13,11,13,13,11,20,22,20,19,21,19,26,52,34,20,22,20,13,13,11,13,13,11,33,47,42,26,52,34,14,51,29,26,52,34,33,47,42,33,47,42,0,50,45,14,51,29,6,6,4,7,7,5,4,4,2,6,6,4,30,42,38,7,7,5,30,42,38,29,41,37,7,7,5,29,41,37,30,42,38,27,39,35,27,39,35,28,40,36,29,41,37,11,56,8,28,40,36,27,39,35,27,39,35,10,27,7,11,56,8,10,27,7,27,39,35,30,42,38,30,42,38,6,6,4,10,27,7,6,6,4,22,26,24,10,27,7,6,6,4,5,5,3,22,26,24,21,24,22,22,26,24,5,5,3,10,27,7,22,26,24,8,28,25,12,53,46,8,28,25,22,26,24,22,26,24,21,24,22,12,53,46,12,53,46,21,24,22,23,29,26,23,29,26,21,24,22,1,23,21,1,23,21,21,24,22,2,25,23,5,5,3,2,25,23,21,24,22,2,25,23,5,5,3,3,55,47,4,4,2,3,55,47,5,5,3,4,4,2,5,5,3,6,6,4,19,36,19,25,34,31,18,37,33,20,54,20,25,34,31,19,36,19,24,31,28,25,34,31,20,54,20,20,54,20,26,38,34,24,31,28,26,38,34,14,32,29,24,31,28,15,30,27,24,31,28,14,32,29,24,31,28,15,30,27,16,35,32,25,34,31,24,31,28,16,35,32,17,33,30,25,34,31,16,35,32,17,33,30,18,37,33,25,34,31,31,61,51,18,37,33,17,33,30,17,33,30,32,62,51,31,61,51]}}}},"images":{"monsterscolour_1":"characters/textures/monsterscolour.dds"},"materials":{"monstercolour_default":{"effect":"monstercolour_default"}},"nodes":{"e_s_cloudsmall":{"geometryinstances":{"e_s_cloudsmallMesh":{"geometry":"e_s_cloudsmallMesh","material":"monstercolour_default","surface":"monstercolour_default"}},"matrix":[0.01,0,0,0,0.01,0,0,0,0.01,0,0,0]}},"version":1}
