{"effects":{"grass01_default":{"meta":{"normals":true},"parameters":{"diffuse":"tree_01_split13_file5","reflectivity":0.5,"shininess":300},"type":"phong"},"monstercolour_default":{"meta":{"normals":true},"parameters":{"diffuse":"monsterscolour_1","reflectivity":0.5,"shininess":1.73205},"type":"phong"},"sand01_default":{"meta":{"normals":true},"parameters":{"diffuse":"tree_01_split17_file5","reflectivity":0.5,"shininess":300},"type":"phong"},"water02_matt_alphatest_uvtransform_noshadows":{"meta":{"transparent":true},"parameters":{"diffuse":"rockprop_01_b_file6"},"type":"blend"}},"geometries":{"e_s_riverend01Mesh":{"inputs":{"NORMAL":{"offset":2,"source":"e_s_riverend01-Normal0"},"POSITION":{"offset":0,"source":"e_s_riverend01-POSITION"},"TEXCOORD0":{"offset":1,"source":"e_s_riverend01-UV0"}},"meta":{"graphics":true},"sources":{"e_s_riverend01-Normal0":{"data":[0.013164,0.999913,0.000551,0,1,0,0.376058,0.921922,-0.092951,0.434596,0.792313,-0.428214,0.376324,0.922577,-0.085041,0.372517,0.913244,0.164976,0.325549,0.763358,0.557946],"max":[0.434596,1,0.557946],"min":[0,0.763358,-0.428214],"stride":3},"e_s_riverend01-POSITION":{"data":[-412.081,-4.88809,326.662,-340.992,-4.88809,380.35,-272.415,-4.88809,158.711,-500,-1.685,-56.8281,-500,-1.685,246.477,-372.91,-4.88809,500.001,-346.851,-4.88809,-198.088,-380.644,-4.88809,-121.783,500,-4.88809,-499.999,55.668,-4.88809,-499.999,-89.6523,-4.88809,-341.522,500,-4.88809,500.001,-500,0,-58.8291,-392.627,0,-121.783,-358.834,0,-198.088,-433.458,0,-499.999,-500,0,-499.999,-424.064,0,326.662,-500,0,500.001,-384.894,0,500.001,-500,0,246.477,-421.475,-4.88809,-499.999],"max":[500,0,500.001],"min":[-500,-4.88809,-499.999],"stride":3},"e_s_riverend01-UV0":{"data":[0.556642,0.362462,0.559022,0.364259,0.561317,0.35684,0.553698,0.349557,0.553698,0.359812,0.557953,0.368265,0.558825,0.344895,0.557694,0.347449,0.587176,0.334787,0.565396,0.334787,0.563752,0.338982,0.587176,0.368265,0,0.44117,0.107374,0.378216,0.141167,0.301911,0.113942,0,0,0,0.075936,0.826661,0,1,0.115107,1,0,0.747492,1.1806,-0.682781,1.23822,-0.315731,1.54962,-0.313763,0.809088,-0.446218,0.667339,1.15479,0.671529,1.15479,0.66201,1.04923,0.65782,1.04923,0.500779,0.093935,0.470039,0.066254,0.496589,0.093935,0.510285,0.154542,0.514475,0.154542,0.655524,1.18147,0.659714,1.18147,0.617981,1.20348],"max":[1.54962,1.20348],"min":[0,-0.682781],"stride":2}},"surfaces":{"grass01_default":{"numPrimitives":5,"triangles":[18,18,1,17,17,1,20,20,1,17,17,1,18,18,1,19,19,1,12,12,1,13,13,1,14,14,1,16,16,1,12,12,1,14,14,1,14,14,1,15,15,1,16,16,1]},"monstercolour_default":{"numPrimitives":12,"triangles":[6,6,1,2,2,1,10,10,1,8,8,1,9,9,1,10,10,1,10,10,1,11,11,1,8,8,1,11,11,1,10,10,1,2,2,1,11,11,1,2,2,1,1,1,1,1,1,1,5,5,1,11,11,1,5,5,0,1,1,0,0,0,0,0,0,0,1,1,0,2,2,0,4,4,0,0,0,0,2,2,0,3,3,0,4,4,0,2,2,0,2,2,0,7,7,0,3,3,0,2,2,0,6,6,0,7,7,0]},"sand01_default":{"numPrimitives":12,"triangles":[10,22,1,21,21,1,6,24,1,21,21,1,10,22,1,9,23,1,7,35,6,13,34,6,3,36,6,13,34,6,12,36,6,3,36,6,14,25,2,6,26,2,21,27,2,21,27,2,15,28,2,14,25,2,0,29,3,4,30,3,20,30,3,20,30,3,17,31,3,0,29,3,19,32,4,5,33,4,0,29,4,0,29,4,17,31,4,19,32,4,14,25,5,13,34,5,7,35,5,7,35,5,6,26,5,14,25,5]}}},"e_s_riverend01rippleMesh":{"inputs":{"NORMAL":{"offset":0,"source":"e_s_riverend01ripple-Normal0"},"POSITION":{"offset":0,"source":"e_s_riverend01ripple-POSITION"},"TEXCOORD0":{"offset":0,"source":"e_s_riverend01ripple-UV0"}},"meta":{"graphics":true},"sources":{"e_s_riverend01ripple-Normal0":{"data":[-0.018327,0.999803,0.007591,-0.006933,0.999972,0.002872,-0.007504,0.999972,0,-0.019837,0.999803,0,-0.005306,0.999972,0.005306,-0.014027,0.999803,0.014027,-0.007591,0.999803,0.018327,-0.002872,0.999972,0.006933,-0.001493,0.999971,0.007504,-0.003946,0.999795,0.019837,-0.002872,0.999972,-0.006933,-0.003946,0.999795,-0.019837,-0.007591,0.999803,-0.018327,-0.001493,0.999971,-0.007504,-0.005306,0.999972,-0.005306,-0.014027,0.999803,-0.014027,-0.018327,0.999803,-0.007591,-0.006933,0.999972,-0.002872,0.006639,0.999421,0.033379,0.039496,0.979292,0.198564,0.076044,0.980058,0.183587,0.012774,0.999443,0.030839,0.140509,0.980058,0.140511,0.023603,0.999443,0.023603,0.183588,0.980058,0.076044,0.030839,0.999443,0.012774,0.033379,0.999443,0,0.198713,0.980058,0,0.18359,0.980057,-0.076044,0.030839,0.999443,-0.012774,0.140514,0.980057,-0.140514,0.023603,0.999443,-0.023603,0.076043,0.980058,-0.183586,0.012774,0.999443,-0.030839,0.039495,0.979294,-0.198552,0.00664,0.999421,-0.033379],"max":[0.198713,0.999972,0.198564],"min":[-0.019837,0.979292,-0.198552],"stride":3},"e_s_riverend01ripple-POSITION":{"data":[-279.35,-4.96317,23.9274,-387.741,-5.84359,68.8259,-382.543,-5.84359,94.9531,-265.222,-4.96317,94.9531,-402.54,-5.84359,46.6758,-319.582,-4.96317,-36.2837,-379.794,-4.96317,-76.5155,-424.691,-5.84359,31.8758,-450.818,-5.84359,26.6768,-450.818,-4.96317,-90.6441,-424.691,-5.84359,158.03,-450.818,-4.96317,280.548,-379.794,-4.96317,266.422,-450.818,-5.84359,163.228,-402.54,-5.84359,143.23,-319.582,-4.96317,226.19,-279.35,-4.96317,165.977,-387.741,-5.84359,121.08,-450.818,-2.97255,348.041,-450.818,-6.2982,364.442,-347.689,-6.2982,343.929,-353.966,-2.97255,328.775,-260.26,-6.2982,285.511,-271.858,-2.97255,273.912,-201.842,-6.2982,198.081,-216.996,-2.97255,191.805,-197.73,-2.97255,94.9531,-181.328,-6.2982,94.9531,-201.842,-6.2982,-8.17709,-216.996,-2.97255,-1.90105,-260.26,-6.2982,-95.6046,-271.858,-2.97255,-84.0074,-347.689,-6.2982,-154.023,-353.966,-2.97255,-138.869,-450.818,-6.2982,-174.538,-450.818,-2.97255,-158.135],"max":[-181.328,-2.97255,364.442],"min":[-450.818,-6.2982,-174.538],"stride":3},"e_s_riverend01ripple-UV0":{"data":[4.32515,0.09232,4.32515,0.570026,4.15738,0.570026,4.15738,0.09232,4.49293,0.570026,4.49293,0.09232,4.6607,0.09232,4.6607,0.570026,4.82847,0.570026,4.82847,0.09232,3.65406,0.570026,3.48629,0.09232,3.65406,0.09232,3.48629,0.570026,3.82183,0.570026,3.82183,0.09232,3.98961,0.09232,3.98961,0.570026,3.48629,-0.426056,3.48629,-0.867494,3.65406,-0.867494,3.65406,-0.426056,3.82183,-0.867494,3.82183,-0.426056,3.98961,-0.867494,3.98961,-0.426056,4.15738,-0.426056,4.15738,-0.867494,4.32515,-0.867494,4.32515,-0.426056,4.49293,-0.867494,4.49293,-0.426056,4.6607,-0.867494,4.6607,-0.426056,4.82847,-0.867494,4.82847,-0.426056],"max":[4.82847,0.570026],"min":[3.48629,-0.867494],"stride":2}},"surfaces":{"water02_matt_alphatest_uvtransform_noshadows":{"numPrimitives":48,"triangles":[34,35,32,29,28,30,30,31,29,31,30,32,32,33,31,33,32,35,33,35,9,6,33,9,6,9,8,6,8,7,6,7,4,5,31,33,33,6,5,4,5,6,4,0,5,31,5,0,0,29,31,29,0,26,0,3,26,26,3,16,16,3,2,2,17,16,16,17,14,4,1,0,0,1,2,2,3,0,21,12,18,12,21,15,15,21,23,23,16,15,23,25,16,16,25,26,26,25,24,24,27,26,26,27,28,28,29,26,18,19,20,20,21,18,21,20,22,22,23,21,23,22,24,24,25,23,12,11,18,14,15,16,14,12,15,12,14,10,10,11,12,10,13,11]}}}},"images":{"monsterscolour_1":"characters/textures/monsterscolour.dds","rockprop_01_b_file6":"environment/textures/wateredge_dif.dds","tree_01_split13_file5":"environment/textures/grass01_tile.dds","tree_01_split17_file5":"environment/textures/sand01_tile.dds"},"materials":{"grass01_default":{"effect":"grass01_default"},"monstercolour_default":{"effect":"monstercolour_default"},"sand01_default":{"effect":"sand01_default"},"water02_matt_alphatest_uvtransform_noshadows":{"effect":"water02_matt_alphatest_uvtransform_noshadows"}},"nodes":{"group12":{"matrix":[0.01,0,0,0,0.01,0,0,0,0.01,0,0,0],"nodes":{"e_s_riverend01":{"geometryinstances":{"e_s_riverend01Mesh-grass01_default":{"geometry":"e_s_riverend01Mesh","material":"grass01_default","surface":"grass01_default"},"e_s_riverend01Mesh-monstercolour_default":{"geometry":"e_s_riverend01Mesh","material":"monstercolour_default","surface":"monstercolour_default"},"e_s_riverend01Mesh-sand01_default":{"geometry":"e_s_riverend01Mesh","material":"sand01_default","surface":"sand01_default"}}},"e_s_riverend01ripple":{"geometryinstances":{"e_s_riverend01rippleMesh":{"geometry":"e_s_riverend01rippleMesh",