{"effects":{"grass03_default":{"meta":{"normals":true},"parameters":{"diffuse":"tree_01_split22_file5","reflectivity":0.5,"shininess":300},"type":"phong"}},"geometries":{"e_s_grassblade02Mesh":{"inputs":{"NORMAL":{"offset":2,"source":"e_s_grassblade02-Normal0"},"POSITION":{"offset":0,"source":"e_s_grassblade02-POSITION"},"TEXCOORD0":{"offset":1,"source":"e_s_grassblade02-UV0"}},"meta":{"graphics":true},"sources":{"e_s_grassblade02-Normal0":{"data":[0.230648,0.273675,-0.933758,0.181493,0.387683,-0.903749,0.16793,0.416923,-0.893294,0.923916,0.266648,0.27437,0.9504,0.174815,0.257253,0.9048,0.318176,0.28302,0.032834,0.5615,-0.826825,-0.041785,0.604784,-0.795292,0.834461,0.428807,0.346121,0.75694,0.497758,0.423412,-0.285838,0.688022,-0.667024,-0.325792,0.689881,-0.64647,0.621327,0.55215,0.555952,0.566961,0.547471,0.615492,-0.537373,0.674128,-0.506736,0.406121,0.517978,0.752838,-0.852626,0.498528,-0.156521,-0.829833,0.537677,-0.149267,-0.973405,0.09995,-0.206136,0.139779,-0.010147,-0.990131,0.155715,-0.170079,-0.97305,0.136075,0.022554,-0.990442,-0.605738,0.795194,-0.027365,-0.576994,0.816745,-0.002471,0.202669,0.148837,-0.96787,0.348951,0.222526,-0.910338,-0.124148,0.941705,0.312697,-0.112401,0.9408,0.319782,0.565284,0.263832,-0.781567,0.609642,0.248246,-0.752802,0.119465,0.887569,0.444915,0.71248,0.20594,-0.670791,0.404701,0.20839,0.890388,0.451955,0.268633,0.850631,0.546292,0.397376,0.737331,-0.726145,0.220515,0.651219,-0.7202,0.12719,0.682008,-0.711488,0.435515,0.551463,0.747273,0.535266,0.393794,0.844499,0.501635,0.187574,-0.721418,0.656662,0.219891,-0.74554,0.664332,-0.053232,0.902404,0.423269,-0.08068,-0.693488,0.600168,-0.398589],"max":[0.9504,0.941705,0.890388],"min":[-0.973405,-0.170079,-0.990442],"stride":3},"e_s_grassblade02-POSITION":{"data":[1.75009,0.747478,-0.016808,-2.74133,3.45042,-0.33403,0.627808,5.06605,1.01475,-1.94711,0.118174,-1.07146,0.439087,3.03085,3.27494,1.11383,0.025578,2.6444,-4.53363,8.85853,2.46101,-3.04669,10.6612,3.82658,-2.22101,8.78861,4.73037,-8.6377,11.64,6.33582,-7.84647,13.1792,7.54439,-6.98993,11.7284,8.08052,-13.2081,11.7952,11.389,2.86029,3.5163,0.242386,3.66571,3.48562,-3.45184,3.26337,0.625665,-3.06259,2.58707,1.33259,0.597725,5.24643,2.43085,-3.06078,5.02203,0.474793,-2.70853,7.0683,7.33616,0.139542,7.92746,8.0763,-2.09305,7.88861,6.71617,-2.55584,11.0658,8.44665,-0.08918,10.2112,7.8062,1.41794,10.8978,7.42044,-0.58271,15.1018,6.11362,3.48133,0,0,0,2.37592,10.1766,-3.46169,0.194519,12.6477,-3.22452,4.07858,-0.167408,-1.99061,-1.6694,10.2597,-3.67626,-1.86658,-0.223405,-3.00065,2.46631,15.5033,-8.68897,1.33301,17.725,-9.70918,-0.433319,16.0893,-9.0989,2.58304,13.4057,-18.3877],"max":[15.1018,17.725,11.389],"min":[-13.2081,-0.223405,-18.3877],"stride":3},"e_s_grassblade02-UV0":{"data":[0.771822,0.428608,0.779369,0.32521,0.739645,0.386164,0.819884,0.345092,0.690935,0.415999,0.696997,0.456037,0.682276,0.266021,0.663886,0.292903,0.648378,0.309225,0.623308,0.218595,0.60457,0.22981,0.594477,0.239697,0.549278,0.177744,0.53734,0.46795,0.547247,0.430916,0.63287,0.409325,0.628092,0.467398,0.539314,0.383252,0.58356,0.366382,0.329907,0.42499,0.344213,0.409497,0.358812,0.373347,0.27057,0.328733,0.251331,0.341908,0.27709,0.304957,0.155778,0.097665],"max":[0.819884,0.46795],"min":[0.155778,0.097665],"stride":2}},"surfaces":{"grass03_default":{"numPrimitives":38,"triangles":[29,1,32,27,6,33,26,2,32,26,2,32,27,6,33,28,7,34,32,9,38,28,7,34,27,6,33,32,9,38,33,10,39,28,7,34,32,9,38,35,12,42,33,10,39,30,8,35,31,4,36,26,2,36,26,2,36,28,7,37,30,8,35,34,11,40,30,8,35,28,7,37,28,7,37,33,10,41,34,11,40,33,10,41,35,12,43,34,11,40,17,17,19,18,18,20,15,15,20,15,15,20,14,14,21,17,17,19,21,21,24,17,17,19,14,14,21,14,14,21,20,20,25,21,21,24,24,24,28,21,21,24,20,20,25,20,20,25,22,22,29,24,24,28,22,22,29,25,25,31,24,24,28,23,23,27,25,25,30,22,22,26,19,19,22,23,23,27,22,22,26,22,22,26,20,20,23,19,19,22,19,19,22,20,20,23,14,14,17,14,14,17,13,13,16,19,19,22,13,13,16,14,14,17,15,15,18,15,15,18,16,16,18,13,13,16,4,4,3,5,5,4,0,0,4,0,0,4,2,2,5,4,4,3,8,8,8,4,4,3,2,2,5,2,2,5,7,7,9,8,8,8,11,11,12,8,8,8,7,7,9,7,7,9,10,10,13,11,11,12,10,10,13,12,12,15,11,11,12,3,3,0,1,1,1,0,0,0,0,0,0,1,1,1,2,2,2,6,6,6,2,2,2,1,1,1,2,2,2,6,6,6,7,7,7,10,10,11,7,7,7,6,6,6,6,6,6,9,9,10,10,10,11,9,9,10,12,12,14,10,10,11]}}}},"images":{"tree_01_split22_file5":"environment/textures/grass03_tile.dds"},"materials":{"grass03_default":{"effect":"grass03_default"}},"nodes":{"e_s_grassblade02":{"geometryinstances":{"e_s_grassblade02Mesh":{"geometry":"e_s_grassblade02Mesh","material":"grass03_default","surface":"grass03_default"}},"matrix":[0.01,0,0,0,0.01,0,0,0,0.01,0,0,0]}},"version":1}
