{"effects":{"sand01_default":{"meta":{"normals":true},"parameters":{"diffuse":"tree_01_split17_file5","reflectivity":0.5,"shininess":300},"type":"phong"},"sand01_shiny":{"meta":{"normals":true},"parameters":{"diffuse":"tree_01_split23_pasted__file5q","reflectivity":0.5,"shininess":6.31179},"type":"phong"}},"geometries":{"e_s_sandpatchsmallMesh":{"inputs":{"NORMAL":{"offset":2,"source":"e_s_sandpatchsmall-Normal0"},"POSITION":{"offset":0,"source":"e_s_sandpatchsmall-POSITION"},"TEXCOORD0":{"offset":1,"source":"e_s_sandpatchsmall-UV0"}},"meta":{"graphics":true},"sources":{"e_s_sandpatchsmall-Normal0":{"data":[-0.815508,0.186851,-0.547754,-0.653152,0.656932,-0.376607,-0.299492,0.736612,-0.606389,-0.444702,0.189344,-0.875437,-0.047488,0.749363,0.660454,-0.130074,0.259785,0.956866,0.095226,0.28115,0.954928,0.167248,0.771678,0.613629,0.639125,0.732276,0.23514,0.851131,0.432763,0.297138,0.697007,0.295056,-0.653546,0.542064,0.753608,-0.371809,0.545782,0.210553,-0.811042,0.402505,0.737745,-0.54196,-0.98127,0.182276,0.062327,-0.783375,0.620576,0.034773,0.602618,0.385372,0.698813,0.478948,0.709707,0.516647,-0.877025,0.162322,0.452193,-0.704317,0.60997,0.363145,0.055672,0.99844,-0.004298,0.051561,0.998633,0.008608,0.046297,0.998896,0.007944,0.047602,0.998864,0.002057,0.046456,0.998618,0.02459,0.047827,0.998774,0.012776,0.048676,0.9988,0.005431,0.043222,0.999034,0.007974,0.035525,0.999302,0.01156,-0.455052,0,-0.890465,-0.154213,0,0.988038,0.081895,0,0.996641,0.994293,0,-0.106685,0.548805,0,-0.835951,-0.99827,0,0.058791,-0.955511,0,-0.294956,0.639708,0,0.768618,0.706374,0,0.707839,-0.888813,0,0.458271],"max":[0.994293,0.999302,0.996641],"min":[-0.99827,0,-0.890465],"stride":3},"e_s_sandpatchsmall-POSITION":{"data":[-10.3531,1.36949,-12.5305,-10.0853,1.86877,-12.2064,-1.553,1.62489,-16.5666,-1.59424,1.36949,-17.0065,-8.47459,1.86877,15.1434,-8.69964,1.36949,15.5455,0.303841,0.832096,16.9508,0.295982,1.08749,16.5123,14.4538,0.731824,4.2092,14.8377,0.36092,4.32098,13.6211,0.36092,-7.01762,13.2687,0.731824,-6.83608,-15.155,1.36949,3.02533,-14.763,1.86877,2.94707,6.66988,0.36092,12.4719,6.49734,0.731824,12.1492,-2.4294,1.4635,-0.700349,-10.3531,-0.000903,-12.5305,-1.59424,-0.000903,-17.0065,-8.69964,-0.000903,15.5455,0.303841,-0.000903,16.9508,14.8377,-0.000903,4.32098,13.6211,-0.000903,-7.01762,-15.155,-0.000903,3.02533,6.66988,-0.000903,12.4719],"max":[14.8377,1.86877,16.9508],"min":[-15.155,-0.000903,-17.0065],"stride":3},"e_s_sandpatchsmall-UV0":{"data":[0,0,0,1,1,1,1,0,1,0.527841,0.75,0.527841,0.75,1,1,0.055681,0.75,0.055681,0,0.055681,0,0.527841],"max":[1,1],"min":[0,0],"stride":2}},"surfaces":{"sand01_default":{"numPrimitives":24,"triangles":[17,0,29,0,1,0,18,3,29,0,1,0,3,2,3,18,3,29,6,2,6,20,3,31,14,1,16,20,3,31,24,0,36,14,1,16,19,0,38,5,1,18,23,3,34,12,2,14,23,3,34,5,1,18,14,2,16,24,3,36,9,1,9,24,3,36,21,0,37,9,1,9,23,0,34,12,1,14,17,3,35,0,2,0,17,3,35,12,1,14,5,2,5,19,3,30,6,1,6,19,3,30,20,0,31,6,1,6,7,4,21,15,7,24,16,5,22,8,8,25,16,5,22,15,7,24,16,5,22,8,8,25,11,9,26,11,9,26,2,10,27,16,5,22,2,10,27,1,1,28,16,5,22,1,1,28,13,6,23,16,5,22,16,5,22,13,6,23,4,2,20,4,2,20,7,4,21,16,5,22,10,2,10,22,3,33,18,0,33,18,0,33,3,1,12,10,2,10,10,1,10,9,2,9,21,3,32,21,3,32,22,0,32,10,1,10]},"sand01_shiny":{"numPrimitives":16,"triangles":[0,0,0,1,1,1,2,2,2,2,2,2,3,3,3,0,0,0,5,0,18,4,1,19,12,3,14,13,2,15,12,3,14,4,1,19,9,0,9,8,1,8,14,3,16,15,2,17,14,3,16,8,1,8,3,0,12,2,1,13,10,3,10,2,1,13,11,2,11,10,3,10,4,2,4,5,3,5,6,0,6,6,0,6,7,1,7,4,2,4,8,2,8,9,3,9,10,0,10,10,0,10,11,1,11,8,2,8,1,2,1,0,3,0,12,0,14,12,0,14,13,1,15,1,2,1,7,2,7,6,3,6,14,0,16,14,0,16,15,1,17,7,2,7]}}}},"images":{"tree_01_split17_file5":"environment/textures/sand01_tile.dds","tree_01_split23_pasted__file5q":"environment/textures/sand01_tile.dds"},"materials":{"sand01_default":{"effect":"sand01_default"},"sand01_shiny":{"effect":"sand01_shiny"}},"nodes":{"e_s_sandpatchsmall":{"geometryinstances":{"e_s_sandpatchsmallMesh-sand01_default":{"geometry":"e_s_sandpatchsmallMesh","material":"sand01_default","surface":"sand01_default"},"e_s_sandpatchsmallMesh-sand01_shiny":{"geometry":"e_s_sandpatchsmallMesh","material":"sand01_shiny","surface":"sand01_shiny"}},"matrix":[0.01,0,0,0,0.01,0,0,0,0.01,0,0,0]}},"version":1}
