{"effects":{"brownpatch_default_noshadows":{"meta":{"normals":true},"parameters":{"diffuse":"file7","reflectivity":0.5,"shininess":6.31179},"type":"phong"}},"geometries":{"e_s_patchbrownsmallMesh":{"inputs":{"NORMAL":{"offset":1,"source":"e_s_patchbrownsmall-Normal0"},"POSITION":{"offset":0,"source":"e_s_patchbrownsmall-POSITION"},"TEXCOORD0":{"offset":0,"source":"e_s_patchbrownsmall-UV0"}},"meta":{"graphics":true},"sources":{"e_s_patchbrownsmall-Normal0":{"data":[0,1,0],"max":[0,1,0],"min":[0,1,0],"stride":3},"e_s_patchbrownsmall-POSITION":{"data":[-13.7298,0.134329,38.4163,7.43502,0.134329,41.2604,0,0.134329,0,-29.4782,0.134329,9.40329,22.1274,0.134329,30.4493,40.8585,0.134329,10.9453,37.4433,0.134329,-15.5601,1.29676,0.134329,-38.2062,-19.0021,0.134329,-27.2828],"max":[40.8585,0.134329,41.2604],"min":[-29.4782,0.134329,-38.2062],"stride":3},"e_s_patchbrownsmall-UV0":{"data":[0.2239,0.96421,0.524808,1,0.419101,0.480783,0,0.599113,0.733694,0.863955,1,0.618518,0.951446,0.284976,0.437538,0,0.148942,0.137459],"max":[1,1],"min":[0,0],"stride":2}},"surfaces":{"brownpatch_default_noshadows":{"numPrimitives":8,"triangles":[0,0,1,0,2,0,1,0,4,0,2,0,5,0,2,0,4,0,2,0,5,0,6,0,6,0,7,0,2,0,7,0,8,0,2,0,8,0,3,0,2,0,2,0,3,0,0,0]}}}},"images":{"file7":"environment/textures/cliffrock01_tile.dds"},"materials":{"brownpatch_default_noshadows":{"effect":"brownpatch_default_noshadows"}},"nodes":{"e_s_patchbrownsmall":{"geometryinstances":{"e_s_patchbrownsmallMesh":{"geometry":"e_s_patchbrownsmallMesh","material":"brownpatch_default_noshadows","surface":"brownpatch_default_noshadows"}},"matrix":[0.01,0,0,0,0.01,0,0,0,0.01,-0.056901,-0.001343,-0.015271]}},"version":1}
