{"effects":{"grass01_default":{"meta":{"normals":true},"parameters":{"diffuse":"tree_01_split13_file5","reflectivity":0.5,"shininess":300},"type":"phong"},"monstercolour_default":{"meta":{"normals":true},"parameters":{"diffuse":"monsterscolour_1","reflectivity":0.5,"shininess":1.73205},"type":"phong"},"sand01_default":{"meta":{"normals":true},"parameters":{"diffuse":"tree_01_split17_file5","reflectivity":0.5,"shininess":300},"type":"phong"}},"geometries":{"e_s_seashore10by10_01Mesh":{"inputs":{"NORMAL":{"offset":2,"source":"e_s_seashore10by10_01-Normal0"},"POSITION":{"offset":0,"source":"e_s_seashore10by10_01-POSITION"},"TEXCOORD0":{"offset":1,"source":"e_s_seashore10by10_01-UV0"}},"meta":{"graphics":true},"sources":{"e_s_seashore10by10_01-Normal0":{"data":[0,1,0,0.374128,0.91723,-0.136812,0.376529,0.923078,-0.078441,0.375995,0.92177,0.094696,0.376146,0.92214,0.0904],"max":[0.376529,1,0.094696],"min":[0,0.91723,-0.136812],"stride":3},"e_s_seashore10by10_01-POSITION":{"data":[185.527,-4.88809,45.4824,500,-4.88809,500,500,-4.88809,-500,149.746,-4.88809,351.425,121.691,-4.88809,-335.341,142.936,-4.88809,500,55.668,-4.88809,-500,-500,0,500,-386.058,0,500,-371.823,0,440.772,-500,0,-500,-349.264,0,-269.765,-278.464,0,70.084,-433.457,0,-500,-359.84,-4.88809,440.772,-374.074,-4.88809,500,-266.48,-4.88809,70.084,-421.473,-4.88809,-500,-337.28,-4.88809,-269.765],"max":[500,0,500],"min":[-500,-4.88809,-500],"stride":3},"e_s_seashore10by10_01-UV0":{"data":[0.566822,4.31957,0.587176,4.33479,0.587176,4.30131,0.565624,4.32981,0.566561,4.30682,0.565396,4.33479,0.565456,4.30131,0,5,0.113942,5,0.128176,4.94077,0,4,0.150736,4.23024,0.221535,4.57008,0.051473,4,3.14683,1.44632,3.08064,1.4905,3.48049,1.89035,3.5644,1.17316,3.9369,1.49982,4.24234,1.09564,3.62418,1.75719,4.34469,0.891165,3.97567,0.522147,3.82628,0.80177,3.81701,0.792502,3.9664,0.512879,3.55513,1.16389,3.13756,1.43706,3.07137,1.48123],"max":[4.34469,5],"min":[0,0.512879],"stride":2}},"surfaces":{"grass01_default":{"numPrimitives":5,"triangles":[7,7,0,8,8,0,9,9,0,7,7,0,9,9,0,12,12,0,7,7,0,12,12,0,11,11,0,10,10,0,7,7,0,11,11,0,11,11,0,13,13,0,10,10,0]},"monstercolour_default":{"numPrimitives":5,"triangles":[4,4,0,2,2,0,6,6,0,2,2,0,4,4,0,0,0,0,0,0,0,1,1,0,2,2,0,1,1,0,0,0,0,3,3,0,1,1,0,3,3,0,5,5,0]},"sand01_default":{"numPrimitives":16,"triangles":[11,24,1,18,23,1,17,22,1,17,22,1,13,25,1,11,24,1,14,14,0,15,15,0,5,16,0,5,16,0,3,20,0,14,14,0,3,20,0,16,17,0,14,14,0,3,20,0,0,18,0,16,17,0,16,17,0,0,18,0,4,19,0,4,19,0,18,23,0,16,17,0,18,23,0,4,19,0,6,21,0,6,21,0,17,22,0,18,23,0,12,26,2,16,17,2,18,23,2,18,23,2,11,24,2,12,26,2,12,26,3,9,27,3,14,14,3,14,14,3,16,17,3,12,26,3,9,27,4,8,28,4,15,15,4,15,15,4,14,14,4,9,27,4]}}}},"images":{"monsterscolour_1":"characters/textures/monsterscolour.dds","tree_01_split13_file5":"environment/textures/grass01_tile.dds","tree_01_split17_file5":"environment/textures/sand01_tile.dds"},"materials":{"grass01_default":{"effect":"grass01_default"},"monstercolour_default":{"effect":"monstercolour_default"},"sand01_default":{"effect":"sand01_default"}},"nodes":{"e_s_seashore10by10_01":{"geometryinstances":{"e_s_seashore10by10_01Mesh-grass01_default":{"geometry":"e_s_seashore10by10_01Mesh","material":"grass01_default","surface":"grass01_default"},"e_s_seashore10by10_01Mesh-monstercolour_default":{"geometry":"e_s_seashore10by10_01Mesh","material":"monstercolour_default","surface":"monstercolour_default"},"e_s_seashore10by10_01Mesh-sand01_default":{"geometry":"e_s_seashore10by10_01Mesh","material":"sand01_default","surface":"sand01_default"}},"matrix":[0.01,0,0,0,0.01,0,0,0,0.01,0,0,0]}},"version":1}
