{"effects":{"grass01_default":{"meta":{"normals":true},"parameters":{"diffuse":"tree_01_split13_file5","reflectivity":0.5,"shininess":300},"type":"phong"},"monstercolour_default":{"meta":{"normals":true},"parameters":{"diffuse":"monsterscolour_1","reflectivity":0.5,"shininess":1.73205},"type":"phong"},"sand01_default":{"meta":{"normals":true},"parameters":{"diffuse":"tree_01_split17_file5","reflectivity":0.5,"shininess":300},"type":"phong"}},"geometries":{"e_s_riverend01rightMesh":{"inputs":{"NORMAL":{"offset":2,"source":"e_s_riverend01right-Normal0"},"POSITION":{"offset":0,"source":"e_s_riverend01right-POSITION"},"TEXCOORD0":{"offset":1,"source":"e_s_riverend01right-UV0"}},"meta":{"graphics":true},"sources":{"e_s_riverend01right-Normal0":{"data":[0,1,0,0.37768,0.925903,-0.00786,0.37678,0.923697,-0.069432,0.376149,0.922147,0.090315,0.365921,0.897109,0.247582,0.365921,0.89711,0.247582],"max":[0.37768,1,0.247582],"min":[0,0.897109,-0.069432],"stride":3},"e_s_riverend01right-POSITION":{"data":[500.001,-4.88809,-500,-10.8496,-4.88809,78.9346,500,-4.88809,500,49.6719,-4.88809,360.476,-130.127,-4.88809,-182.808,-372.909,-4.88809,-500,55.668,-4.88809,500,-500,0,500,-374.86,0,-17.9717,-499.999,0,-500,-433.457,0,500,-391.78,0,438.403,-334.626,0,200.363,-384.893,0,-500,-362.877,-4.88809,-17.9717,-322.643,-4.88809,200.363,-379.797,-4.88809,438.403,-421.473,-4.88809,500],"max":[500.001,0,500],"min":[-500,-4.88809,-500],"stride":3},"e_s_riverend01right-UV0":{"data":[0.587176,5.36827,0.564271,5.38765,0.587176,5.40174,0.566203,5.39707,0.563408,5.37888,0.557953,5.36827,0.565988,5.40174,0,6,0.125139,5.48203,0,5,0.135106,6,0.182943,5.9384,0.165373,5.70036,0.115107,5,4.45268,0.950555,4.46195,0.959823,4.90329,0.502962,4.89402,0.493694,4.28037,1.18509,4.28964,1.19436,4.07218,1.42046,4.08145,1.42973,3.9664,1.51288,3.97567,1.52215,4.34469,1.89116,4.7173,1.39575,4.81241,1.00314,4.5723,1.77537],"max":[4.90329,6],"min":[0,0.493694],"stride":2}},"surfaces":{"grass01_default":{"numPrimitives":5,"triangles":[7,7,0,10,10,0,11,11,0,7,7,0,11,11,0,12,12,0,12,12,0,8,8,0,7,7,0,7,7,0,8,8,0,9,9,0,13,13,0,9,9,0,8,8,0]},"monstercolour_default":{"numPrimitives":5,"triangles":[5,5,0,4,4,0,0,0,0,0,0,0,4,4,0,1,1,0,0,0,0,1,1,0,2,2,0,1,1,0,3,3,0,2,2,0,2,2,0,3,3,0,6,6,0]},"sand01_default":{"numPrimitives":15,"triangles":[8,14,1,14,15,1,5,16,1,5,16,1,13,17,1,8,14,1,10,22,4,17,23,4,11,20,4,17,23,4,16,21,5,11,20,4,16,21,0,17,23,0,6,24,0,6,24,0,3,27,0,16,21,0,15,19,0,16,21,0,3,27,0,3,27,0,1,25,0,15,19,0,14,15,0,15,19,0,1,25,0,1,25,0,4,26,0,14,15,0,5,16,0,14,15,0,4,26,0,12,18,2,15,19,2,14,15,2,14,15,2,8,14,2,12,18,2,12,18,3,11,20,3,16,21,3,16,21,3,15,19,3,12,18,3]}}}},"images":{"monsterscolour_1":"characters/textures/monsterscolour.dds","tree_01_split13_file5":"environment/textures/grass01_tile.dds","tree_01_split17_file5":"environment/textures/sand01_tile.dds"},"materials":{"grass01_default":{"effect":"grass01_default"},"monstercolour_default":{"effect":"monstercolour_default"},"sand01_default":{"effect":"sand01_default"}},"nodes":{"e_s_riverend01right":{"geometryinstances":{"e_s_riverend01rightMesh-grass01_default":{"geometry":"e_s_riverend01rightMesh","material":"grass01_default","surface":"grass01_default"},"e_s_riverend01rightMesh-monstercolour_default":{"geometry":"e_s_riverend01rightMesh","material":"monstercolour_default","surface":"monstercolour_default"},"e_s_riverend01rightMesh-sand01_default":{"geometry":"e_s_riverend01rightMesh","material":"sand01_default","surface":"sand01_default"}},"matrix":[0.01,0,0,0,0.01,0,0,0,0.01,0,0,0]}},"version":1}
