{"effects":{"grass01_default":{"meta":{"normals":true},"parameters":{"diffuse":"tree_01_split13_file5","reflectivity":0.5,"shininess":300},"type":"phong"},"monstercolour_default":{"meta":{"normals":true},"parameters":{"diffuse":"monsterscolour_1","reflectivity":0.5,"shininess":1.73205},"type":"phong"},"sand01_default":{"meta":{"normals":true},"parameters":{"diffuse":"tree_01_split17_file5","reflectivity":0.5,"shininess":300},"type":"phong"}},"geometries":{"e_s_seashore10by10_02Mesh":{"inputs":{"NORMAL":{"offset":2,"source":"e_s_seashore10by10_02-Normal0"},"POSITION":{"offset":0,"source":"e_s_seashore10by10_02-POSITION"},"TEXCOORD0":{"offset":1,"source":"e_s_seashore10by10_02-UV0"}},"meta":{"graphics":true},"sources":{"e_s_seashore10by10_02-Normal0":{"data":[0,1,0,0.374928,0.919153,0.120778,0.37768,0.925901,0.008116,0.374497,0.918096,-0.129811,0.374497,0.918097,-0.129811,0.377505,0.925473,-0.031446,0.377645,0.925815,-0.015844],"max":[0.37768,1,0.120778],"min":[0,0.918096,-0.129811],"stride":3},"e_s_seashore10by10_02-POSITION":{"data":[500,-4.88809,-500,144.807,-4.88809,105.526,500,-4.88809,500,184.589,-4.88809,374.891,110.195,-4.88809,-212.393,142.935,-4.88809,-500,194.806,-4.88809,500,-500,0,500,-449.157,0,-119.155,-500,0,-500,-343.917,0,500,-345.584,0,460.268,-376.354,0,90.8785,-444.898,0,-317.345,-386.059,0,-500,-432.915,-4.88809,-317.345,-374.075,-4.88809,-500,-437.174,-4.88809,-119.155,-364.37,-4.88809,90.8785,-333.601,-4.88809,460.268,-331.934,-4.88809,500],"max":[500,0,500],"min":[-500,-4.88809,-500],"stride":3},"e_s_seashore10by10_02-UV0":{"data":[0.587176,3.40174,0.565459,3.42202,0.587176,3.43522,0.566791,3.43103,0.5643,3.41137,0.565988,3.40174,0.567133,3.43522,0,4,0.050844,3.38084,0,3,0.156084,4,0.154417,3.96027,0.123647,3.59088,0.055102,3.18266,0.135106,3,3.07137,0.48123,2.85569,0.605901,2.86496,0.615169,3.08064,0.490497,2.66774,0.787259,2.67701,0.796526,2.52836,1.03925,2.53763,1.04852,2.208,1.4072,2.21727,1.41647,2.17227,1.44551,2.18154,1.45478,2.58892,1.86216,2.69758,1.73769,2.91777,1.45596,3.18721,1.13299,3.48049,0.890348],"max":[3.48049,4],"min":[0,0.48123],"stride":2}},"surfaces":{"grass01_default":{"numPrimitives":6,"triangles":[7,7,0,10,10,0,11,11,0,7,7,0,11,11,0,12,12,0,12,12,0,8,8,0,7,7,0,7,7,0,8,8,0,9,9,0,8,8,0,13,13,0,9,9,0,14,14,0,9,9,0,13,13,0]},"monstercolour_default":{"numPrimitives":5,"triangles":[0,0,0,5,5,0,4,4,0,4,4,0,1,1,0,0,0,0,0,0,0,1,1,0,2,2,0,1,1,0,3,3,0,2,2,0,2,2,0,3,3,0,6,6,0]},"sand01_default":{"numPrimitives":19,"triangles":[14,15,1,13,16,1,15,17,1,15,17,1,16,18,1,14,15,1,4,30,0,5,31,0,16,18,0,4,30,0,16,18,0,15,17,0,4,30,0,15,17,0,17,20,0,4,30,0,17,20,0,18,22,0,18,22,0,1,29,0,4,30,0,1,29,0,18,22,0,19,24,0,3,28,0,1,29,0,19,24,0,6,27,0,3,28,0,19,24,0,19,24,0,20,26,0,6,27,0,13,16,2,8,19,2,17,20,2,17,20,2,15,17,2,13,16,2,12,21,3,18,22,4,17,20,3,17,20,3,8,19,4,12,21,3,11,23,5,19,24,5,18,22,5,18,22,5,12,21,5,11,23,5,19,24,6,11,23,6,10,25,6,10,25,6,20,26,6,19,24,6]}}}},"images":{"monsterscolour_1":"characters/textures/monsterscolour.dds","tree_01_split13_file5":"environment/textures/grass01_tile.dds","tree_01_split17_file5":"environment/textures/sand01_tile.dds"},"materials":{"grass01_default":{"effect":"grass01_default"},"monstercolour_default":{"effect":"monstercolour_default"},"sand01_default":{"effect":"sand01_default"}},"nodes":{"e_s_seashore10by10_02":{"geometryinstances":{"e_s_seashore10by10_02Mesh-grass01_default":{"geometry":"e_s_seashore10by10_02Mesh","material":"grass01_default","surface":"grass01_default"},"e_s_seashore10by10_02Mesh-monstercolour_default":{"geometry":"e_s_seashore10by10_02Mesh","material":"monstercolour_default","surface":"monstercolour_default"},"e_s_seashore10by10_02Mesh-sand01_default":{"geometry":"e_s_seashore10by10_02Mesh","material":"sand01_default","surface":"sand01_default"}},"matrix":[0.01,0,0,0,0.01,0,0,0,0.01,0,0,0]}},"version":1}
