{"effects":{"grass03_default":{"meta":{"normals":true},"parameters":{"diffuse":"tree_01_split22_file5","reflectivity":0.5,"shininess":300},"type":"phong"}},"geometries":{"e_s_grassblade01Mesh":{"inputs":{"NORMAL":{"offset":2,"source":"e_s_grassblade01-Normal0"},"POSITION":{"offset":0,"source":"e_s_grassblade01-POSITION"},"TEXCOORD0":{"offset":1,"source":"e_s_grassblade01-UV0"}},"meta":{"graphics":true},"sources":{"e_s_grassblade01-Normal0":{"data":[0.653774,0.253025,-0.713132,0.69956,0.134321,-0.701836,0.639812,0.283883,-0.714179,0.677579,0.269339,0.684356,0.699663,0.17515,0.692672,0.662034,0.322207,0.676678,0.505079,0.440873,-0.741974,0.429604,0.490673,-0.758077,0.580967,0.442866,0.682896,0.482338,0.524471,0.701627,0.164084,0.599268,-0.783552,0.119654,0.605336,-0.786925,0.304473,0.6013,0.738739,0.227238,0.606766,0.761707,-0.133918,0.616383,-0.775975,0.01689,0.602105,0.798238,-0.204274,0.099946,-0.973798,-0.20092,0.498527,-0.843269,-0.198356,0.537677,-0.819487,0.962319,-0.010148,-0.271733,0.953124,-0.170078,-0.250258,0.961109,0.022552,-0.275247,-0.219441,0.795194,-0.565254,-0.230617,0.816745,-0.528908,0.967335,0.148835,-0.205209,0.973737,0.222526,-0.048149,-0.337945,0.9408,0.026226,-0.336204,0.941705,0.012619,0.934819,0.248242,0.253947,0.943234,0.26383,0.201752,-0.358852,0.887568,0.288872,0.901291,0.205935,0.381136,-0.9252,0.134322,0.354911,-0.913072,0.208895,0.350231,-0.90961,0.225569,0.348896,-0.34105,0.238516,-0.909283,-0.355743,0.175151,-0.918024,-0.332818,0.271105,-0.90318,-0.853702,0.358454,0.377762,-0.809343,0.431143,0.398848,-0.291363,0.330598,-0.897671,-0.215414,0.396378,-0.892458,-0.372865,0.738272,0.562073,-0.468258,0.714575,0.519728,-0.012659,0.457814,-0.888958,0.158114,0.438833,-0.884548,0.020218,0.7499,0.661243,0.401071,0.387145,-0.830217,0.243437,0.176499,0.953723,0.214148,-0.068648,0.974386,0.241775,0.158652,0.957275,-0.970395,0.109662,0.215191,-0.969834,-0.060514,0.236134,-0.968046,0.134673,0.21154,0.271577,0.343117,0.899176,0.27323,0.347777,0.896881,-0.950095,0.238808,0.200726,-0.951393,0.233861,0.200398,0.345362,0.561013,0.752322,0.345659,0.561942,0.751492,-0.914556,0.382703,0.130865,-0.913809,0.385087,0.129082,0.395883,0.739037,0.545071,-0.818332,0.574115,-0.026939],"max":[0.973737,0.941705,0.974386],"min":[-0.970395,-0.170078,-0.973798],"stride":3},"e_s_grassblade01-POSITION":{"data":[-2.3006,3.96169,0.462837,1.10641,1.17247,3.32499,-1.58282,0.533906,0.579498,0.058167,5.62855,3.19021,-1.45764,3.93163,5.21724,-0.863434,0.846404,5.33033,-4.70837,9.76242,1.37186,-3.94897,11.6827,3.12153,-3.8913,9.9245,4.50382,-9.90726,13.1927,2.2657,-9.68961,14.8549,3.54848,-9.37607,13.4626,4.59206,-16.3691,14.2018,4.18245,3.51578,0.203823,4.25085,-0.10611,0.910751,5.10944,0.329254,3.09446,5.21597,4.0343,3.06378,4.46188,4.31448,2.00901,6.06596,3.90164,0.052952,6.00282,2.12174,6.91432,9.02451,4.51117,7.65446,8.9095,4.91892,6.29433,8.68716,2.22058,7.38436,12.416,3.94443,8.0248,12.5897,4.32816,6.99859,12.2367,2.30658,5.69177,17.7234,1.06516,0,-0.632492,2.85803,-0.858613,4.21398,3.6749,3.75035,4.75133,2.27771,5.99161,0.108597,5.25128,3.70994,-1.54683,4.58408,-0.438431,-2.01194,7.4754,16.6138,5.69299,7.22144,18.7432,2.75267,8.10819,16.2063,1.40085,14.6507,23.8466,4.4606,13.7812,22.0729,6.49869,14.2599,21.7994,3.31713,22.8767,21.2064,7.20331,-0.536011,3.23897,-0.479691,-0.415131,-0.545638,-0.717461,4.00787,2.67935,-1.46233,4.13937,-0.204146,-1.74981,-1.41882,2.40076,-4.08469,-1.2785,-0.178342,-4.40495,3.64056,10.2503,-3.81583,0.686249,10.9468,-3.14458,-0.05835,9.87101,-5.30544,3.72723,15.3517,-6.72566,1.61499,16.2131,-6.35954,0.953888,15.2033,-7.79753,4.32697,19.7606,-13.1391],"max":[22.8767,23.8466,17.7234],"min":[-16.3691,-0.858613,-13.1391],"stride":3},"e_s_grassblade01-UV0":{"data":[0.779369,0.32521,0.771822,0.428608,0.819884,0.345092,0.739645,0.386164,0.690935,0.415999,0.696997,0.456037,0.682276,0.266021,0.663886,0.292903,0.648378,0.309225,0.623308,0.218595,0.60457,0.22981,0.594477,0.239697,0.549278,0.177744,0.63287,0.409325,0.628092,0.467398,0.53734,0.46795,0.547247,0.430916,0.539314,0.383252,0.58356,0.366382,0.329907,0.42499,0.344213,0.409497,0.358812,0.373347,0.251331,0.341908,0.27057,0.328733,0.27709,0.304957,0.155778,0.097665],"max":[0.819884,0.46795],"min":[0.155778,0.097665],"stride":2}},"surfaces":{"grass03_default":{"numPrimitives":56,"triangles":[9,9,10,12,12,14,10,10,11,7,7,7,9,9,10,10,10,11,6,6,6,9,9,10,7,7,7,3,3,2,6,6,6,7,7,7,6,6,6,3,3,2,0,0,0,1,1,1,0,0,0,3,3,2,0,0,0,1,1,1,2,2,1,43,4,51,44,5,52,40,1,52,40,1,52,39,3,53,43,4,51,47,8,57,43,4,51,39,3,53,39,3,53,46,7,56,47,8,57,50,11,61,47,8,57,46,7,56,46,7,56,49,10,60,50,11,61,49,10,60,51,12,63,50,11,61,40,1,49,42,2,49,41,0,50,39,3,48,40,1,49,41,0,50,39,3,48,41,0,50,45,6,54,45,6,54,46,7,55,39,3,48,46,7,55,45,6,54,48,9,58,48,9,58,49,10,59,46,7,55,48,9,58,51,12,62,49,10,59,4,4,3,5,5,4,1,1,4,1,1,4,3,3,5,4,4,3,8,8,8,4,4,3,3,3,5,3,3,5,7,7,9,8,8,8,11,11,12,8,8,8,7,7,9,7,7,9,10,10,13,11,11,12,10,10,13,12,12,15,11,11,12,13,13,16,14,14,16,15,15,17,15,15,17,16,16,18,13,13,16,15,15,17,19,19,22,16,16,18,16,16,18,19,19,22,20,20,23,23,23,27,20,20,23,19,19,22,19,19,22,22,22,26,23,23,27,22,22,26,25,25,30,23,23,27,17,17,19,18,18,20,13,13,20,13,13,20,16,16,21,17,17,19,21,21,24,17,17,19,16,16,21,16,16,21,20,20,25,21,21,24,24,24,29,21,21,24,20,20,25,20,20,25,23,23,28,24,24,29,23,23,28,25,25,31,24,24,29,26,1,32,27,2,32,28,0,33,28,0,33,29,3,34,26,1,32,32,6,38,29,3,34,28,0,33,32,6,38,33,7,39,29,3,34,35,10,42,33,7,39,32,6,38,32,6,38,36,9,43,35,10,42,36,9,43,38,12,46,35,10,42,30,4,35,31,5,36,26,1,36,26,1,36,29,3,37,30,4,35,34,8,40,30,4,35,29,3,37,29,3,37,33,7,41,34,8,40,37,11,44,34,8,40,33,7,41,33,7,41,35,10,45,37,11,44,35,10,45,38,12,47,37,11,44]}}}},"images":{"tree_01_split22_file5":"environment/textures/grass03_tile.dds"},"materials":{"grass03_default":{"effect":"grass03_default"}},"nodes":{"e_s_grassblade01":{"geometryinstances":{"e_s_grassblade01Mesh":{"geometry":"e_s_grassblade01Mesh","material":"grass03_default","surface":"grass03_default"}},"matrix":[0.01,0,0,0,0.01,0,0,0,0.01,0,0,0]}},"version":1}
