{"effects":{"sand01_default":{"meta":{"normals":true},"parameters":{"diffuse":"tree_01_split17_file5","reflectivity":0.5,"shininess":300},"type":"phong"},"sand01_shiny":{"meta":{"normals":true},"parameters":{"diffuse":"tree_01_split23_pasted__file5q","reflectivity":0.5,"shininess":6.31179},"type":"phong"}},"geometries":{"e_s_sandpatchmedMesh":{"inputs":{"NORMAL":{"offset":2,"source":"e_s_sandpatchmed-Normal0"},"POSITION":{"offset":0,"source":"e_s_sandpatchmed-POSITION"},"TEXCOORD0":{"offset":1,"source":"e_s_sandpatchmed-UV0"}},"meta":{"graphics":true},"sources":{"e_s_sandpatchmed-Normal0":{"data":[-0.085321,0.186851,0.978676,-0.013975,0.656932,0.75382,-0.386078,0.736611,0.555291,-0.551416,0.189344,0.812458,0.601129,0.749361,-0.277673,0.900531,0.259783,-0.348651,0.78993,0.281148,-0.544945,0.45634,0.771677,-0.443022,-0.103088,0.732277,-0.673159,-0.151292,0.432764,-0.888722,-0.909037,0.295055,-0.294268,-0.587505,0.753608,-0.29481,-0.973814,0.210552,-0.085754,-0.669001,0.737745,-0.090393,0.4091,0.620576,0.668971,0.528878,0.182276,0.828893,0.220773,0.709708,-0.669009,0.320465,0.385373,-0.865326,0.819784,0.162323,0.549186,0.658348,0.60997,0.441037,-0.030672,0.99844,-0.046659,-0.017388,0.998633,-0.049298,-0.015425,0.998896,-0.044369,-0.021208,0.998864,-0.042666,-0.000929,0.998618,-0.052554,-0.011934,0.998774,-0.048044,-0.018774,0.9988,-0.045237,-0.013912,0.999034,-0.041692,-0.007052,0.999302,-0.036687,-0.559569,0,0.828784,0.939486,0,-0.342587,0.83289,0,-0.553438,-0.574005,0,-0.818852,-0.99708,0,-0.07636,0.203655,0,0.979043,0.534,0,0.845485,0.363646,0,-0.931537,0.278214,0,-0.960519,0.830803,0,0.556567],"max":[0.939486,0.999302,0.979043],"min":[-0.99708,0,-0.960519],"stride":3},"e_s_sandpatchmed-POSITION":{"data":[-13.7199,3.14991,34.7772,-13.365,4.29828,33.8776,-31.6304,3.73734,21.5453,-32.4703,3.14991,22.1175,39.9132,4.29828,0.227573,40.9731,3.14991,0.23362,33.7927,1.91387,-19.4573,32.9186,2.5013,-18.954,-7.59421,1.68324,-33.7826,-7.79588,0.830137,-34.6798,-29.2736,0.830137,-19.6241,-28.5163,1.68324,-19.1165,22.3471,4.29828,26.4489,22.9406,3.14991,27.1513,17.239,1.68324,-26.5897,17.6968,0.830137,-27.2958,1.29079,3.36614,5.67024,-32.4703,-0.002076,22.1175,-13.7199,-0.002076,34.7772,40.9731,-0.002076,0.23362,33.7927,-0.002076,-19.4573,-29.2736,-0.002076,-19.6241,-7.79588,-0.002076,-34.6798,22.9406,-0.002076,27.1513,17.6968,-0.002076,-27.2958],"max":[40.9731,4.29828,34.7772],"min":[-32.4703,-0.002076,-34.6798],"stride":3},"e_s_sandpatchmed-UV0":{"data":[0,0,0,1,1,1,1,0,1,0.527841,0.75,0.527841,0.75,1,1,0.055681,0.75,0.055681,0,0.055681,0,0.527841],"max":[1,1],"min":[0,0],"stride":2}},"surfaces":{"sand01_default":{"numPrimitives":24,"triangles":[3,2,3,17,3,29,0,1,0,17,3,29,18,0,29,0,1,0,24,0,36,15,1,17,20,3,31,15,1,17,6,2,6,20,3,31,0,2,0,18,3,34,13,1,15,18,3,34,23,0,35,13,1,15,21,0,32,10,1,10,22,3,32,10,1,10,9,2,9,22,3,32,7,4,21,14,7,24,16,5,22,8,8,25,16,5,22,14,7,24,16,5,22,8,8,25,11,9,26,11,9,26,2,10,27,16,5,22,2,10,27,1,1,28,16,5,22,1,1,28,12,6,23,16,5,22,16,5,22,12,6,23,4,2,20,4,2,20,7,4,21,16,5,22,5,1,18,13,2,15,23,3,35,23,3,35,19,0,38,5,1,18,15,2,17,24,3,36,22,0,37,22,0,37,9,1,9,15,2,17,10,2,10,21,3,33,17,0,33,17,0,33,3,1,12,10,2,10,6,1,6,5,2,5,19,3,30,19,3,30,20,0,31,6,1,6]},"sand01_shiny":{"numPrimitives":16,"triangles":[0,0,0,1,1,1,2,2,2,2,2,2,3,3,3,0,0,0,1,2,1,0,3,0,12,1,14,0,3,0,13,0,15,12,1,14,3,0,12,2,1,13,10,3,10,2,1,13,11,2,11,10,3,10,4,2,4,5,3,5,6,0,6,6,0,6,7,1,7,4,2,4,8,2,8,9,3,9,10,0,10,10,0,10,11,1,11,8,2,8,14,2,16,15,3,17,9,0,9,9,0,9,8,1,8,14,2,16,5,0,18,4,1,19,12,2,14,12,2,14,13,3,15,5,0,18,7,2,7,6,3,6,15,0,17,15,0,17,14,1,16,7,2,7]}}}},"images":{"tree_01_split17_file5":"environment/textures/sand01_tile.dds","tree_01_split23_pasted__file5q":"environment/textures/sand01_tile.dds"},"materials":{"sand01_default":{"effect":"sand01_default"},"sand01_shiny":{"effect":"sand01_shiny"}},"nodes":{"e_s_sandpatchmed":{"geometryinstances":{"e_s_sandpatchmedMesh-sand01_default":{"geometry":"e_s_sandpatchmedMesh","material":"sand01_default","surface":"sand01_default"},"e_s_sandpatchmedMesh-sand01_shiny":{"geometry":"e_s_sandpatchmedMesh","material":"sand01_shiny","surface":"sand01_shiny"}},"matrix":[0.01,0,0,0,0.01,0,0,0,0.01,0,0,0]}},"version":1}
