{"effects":{"monstercolour_default":{"meta":{"normals":true},"parameters":{"diffuse":"monsterscolour_1","reflectivity":0.5,"shininess":1.73205},"type":"phong"}},"geometries":{"e_s_cloudbigMesh":{"inputs":{"NORMAL":{"offset":2,"source":"e_s_cloudbig-Normal0"},"POSITION":{"offset":0,"source":"e_s_cloudbig-POSITION"},"TEXCOORD0":{"offset":1,"source":"e_s_cloudbig-UV0"}},"meta":{"graphics":true},"sources":{"e_s_cloudbig-Normal0":{"data":[-0.303459,-0.194884,0.932702,-0.19732,-0.722803,0.662284,-0.13151,0.942226,0.308084,0.116414,-0.992998,0.020052,0.118862,-0.992414,0.031395,0.125331,-0.991885,0.02137,0.084671,-0.996237,0.018508,0.122028,-0.961999,-0.244271,0.118223,-0.954623,-0.273348,0.159055,-0.885771,-0.436017,0.308665,-0.719475,-0.622159,-0.360362,0.931048,0.057356,-0.970426,0.056266,0.234749,-0.427759,0.903873,0.005986,-0.987418,-0.156832,-0.020231,-0.113143,0.961367,0.250943,0.955559,0.279954,0.092371,0.961755,0.207366,0.178962,0.881967,0.469868,0.036857,0.437375,0.885248,0.158235,0.173711,0.878807,-0.444436,0.063488,0.917864,-0.391784,-0.235044,0.971658,-0.025211,-0.248462,0.968212,0.028858,0.027149,-0.999078,0.033245,0.040204,-0.999103,0.013323,0.072922,-0.996623,0.037747,0.053016,-0.998578,0.005578,0.035458,-0.999313,0.010771,0.029414,-0.999509,0.010767,0.016089,-0.999868,-0.002311,0.009408,0.999832,-0.015724,-0.020414,0.999635,-0.017684,-0.048867,0.998685,0.015492,0.014787,0.999335,-0.033344,-0.007947,0.998808,-0.048166,0.029906,0.999212,-0.026098,-0.030481,0.997861,-0.057828,-0.008175,0.997984,-0.062938,-0.064089,0.997382,-0.033505,0.153038,-0.987982,-0.021714,0.148986,-0.987697,-0.047522,0.145028,-0.986797,-0.072099,0.72327,-0.606932,-0.329414,0.676451,-0.684089,-0.272832,0.741787,0.277729,-0.610425,-0.94226,-0.174146,0.28604,-0.30879,0.948302,0.073289,-0.45121,0.892061,0.025222,-0.952785,-0.24285,0.182276,-0.229271,0.97213,0.048964,0.005623,-0.999919,0.011456,-0.07535,0.996509,-0.035939,0.122785,-0.986686,0.106656,0.321396,0.930383,0.176332,-0.182822,0.96001,-0.212029,0.024963,-0.999438,0.022369,0.080752,-0.98448,0.155815,0.803119,-0.187004,0.565712,0.046684,0.996288,-0.072318],"max":[0.961755,0.999832,0.932702],"min":[-0.987418,-0.999919,-0.622159],"stride":3},"e_s_cloudbig-POSITION":{"data":[-390.609,-7.79925,888.446,202.694,-56.4792,1012.09,699.897,34.9278,1247.98,-430.573,-84.8077,780.493,302.819,-48.7734,930.778,822.013,11.0136,235.181,826.62,28.8623,1083.31,82.0162,-74.4833,28.4717,-120.674,-98.0842,-799.817,-748.472,-122.528,-1034.55,-781.579,-68.6275,-1188.53,347.25,-27.3206,-893.148,-537.848,-40.0619,-183.619,-533.151,-97.4563,-154.645,-108.249,54.8341,807.352,698.003,83.4662,1029.63,818.04,68.4969,209.39,796.412,67.5664,899.853,337.728,17.313,-805.809,-531.058,-13.8691,-1003.96,-283.445,27.3415,-119.513,-275.499,-99.9919,197.534,-169.535,-94.1723,16.1608,-649.17,-106.697,-23.5043,98.9972,73.4223,262.799,156.798,68.9217,62.0737,-378.607,38.116,33.0444,895.341,-0.093801,76.9755,398.175,-68.2533,-45.9924,614.879,-22.7394,-589.575,278.438,-82.1953,-535.297,669.273,21.2805,-537.125,953.013,51.5169,62.5957,-696.312,-39.7935,-67.4872],"max":[953.013,83.4662,1247.98],"min":[-781.579,-122.528,-1188.53],"stride":3},"e_s_cloudbig-UV0":{"data":[0.127127,0.153367,0.124219,0.158536,0.127181,0.159784,0.124061,0.155035,0.137245,0.168787,0.138739,0.159877,0.135753,0.166458,0.140972,0.163615,0.130066,0.1572,0.130066,0.160689,0.132492,0.160689,0.132492,0.153426,0.132492,0.166467,0.130066,0.165732,0.129444,0.155513,0.129398,0.160631,0.126906,0.16883,0.129332,0.168076,0.12872,0.162735,0.126906,0.162248,0.13429,0.154871,0.13429,0.160689,0.134917,0.165732,0.139578,0.173671,0.141175,0.167682,0.137174,0.170171,0.141581,0.165468,0.144393,0.158868,0.146819,0.162358,0.142966,0.169276,0.140805,0.142441,0.145184,0.142959,0.14365,0.137324,0.143365,0.149886,0.145726,0.145049,0.140903,0.144546,0.150964,0.148159,0.148052,0.153977,0.147106,0.140951,0.13904,0.157861,0.140413,0.160321,0.142093,0.155035,0.142434,0.157517,0.128206,0.17307,0.128576,0.170653,0.126486,0.170846,0.126486,0.173671,0.129646,0.172003,0.132713,0.173671,0.132608,0.168761,0.129717,0.167607,0.135357,0.167897,0.135029,0.171525,0.143184,0.167401,0.147329,0.143116,0.135542,0.168922,0.143906,0.155094,0.138773,0.152406,0.138826,0.15488,0.14064,0.151688,0.14064,0.154275,0.146185,0.15488,0.143416,0.152463],"max":[0.150964,0.173671],"min":[0.124061,0.137324],"stride":2}},"surfaces":{"monstercolour_default":{"numPrimitives":64,"triangles":[31,43,43,32,44,44,27,45,44,27,45,44,29,46,45,31,43,43,28,40,57,27,39,57,5,5,4,7,7,6,28,40,57,5,5,4,7,7,6,5,5,4,4,4,3,4,4,3,5,5,4,6,6,5,6,6,5,2,55,53,4,4,3,1,25,26,4,4,3,2,55,53,4,4,3,1,25,26,21,24,25,3,23,24,21,24,25,1,25,26,23,29,30,21,24,25,3,23,24,23,29,30,13,53,51,21,24,25,22,26,27,21,24,25,13,53,51,7,7,6,4,4,3,22,26,27,21,24,25,22,26,27,4,4,3,13,53,51,9,28,29,22,26,27,8,27,28,22,26,27,9,28,29,7,7,6,22,26,27,8,27,28,8,27,28,30,42,56,7,7,6,28,40,56,7,7,6,30,42,56,8,8,7,9,9,8,10,10,9,11,11,10,8,8,7,10,10,9,10,10,9,19,21,21,11,11,10,18,20,20,11,11,10,19,21,21,6,19,19,15,15,54,2,2,54,15,15,54,6,19,19,17,18,18,5,16,16,17,18,18,6,19,19,5,16,16,16,17,17,17,18,18,27,45,58,16,17,17,5,16,16,27,45,58,32,44,58,16,17,17,19,36,37,25,34,35,18,37,38,20,54,52,25,34,35,19,36,37,25,34,35,20,54,52,26,38,39,26,38,39,24,31,32,25,34,35,26,38,39,14,32,33,24,31,32,15,30,31,24,31,32,14,32,33,24,31,32,15,30,31,17,35,36,17,35,36,25,34,35,24,31,32,16,33,34,25,34,35,17,35,36,16,33,34,18,37,38,25,34,35,31,61,59,18,37,38,16,33,34,16,33,34,32,62,59,31,61,59,31,57,43,29,58,45,18,59,20,18,59,20,29,58,45,11,60,10,27,39,40,28,40,40,29,41,41,30,42,42,29,41,41,28,40,40,11,56,10,29,41,41,30,42,42,30,42,42,8,27,7,11,56,10,1,1,1,0,0,0,3,3,1,0,0,0,1,1,1,2,2,2,14,14,15,0,0,0,2,2,2,2,2,2,15,15,15,14,14,15,26,51,50,0,48,47,14,52,50,33,49,48,0,48,47,26,51,50,3,47,46,0,48,47,33,49,48,33,49,48,23,50,49,3,47,46,23,50,49,33,49,48,12,12,13,12,12,13,13,13,14,23,50,49,9,9,12,13,13,14,12,12,13,10,10,11,9,9,12,12,12,13,19,21,23,10,10,11,12,12,13,12,12,13,20,22,22,19,21,23,26,51,55,20,22,22,12,12,13,12,12,13,33,49,48,26,51,55]}}}},"images":{"monsterscolour_1":"characters/textures/monsterscolour.dds"},"materials":{"monstercolour_default":{"effect":"monstercolour_default"}},"nodes":{"e_s_cloudbig":{"geometryinstances":{"e_s_cloudbigMesh":{"geometry":"e_s_cloudbigMesh","material":"monstercolour_default","surface":"monstercolour_default"}},"matrix":[0.01,0,0,0,0.01,0,0,0,0.01,0,0,0]}},"version":1}
