{"effects":{"cliffrock02_default":{"meta":{"normals":true},"parameters":{"diffuse":"tree_01_split20_file5","reflectivity":0.5,"shininess":300},"type":"phong"}},"geometries":{"e_s_rockseacliff02Mesh":{"inputs":{"NORMAL":{"offset":2,"source":"e_s_rockseacliff02-Normal0"},"POSITION":{"offset":0,"source":"e_s_rockseacliff02-POSITION"},"TEXCOORD0":{"offset":1,"source":"e_s_rockseacliff02-UV0"}},"meta":{"graphics":true},"sources":{"e_s_rockseacliff02-Normal0":{"data":[-0.076961,0.214203,0.973753,0.039389,0.379924,0.924179,-0.04851,0.391294,0.918986,-0.150275,0.15309,0.976719,-0.974236,0.153993,0.164775,-0.964054,0.231232,0.130885,-0.986534,0.126708,0.10342,-0.979595,0.166484,0.112591,-0.325015,0.154081,-0.933072,-0.382698,0.193557,-0.90337,-0.386101,0.238892,-0.890986,-0.332984,0.155013,-0.930104,0.900478,0.047921,-0.432253,0.891956,0.038167,-0.450508,0.797834,-0.135931,-0.587353,0.782532,-0.173524,-0.597941,0.874613,0.053194,0.481895,0.918107,-0.12162,0.37721,0.934683,0.0025,0.355474,0.903841,-0.022434,0.42728,-0.304746,-0.477374,0.824162,-0.205323,-0.482394,0.851551,-0.920212,0.37477,0.112949,-0.919362,0.384385,0.083799,-0.271185,0.331665,-0.90358,-0.346849,0.335308,-0.875936,0.864208,0.303191,-0.401522,0.851906,0.308439,-0.423229,0.873669,-0.013143,0.486343,0.874642,0.21512,0.434425,-0.263212,-0.680653,0.683689,-0.212241,-0.683754,0.698165,-0.73532,-0.676799,0.035341,-0.73701,-0.672719,0.065313,-0.733431,-0.675623,0.074917,-0.702935,-0.711166,-0.011168,-0.243255,-0.855211,-0.457647,-0.202284,-0.85849,-0.471249,-0.205697,-0.857727,-0.471161,-0.245329,-0.85542,-0.456146,0.557095,-0.733783,-0.388855,0.536132,-0.746103,-0.394832,0.47336,-0.779223,-0.410782,0.557095,-0.733782,-0.388855,0.606227,-0.678146,0.41546,0.626009,-0.66905,0.400607,0.168969,0.350922,0.921034,0.069241,0.354011,0.932675,0.964947,0.163191,0.205537,0.952819,0.179201,0.244997,0.728739,0.049932,-0.682969,0.680027,0.075066,-0.729334,-0.321593,0.29977,-0.898174,-0.430861,0.306409,-0.848807,-0.851365,0.502407,0.150879,-0.863621,0.502341,0.04256,0.185059,0.255344,0.948974,0.015249,0.253732,0.967154,0.948944,0.202614,0.241769,0.96304,0.191799,0.189123,0.575656,0.161285,-0.801628,0.507886,0.173024,-0.843869,-0.497687,0.209756,-0.841612,-0.632038,0.215605,-0.74434,-0.87825,0.230973,0.418722,-0.934495,0.227529,0.273769,-0.006026,0.991659,0.128747],"max":[0.964947,0.991659,0.976719],"min":[-0.986534,-0.85849,-0.933072],"stride":3},"e_s_rockseacliff02-POSITION":{"data":[13.4156,95.7865,96.0864,55.6651,218.534,32.0237,-30.2226,236.811,35.9663,-38.5175,91.0641,80.7348,-41.3378,90.9644,77.2707,-33.4526,236.128,33.7396,-55.5551,191.088,-51.4164,-52.3623,97.9427,-59.8994,15.5987,142.111,-91.1467,-49.9809,98.4677,-63.3859,-54.1293,188.091,-55.4747,9.47075,107.375,-81.9712,48.8438,106.484,4.20348,13.0606,107.719,-80.2815,76.8038,158.157,-9.41383,19.5547,141.065,-90.0382,16.9747,96.3304,94.1229,59.0074,215.631,30.2832,-58.2382,44.8004,58.6376,25.0835,37.0488,79.9809,-61.1591,45.1491,55.0036,-74.9877,49.6726,-69.8244,16.2144,44.6255,-106.265,-72.8095,49.6427,-73.8383,76.8526,36.4627,3.2141,20.1416,44.2901,-104.536,29.254,36.797,78.1522,-23.812,2.71787,29.9939,10.8184,-0.503828,38.8646,-29.2148,4.987,-8.98537,-27.0971,3.16595,26.121,6.86235,2.9235,-27.2595,-26.7768,5.01953,-13.8804,11.8833,2.44197,-25.6662,36.356,-0.935871,4.03685,15.4878,-0.78933,36.8915,51.9961,273.771,9.82396,15.0713,287.444,8.71935,65.9117,259.313,-31.636,55.4493,271.939,7.43822,32.6534,266.218,-56.9743,28.3135,267.874,-56.8845,-0.436966,283.535,-35.1798,11.6617,288.152,6.11949,-1.47115,284.855,-30.992,39.7027,358.12,-11.2166,27.3819,357.782,-9.19594,42.7408,358.535,-14.2732,44.9996,360.479,-29.1433,31.4351,361.271,-35.8801,27.1636,361.154,-35.1796,18.3999,359.957,-26.3623,23.5093,358.009,-11.1193,17.7549,359.401,-22.117],"max":[76.8526,361.271,96.0864],"min":[-74.9877,-0.935871,-106.265],"stride":3},"e_s_rockseacliff02-UV0":{"data":[-0.579046,2.16908,-0.741494,1.94817,-0.841589,2.11084,-0.638457,2.24679,-0.654404,2.26454,-0.852962,2.1322,-0.919447,2.26797,-0.84471,2.41105,-1.03382,2.41637,-0.859245,2.41935,-0.931599,2.2901,-0.969794,2.48518,-1.15276,2.72817,-0.980955,2.49706,-1.31641,2.5722,-1.04535,2.42422,-0.565368,2.14956,-0.529167,1.7876,-0.713516,1.92912,-0.419134,1.93348,-0.615243,2.35723,-0.456425,2.25575,-0.63055,2.36923,-0.779173,2.47403,-0.848728,2.557,-0.788194,2.48299,-0.89314,2.85739,-0.856742,2.57305,-0.436138,2.24492,-0.182739,2.12314,-0.487316,2.48595,-0.358884,2.4322,-0.60211,2.54486,-0.508426,2.50326,-0.695783,2.63861,-0.625657,2.56732,-0.706131,2.66703,-0.716385,2.79743,-0.331901,2.41995,-0.182739,2.35409,-0.911777,1.91036,-0.959541,2.00249,-0.89538,1.74825,-0.903913,1.88534,-1.30319,2.20933,-1.16353,2.18525,-1.13126,2.16898,-1.05386,2.11441,-0.972154,2.02012,-1.03679,2.0958,-1.08981,1.931,-1.0841,1.95549,-1.09988,1.91699,-1.16784,1.91083,-1.14637,1.97421,-1.13191,1.98117,-1.10801,1.98572,-1.0882,1.9652,-1.09946,1.98234],"max":[-0.182739,2.85739],"min":[-1.31641,1.74825],"stride":2}},"surfaces":{"cliffrock02_default":{"numPrimitives":97,"triangles":[38,42,48,48,53,59,47,52,58,17,18,18,14,17,17,38,42,48,38,42,48,39,43,49,17,18,18,39,43,49,38,42,48,47,52,58,47,52,58,36,40,46,39,43,49,36,40,46,47,52,58,45,50,56,37,41,47,36,40,46,45,50,56,45,50,56,46,51,57,37,41,47,37,41,47,46,51,57,52,57,64,52,57,64,43,48,54,37,41,47,44,49,55,43,48,54,52,57,64,43,48,54,5,5,5,2,2,2,2,2,2,37,41,47,43,48,54,2,2,2,1,1,1,37,41,47,36,40,46,37,41,47,1,1,1,1,1,1,39,43,49,36,40,46,39,43,49,1,1,1,17,18,18,7,7,7,6,6,6,10,10,10,6,6,6,7,7,7,4,4,4,4,4,4,5,5,5,6,6,6,5,5,5,4,4,4,3,3,3,3,3,3,2,2,2,5,5,5,2,2,2,3,3,3,0,0,0,0,0,0,1,1,1,2,2,2,1,1,1,0,0,0,16,16,16,16,16,16,17,18,18,1,1,1,16,16,16,14,17,17,17,18,18,16,16,16,12,19,19,14,17,17,20,22,34,30,33,33,27,30,30,27,30,30,18,20,20,20,22,34,19,21,21,18,20,20,27,30,30,3,3,3,18,20,20,19,21,21,19,21,21,0,0,0,3,3,3,16,16,16,0,0,0,19,21,21,19,21,21,26,28,28,16,16,16,12,19,19,16,16,16,26,28,28,26,28,28,24,29,29,12,19,19,27,30,30,28,31,31,19,21,21,28,31,31,26,28,28,19,21,21,26,28,28,28,31,31,35,38,44,26,28,28,35,38,44,24,29,45,35,38,44,34,39,45,24,29,45,22,24,24,23,25,25,9,9,9,9,9,9,23,25,25,21,23,23,21,23,23,7,7,7,9,9,9,7,7,7,21,23,23,20,22,22,7,7,7,20,22,22,4,4,4,4,4,4,20,22,22,18,20,20,18,20,20,3,3,3,4,4,4,13,13,13,15,15,15,14,14,14,12,12,12,13,13,13,14,14,14,13,13,13,12,12,12,24,26,26,24,26,26,25,27,27,13,13,13,13,13,13,25,27,27,22,24,24,22,24,24,11,11,11,13,13,13,9,9,9,11,11,11,22,24,24,8,8,8,11,11,11,9,9,9,8,8,8,9,9,9,10,10,10,10,10,10,9,9,9,7,7,7,8,8,8,13,13,13,11,11,11,13,13,13,8,8,8,15,15,15,43,48,54,44,49,55,5,5,5,6,6,6,5,5,5,44,49,55,6,6,6,44,49,55,42,47,53,42,47,53,10,10,10,6,6,6,42,47,53,41,46,52,10,10,10,41,46,52,8,8,8,10,10,10,8,8,8,41,46,52,40,45,51,40,45,51,15,15,15,8,8,8,15,15,15,40,45,51,38,44,50,38,44,50,14,14,14,15,15,15,52,57,64,53,58,65,44,49,55,44,49,55,53,58,65,51,56,63,51,56,63,42,47,53,44,49,55,42,47,53,51,56,63,50,55,62,50,55,62,41,46,52,42,47,53,41,46,52,50,55,62,49,54,61,49,54,61,40,45,51,41,46,52,40,45,51,49,54,61,48,53,60,48,53,60,38,44,50,40,45,51,51,56,66,53,58,66,52,57,66,50,55,66,51,56,66,52,57,66,50,55,66,52,57,66,46,51,66,46,51,66,49,54,66,50,55,66,49,54,66,46,51,66,45,50,66,45,50,66,47,52,66,49,54,66,47,52,66,48,53,66,49,54,66,24,26,40,34,37,43,33,36,41,24,26,40,33,36,41,25,27,42,25,27,42,33,36,41,31,34,38,31,34,38,22,24,37,25,27,42,23,25,36,22,24,37,31,34,38,31,34,38,32,35,39,23,25,36,32,35,39,21,23,35,23,25,36,32,35,39,29,32,32,21,23,35,20,22,34,21,23,35,29,32,32,29,32,32,30,33,33,20,22,34]}}}},"images":{"tree_01_split20_file5":"environment/textures/cliffrock01_tile.dds"},"materials":{"cliffrock02_default":{"effect":"cliffrock02_default"}},"nodes":{"e_s_rockseacliff02":{"geometryinstances":{"e_s_rockseacliff02Mesh":{"geometry":"e_s_rockseacliff02Mesh","material":"cliffrock02_default","surface":"cliffrock02_default"}},"matrix":[0.01,0,0,0,0.01,0,0,0,0.01,0,0,0]}},"version":1}
