{"effects":{"cliffrock02_default":{"meta":{"normals":true},"parameters":{"diffuse":"materialSwatches_tree_01_split20_file5","reflectivity":0.5,"shininess":300},"type":"phong"},"hill_default_worlduv":{"meta":{"normals":true},"parameters":{"diffuse":"file3"},"type":"lambert"},"hill_shiny":{"meta":{"normals":true},"parameters":{"diffuse":"file5","reflectivity":0.5,"shininess":6.31179},"type":"phong"}},"geometries":{"e_s_hill_02Mesh":{"inputs":{"NORMAL":{"offset":2,"source":"e_s_hill_02-Normal0"},"POSITION":{"offset":0,"source":"e_s_hill_02-POSITION"},"TEXCOORD0":{"offset":1,"source":"e_s_hill_02-UV0"}},"meta":{"graphics":true},"sources":{"e_s_hill_02-Normal0":{"data":[-0.247105,-0.045393,0.967925,-0.238175,-0.001851,0.97122,-0.08496,-0.087301,0.992552,-0.067359,-0.0032,0.997724,-0.074693,-0.081834,0.993843,-0.22597,-0.075649,0.971192,-0.202174,-0.343704,0.917057,-0.048148,-0.352674,0.934507,0.085515,-0.076982,0.993358,0.106667,0.000487,0.994295,0.306575,-0.268623,0.913156,0.318218,0.004724,0.948006,0.089763,-0.342142,0.935351,0.242702,-0.308139,0.919862,0.285087,-0.082369,0.954956,0.082763,-0.08649,0.992809,0,1,0.00023,-0.001695,0.999984,0.005465,-0.001555,0.999879,0.015468,0.001808,0.999911,0.013198,0.001325,0.999993,0.003611,0.147546,0.914478,0.376777],"max":[0.318218,1,0.997724],"min":[-0.247105,-0.352674,0.00023],"stride":3},"e_s_hill_02-POSITION":{"data":[-49.2686,97.0222,46.3428,-46.7628,74.3768,38.8417,-21.9197,97.0222,53.3607,-17.5929,74.3768,45.6832,-21.9144,37.6039,53.3077,-49.258,37.6039,46.2898,-45.4551,0,34.0244,-15.8864,0,39.5533,32.1497,97.0222,52.583,35.1122,74.3768,44.925,50.7314,97.0222,46.3428,53.2372,74.3768,38.8417,36.1266,0,37.5493,54.545,0,34.0244,50.742,37.6039,46.2898,32.1497,37.6039,52.53,-50,100,-50,-49.2686,99.9781,38.1323,-21.9197,99.9781,48.814,50,100,-50,32.1497,99.9781,46.4453,50.7314,99.9781,38.1323],"max":[54.545,100,53.3607],"min":[-50,0,-50],"stride":3},"e_s_hill_02-UV0":{"data":[-0.580135,0.556211,-0.580136,0.620216,-0.514842,0.556211,-0.514842,0.620216,-0.514842,0.724151,-0.580136,0.724151,-0.580218,0.830434,-0.51514,0.830434,-0.389646,0.556211,-0.389632,0.620216,-0.348025,0.556211,-0.348026,0.620216,-0.388273,0.830434,-0.348075,0.830434,-0.348026,0.724151,-0.389632,0.724151,0.207403,0.393833,0.031159,0.395301,0.009798,0.450158,0.207403,0.594418,0.014534,0.558613,0.033377,0.592951,0.01474,0.395301,0.000705,0.450158,0.01474,0.592951,0.002261,0.558613],"max":[0.207403,0.830434],"min":[-0.580218,0.393833],"stride":2}},"surfaces":{"cliffrock02_default":{"numPrimitives":18,"triangles":[12,12,12,13,13,13,14,14,14,0,0,0,1,1,1,2,2,2,3,3,3,2,2,2,1,1,1,8,8,8,2,2,2,3,3,3,3,3,3,9,9,9,8,8,8,8,8,8,9,9,9,10,10,10,9,9,9,11,11,11,10,10,10,11,11,11,9,9,9,14,14,14,15,15,15,14,14,14,9,9,9,14,14,14,15,15,15,12,12,12,7,7,7,12,12,12,15,15,15,15,15,15,4,4,4,7,7,7,7,7,7,4,4,4,6,6,6,5,5,5,6,6,6,4,4,4,1,1,1,5,5,5,4,4,4,4,4,4,3,3,3,1,1,1,4,4,4,15,15,15,3,3,3,3,3,3,15,15,15,9,9,9]},"hill_default_worlduv":{"numPrimitives":4,"triangles":[16,16,16,17,17,17,18,18,18,18,18,18,19,19,16,16,16,16,19,19,16,18,18,18,20,20,19,20,20,19,21,21,20,19,19,16]},"hill_shiny":{"numPrimitives":6,"triangles":[18,18,18,17,17,17,0,22,0,0,22,0,2,23,2,18,18,18,8,25,8,18,18,18,2,23,2,18,18,18,8,25,8,20,20,19,10,24,21,20,20,19,8,25,8,20,20,19,10,24,21,21,21,20]}}}},"images":{"file3":"environment/textures/hill01_tile.dds","file5":"environment/textures/hill01_tile.dds","materialSwatches_tree_01_split20_file5":"environment/textures/cliffrock02_tile.dds"},"materials":{"cliffrock02_default":{"effect":"cliffrock02_default"},"hill_default_worlduv":{"effect":"hill_default_worlduv"},"hill_shiny":{"effect":"hill_shiny"}},"nodes":{"e_s_hill_02":{"geometryinstances":{"e_s_hill_02Mesh-cliffrock02_default":{"geometry":"e_s_hill_02Mesh","material":"cliffrock02_default","surface":"cliffrock02_default"},"e_s_hill_02Mesh-hill_default_worlduv":{"geometry":"e_s_hill_02Mesh","material":"hill_default_worlduv","surface":"hill_default_worlduv"},"e_s_hill_02Mesh-hill_shiny":{"geometry":"e_s_hill_02Mesh","material":"hill_shiny","surface":"hill_shiny"}},"matrix":[0.01,0,0,0,0.01,0,0,0,0.01,0,0,0]}},"version":1}
