{"effects":{"cliffrock02_default":{"meta":{"normals":true},"parameters":{"diffuse":"materialSwatches_tree_01_split20_file5","reflectivity":0.5,"shininess":300},"type":"phong"},"hillstep_default_worlduv":{"meta":{"normals":true},"parameters":{"diffuse":"file4"},"type":"lambert"},"hillstep_shiny":{"meta":{"normals":true},"parameters":{"diffuse":"file6","reflectivity":0.5,"shininess":6.31179},"type":"phong"}},"geometries":{"e_s_hillstep_01Mesh":{"inputs":{"NORMAL":{"offset":2,"source":"e_s_hillstep_01-Normal0"},"POSITION":{"offset":0,"source":"e_s_hillstep_01-POSITION"},"TEXCOORD0":{"offset":1,"source":"e_s_hillstep_01-UV0"}},"meta":{"graphics":true},"sources":{"e_s_hillstep_01-Normal0":{"data":[-0.196012,-0.100091,0.97548,-0.148801,-0.294095,0.944122,-0.007278,-0.163963,0.98644,0.002726,-0.28804,0.957615,-0.142452,-0.175885,0.974049,-0.000987,-0.175975,0.984394,0.119478,-0.171621,0.977891,0.08744,-0.259931,0.96166,0.0829,-0.174359,0.981186,0,1,0.000116,-5.9e-05,0.999946,0.010387,0.001183,0.999972,0.007388,-0.001023,0.999991,0.004047],"max":[0.119478,1,0.98644],"min":[-0.196012,-0.294095,0.000116],"stride":3},"e_s_hillstep_01-POSITION":{"data":[-49.2685,48.5111,46.3428,-46.7628,37.1884,38.8417,-10.8081,48.5111,53.7134,-9.30014,37.1884,46.0271,-45.455,0,34.0244,-9.6832,0,37.5493,50.7315,48.5111,46.3428,53.2372,37.1884,38.8417,54.5449,0,34.0244,50,50,-50,-10.8081,49.989,50.7798,50.7315,49.989,38.1323,-50,50,-50,-49.2685,49.989,38.1323],"max":[54.5449,50,53.7134],"min":[-50,0,-50],"stride":3},"e_s_hillstep_01-UV0":{"data":[-0.348025,0.556211,-0.348026,0.620216,-0.264857,0.556211,-0.264863,0.620216,-0.34805,0.777293,-0.263639,0.777293,-0.145483,0.556211,-0.145483,0.620216,-0.145489,0.777293,0.207403,0.795003,0.005866,0.673031,0.033377,0.790601,0.207403,0.594418,0.033377,0.592951,0.01474,0.592951,0,0.673031,0.01474,0.790601],"max":[0.207403,0.795003],"min":[-0.34805,0.556211],"stride":2}},"surfaces":{"cliffrock02_default":{"numPrimitives":8,"triangles":[0,0,0,1,1,1,2,2,2,1,1,1,3,3,3,2,2,2,2,2,2,3,3,3,6,6,6,3,3,3,7,7,7,6,6,6,7,7,7,3,3,3,5,5,5,5,5,5,8,8,8,7,7,7,1,1,1,4,4,4,3,3,3,4,4,4,5,5,5,3,3,3]},"hillstep_default_worlduv":{"numPrimitives":3,"triangles":[12,12,9,13,13,12,10,10,10,10,10,10,9,9,9,12,12,9,9,9,9,10,10,10,11,11,11]},"hillstep_shiny":{"numPrimitives":4,"triangles":[10,10,10,13,13,12,0,14,0,0,14,0,2,15,2,10,10,10,6,16,6,10,10,10,2,15,2,10,10,10,6,16,6,11,11,11]}}}},"images":{"file4":"environment/textures/hillstep01_tile.dds","file6":"environment/textures/hillstep01_tile.dds","materialSwatches_tree_01_split20_file5":"environment/textures/cliffrock02_tile.dds"},"materials":{"cliffrock02_default":{"effect":"cliffrock02_default"},"hillstep_default_worlduv":{"effect":"hillstep_default_worlduv"},"hillstep_shiny":{"effect":"hillstep_shiny"}},"nodes":{"e_s_hillstep_01":{"geometryinstances":{"e_s_hillstep_01Mesh-cliffrock02_default":{"geometry":"e_s_hillstep_01Mesh","material":"cliffrock02_default","surface":"cliffrock02_default"},"e_s_hillstep_01Mesh-hillstep_default_worlduv":{"geometry":"e_s_hillstep_01Mesh","material":"hillstep_default_worlduv","surface":"hillstep_default_worlduv"},"e_s_hillstep_01Mesh-hillstep_shiny":{"geometry":"e_s_hillstep_01Mesh","material":"hillstep_shiny","surface":"hillstep_shiny"}},"matrix":[0.01,0,0,0,0.01,0,0,0,0.01,0,0,0]}},"version":1}
