{"effects":{"cliffrock02_default":{"meta":{"normals":true},"parameters":{"diffuse":"materialSwatches_tree_01_split20_file5","reflectivity":0.5,"shininess":300},"type":"phong"},"hill_default_worlduv":{"meta":{"normals":true},"parameters":{"diffuse":"file3"},"type":"lambert"},"hill_shiny":{"meta":{"normals":true},"parameters":{"diffuse":"file5","reflectivity":0.5,"shininess":6.31179},"type":"phong"}},"geometries":{"e_s_hill_01Mesh":{"inputs":{"NORMAL":{"offset":2,"source":"e_s_hill_01-Normal0"},"POSITION":{"offset":0,"source":"e_s_hill_01-POSITION"},"TEXCOORD0":{"offset":1,"source":"e_s_hill_01-UV0"}},"meta":{"graphics":true},"sources":{"e_s_hill_01-Normal0":{"data":[-0.196489,-0.05681,0.978859,-0.188338,-0.00221,0.982102,-0.003984,-0.08519,0.996357,0.003545,-0.002589,0.99999,-0.00207,-0.086615,0.99624,-0.166419,-0.083412,0.982521,-0.135677,-0.357554,0.923984,0.001232,-0.352944,0.935643,0.121186,-0.07466,0.989818,0.116496,0.003437,0.993185,0.10051,-0.094293,0.990458,0.08092,-0.347192,0.934296,0,1,0.000232,-9.1e-05,0.999795,0.02025,0.002381,0.999887,0.014866,-0.00207,0.999964,0.008181],"max":[0.121186,1,0.99999],"min":[-0.196489,-0.357554,0.000232],"stride":3},"e_s_hill_01-POSITION":{"data":[-49.2685,97.0222,46.3428,-46.7628,74.3768,38.8417,-10.8081,97.0222,53.7134,-9.30014,74.3768,46.0271,-10.8293,37.6039,53.6604,-49.258,37.6039,46.2898,-45.455,0,34.0244,-9.6832,0,37.5493,50.7315,97.0222,46.3428,53.2372,74.3768,38.8417,50.742,37.6039,46.2898,54.5449,0,34.0244,50,100,-50,-10.8081,99.9781,50.7798,50.7315,99.9781,38.1323,-50,100,-50,-49.2685,99.9781,38.1323],"max":[54.5449,100,53.7134],"min":[-50,0,-50],"stride":3},"e_s_hill_01-UV0":{"data":[-0.348025,0.556211,-0.348026,0.620216,-0.264857,0.556211,-0.264863,0.620216,-0.264863,0.724151,-0.348026,0.724151,-0.348075,0.830434,-0.262414,0.830434,-0.145483,0.556211,-0.145483,0.620216,-0.145483,0.724151,-0.145495,0.830434,0.207403,0.795003,0.005866,0.673031,0.033377,0.790601,0.207403,0.594418,0.033377,0.592951,0.01474,0.592951,0,0.673031,0.01474,0.790601],"max":[0.207403,0.830434],"min":[-0.348075,0.556211],"stride":2}},"surfaces":{"cliffrock02_default":{"numPrimitives":12,"triangles":[7,7,7,11,11,11,10,10,10,0,0,0,1,1,1,2,2,2,1,1,1,3,3,3,2,2,2,2,2,2,3,3,3,8,8,8,3,3,3,9,9,9,8,8,8,3,3,3,10,10,10,9,9,9,4,4,4,10,10,10,3,3,3,10,10,10,4,4,4,7,7,7,6,6,6,7,7,7,4,4,4,5,5,5,6,6,6,4,4,4,1,1,1,5,5,5,4,4,4,4,4,4,3,3,3,1,1,1]},"hill_default_worlduv":{"numPrimitives":3,"triangles":[15,15,12,16,16,15,13,13,13,13,13,13,12,12,12,15,15,12,12,12,12,13,13,13,14,14,14]},"hill_shiny":{"numPrimitives":4,"triangles":[13,13,13,16,16,15,0,17,0,0,17,0,2,18,2,13,13,13,8,19,8,13,13,13,2,18,2,13,13,13,8,19,8,14,14,14]}}}},"images":{"file3":"environment/textures/hill01_tile.dds","file5":"environment/textures/hill01_tile.dds","materialSwatches_tree_01_split20_file5":"environment/textures/cliffrock02_tile.dds"},"materials":{"cliffrock02_default":{"effect":"cliffrock02_default"},"hill_default_worlduv":{"effect":"hill_default_worlduv"},"hill_shiny":{"effect":"hill_shiny"}},"nodes":{"e_s_hill_01":{"geometryinstances":{"e_s_hill_01Mesh-cliffrock02_default":{"geometry":"e_s_hill_01Mesh","material":"cliffrock02_default","surface":"cliffrock02_default"},"e_s_hill_01Mesh-hill_default_worlduv":{"geometry":"e_s_hill_01Mesh","material":"hill_default_worlduv","surface":"hill_default_worlduv"},"e_s_hill_01Mesh-hill_shiny":{"geometry":"e_s_hill_01Mesh","material":"hill_shiny","surface":"hill_shiny"}},"matrix":[0.01,0,0,0,0.01,0,0,0,0.01,0,0,0]}},"version":1}
