{"effects":{"monstercolour_default":{"meta":{"normals":true},"parameters":{"diffuse":"monsterscolour_1","reflectivity":0.5,"shininess":1.73205},"type":"phong"}},"geometries":{"e_s_cloudmedMesh":{"inputs":{"NORMAL":{"offset":2,"source":"e_s_cloudmed-Normal0"},"POSITION":{"offset":0,"source":"e_s_cloudmed-POSITION"},"TEXCOORD0":{"offset":1,"source":"e_s_cloudmed-UV0"}},"meta":{"graphics":true},"sources":{"e_s_cloudmed-Normal0":{"data":[-0.661069,-0.389254,-0.641459,-0.142811,-0.988217,0.055069,-0.130474,-0.991177,0.023346,-0.072868,-0.997342,0.000106,-0.193008,-0.981179,0.005992,0.374958,-0.921698,0.099393,0.402442,-0.911659,0.08317,0.639065,-0.699715,0.319366,0.374326,-0.887828,0.267659,0.614972,0.30989,-0.725105,0.74901,0.270794,-0.604694,0.719895,0.280781,-0.634754,-0.199735,0.950019,-0.239937,-0.612468,0.732531,-0.297122,-0.400332,0.916365,0.003072,-0.81156,-0.156131,0.563021,-0.883025,0.027905,0.468495,-0.830154,-0.234314,0.505906,-0.832865,-0.2362,0.500544,0.135521,0.924791,0.355522,0.556188,0.655927,0.510309,0.281374,0.953375,0.109111,0.285882,0.910239,-0.299561,0.391827,0.895769,-0.209927,0.219786,0.971881,-0.084511,0.075248,-0.981891,-0.17386,0.099821,-0.988564,-0.113031,-0.045668,-0.994197,-0.097395,0.093343,-0.990822,-0.097768,0.208554,-0.962315,-0.174516,-0.13954,0.974176,0.177511,-0.169716,0.946312,0.27512,-0.090154,0.972352,0.215416,-0.262388,0.921541,0.286207,0.208174,0.9685,-0.136641,0.065648,-0.99548,0.06863,0.033727,-0.981819,0.186799,-0.183578,-0.980689,0.06744,-0.101178,-0.992804,-0.064052,-0.389113,-0.554344,0.735727,0.701853,0.220206,-0.67743,0.688771,0.222433,-0.690013,0.585179,0.236546,-0.775637,0.265245,0.928957,-0.258232,0.200988,0.932554,-0.299912,0.216948,-0.958766,-0.183581,-0.366858,-0.92926,-0.043489,-0.912393,0.216241,0.347532,-0.921514,-0.313137,0.229689,0.077478,0.152987,0.985186,-0.156726,0.91321,0.376145,-0.156726,0.913209,0.376145],"max":[0.74901,0.974176,0.985186],"min":[-0.921514,-0.997342,-0.775637],"stride":3},"e_s_cloudmed-POSITION":{"data":[-261.208,79.9064,-614.527,-183.758,-44.3059,-608.689,-383.32,-92.8295,-383.861,-588.13,-13.8492,-210.437,-546.76,-43.108,-67.569,-373.474,-94.8516,-290.366,0.333824,-103.473,22.2303,-231.319,-71.3221,333.184,343.477,-111.386,309.184,541.676,-57.1077,89.987,580.667,39.4632,165.06,271.286,-62.4167,619.416,177.149,-48.7007,-214.848,164.739,49.2806,-184.231,-304.017,143.259,-408.751,-528.725,68.9999,-89.9743,-491.295,27.3271,18.1688,-245.038,26.6951,362.669,222.787,14.4998,587.202,450.071,93.8967,223.64,71.938,124.732,-61.3438,8.28677,-92.6641,-252.461,54.2121,-98.6122,-108.313,152.488,-46.9427,-341.099,-148.387,144.128,-32.877,-83.285,128.041,92.2974,27.8344,157.195,-180.501,175.555,-145.481,393.043,115.463,-95.7637,612.765,-181.447,-101.024,443.676,-27.1541,-140.806,223.528,69.3661,-29.5369,630.19,-206.997,-22.3326,497.549,148.56,73.6142,-322.009],"max":[580.667,157.195,630.19],"min":[-588.13,-145.481,-614.527],"stride":3},"e_s_cloudmed-UV0":{"data":[0.123443,0.142672,0.118843,0.144412,0.11908,0.148062,0.123523,0.149364,0.136383,0.156322,0.13862,0.15875,0.144211,0.153358,0.140861,0.14946,0.127852,0.146669,0.127852,0.150307,0.13149,0.150307,0.13149,0.142734,0.127852,0.155565,0.13149,0.156331,0.126918,0.144911,0.126849,0.150246,0.125832,0.15244,0.123111,0.151933,0.123111,0.158794,0.12675,0.158009,0.134187,0.144241,0.134187,0.150307,0.135128,0.155565,0.14212,0.163843,0.144515,0.157598,0.138514,0.160193,0.145125,0.155289,0.149344,0.148408,0.152982,0.152047,0.147202,0.159259,0.143962,0.131281,0.15053,0.131821,0.148229,0.125946,0.147801,0.139044,0.151344,0.134,0.144108,0.133476,0.1592,0.137243,0.154832,0.143309,0.153414,0.129728,0.146404,0.147,0.145893,0.144412,0.141313,0.147358,0.143372,0.149924,0.12506,0.163215,0.125616,0.160696,0.12248,0.160897,0.12248,0.163843,0.131664,0.158723,0.127328,0.15752,0.127222,0.162103,0.131822,0.163843,0.135297,0.161604,0.135789,0.157822,0.14753,0.157305,0.153748,0.131985,0.136066,0.158891,0.148613,0.144474,0.143713,0.140922,0.140913,0.14167,0.140993,0.14425,0.143713,0.143619,0.152032,0.14425,0.147878,0.141731],"max":[0.1592,0.163843],"min":[0.118843,0.125946],"stride":2}},"surfaces":{"monstercolour_default":{"numPrimitives":64,"triangles":[8,8,5,9,9,6,10,10,7,11,11,8,8,8,5,10,10,7,18,20,19,11,11,20,19,21,21,10,10,20,19,21,21,11,11,20,33,47,43,0,50,44,14,51,12,14,51,12,26,52,34,33,47,43,13,13,23,33,47,43,26,52,34,26,52,34,20,22,24,13,13,23,13,13,23,20,22,24,19,21,21,19,21,21,10,10,22,13,13,23,0,0,0,1,1,0,2,2,0,2,2,0,3,3,0,0,0,0,18,57,49,31,58,49,28,59,49,28,59,49,11,60,49,18,57,49,31,43,39,32,44,39,29,45,39,29,45,39,28,46,39,31,43,39,14,14,12,0,0,13,3,3,13,3,3,13,15,15,14,14,14,12,29,45,48,32,44,48,17,19,18,17,19,18,7,18,17,29,45,48,7,18,17,17,19,18,16,16,15,16,16,15,4,17,16,7,18,17,16,16,15,15,15,47,4,17,16,4,17,16,15,15,47,3,3,47,19,36,21,25,34,32,18,37,19,20,54,24,25,34,32,19,36,21,24,31,30,25,34,32,20,54,24,20,54,24,26,38,34,24,31,30,26,38,34,14,32,12,24,31,30,15,30,14,24,31,30,14,32,12,24,31,30,15,30,14,16,35,33,25,34,32,24,31,30,16,35,33,17,33,31,25,34,32,16,35,33,17,33,31,18,37,19,25,34,32,31,61,50,18,37,19,17,33,31,17,33,31,32,62,51,31,61,50,13,13,11,10,10,9,9,9,9,9,9,9,12,12,10,13,13,11,33,47,40,13,13,11,12,12,10,12,12,10,23,48,41,33,47,40,33,47,40,23,48,41,1,49,42,1,49,42,0,50,42,33,47,40,8,27,5,22,26,28,9,28,6,12,53,45,9,28,6,22,26,28,22,26,28,21,24,26,12,53,45,12,53,45,21,24,26,23,29,29,23,29,29,21,24,26,1,23,25,1,23,25,21,24,26,2,25,27,5,5,2,2,25,27,21,24,26,2,25,27,5,5,2,3,55,46,4,4,1,3,55,46,5,5,2,4,4,1,5,5,2,6,6,3,6,6,3,7,7,4,4,4,1,6,6,3,30,42,38,7,7,4,30,42,38,29,41,37,7,7,4,29,41,37,30,42,38,27,39,35,27,39,35,28,40,36,29,41,37,11,56,8,28,40,36,27,39,35,27,39,35,8,27,5,11,56,8,8,27,5,27,39,35,30,42,38,30,42,38,6,6,3,8,27,5,6,6,3,22,26,28,8,27,5,6,6,3,5,5,2,22,26,28,21,24,26,22,26,28,5,5,2]}}}},"images":{"monsterscolour_1":"characters/textures/monsterscolour.dds"},"materials":{"monstercolour_default":{"effect":"monstercolour_default"}},"nodes":{"e_s_cloudmed":{"geometryinstances":{"e_s_cloudmedMesh":{"geometry":"e_s_cloudmedMesh","material":"monstercolour_default","surface":"monstercolour_default"}},"matrix":[0.01,0,0,0,0.01,0,0,0,0.01,0,0,0]}},"version":1}
