{"effects":{"skywind_blend_alpha_noshadows_uvtransform":{"meta":{"transparent":true},"parameters":{"diffuse":"file4"},"type":"blend"}},"geometries":{"e_s_skywindMesh":{"inputs":{"NORMAL":{"offset":1,"source":"e_s_skywind-Normal0"},"POSITION":{"offset":0,"source":"e_s_skywind-POSITION"},"TEXCOORD0":{"offset":0,"source":"e_s_skywind-UV0"}},"meta":{"graphics":true},"sources":{"e_s_skywind-Normal0":{"data":[0,1,0],"max":[0,1,0],"min":[0,1,0],"stride":3},"e_s_skywind-POSITION":{"data":[-59.7898,0,13.1722,-57.8777,0,141.485,-52.8462,0,141.479,-64.8215,0,13.1753,64.4888,0,-1013.14,34.4216,0,-884.856,36.7769,0,-884.856,64.5942,0,-1013.14,-24.1582,0,506.642,-12.8076,0,628.363,-7.77612,0,628.357,-29.1897,0,506.648,-38.3911,0,-499.995,-53.0698,0,-371.708,-48.0383,0,-371.708,-33.3596,0,-499.995,5.26782,0,-756.569,-18.6045,0,-628.282,-13.573,0,-628.282,10.2993,0,-756.569,-61.6025,0,-243.421,-67.0623,0,-115.134,-62.0308,0,-115.134,-56.571,0,-243.421,-44.3901,0,269.766,-40.1355,0,393.134,-35.104,0,393.128,-49.4216,0,269.772,12.9548,0,756.631,36.4971,0,884.892,38.99,0,884.889,7.92334,0,756.637,66.7898,0,1013.14,67.0623,0,1013.14],"max":[67.0623,0,1013.14],"min":[-67.0623,0,-1013.14],"stride":3},"e_s_skywind-UV0":{"data":[0.858032,0.50156,0.842101,0.49844,0.842101,0.50156,0.858032,0.49844,0.988483,0.49844,0.972419,0.49844,0.972419,0.50156,0.988483,0.50156,0.794308,0.50156,0.780591,0.49844,0.780591,0.50156,0.794308,0.49844,0.921756,0.49844,0.905825,0.49844,0.905825,0.50156,0.921756,0.50156,0.954549,0.49844,0.937687,0.49844,0.937687,0.50156,0.954549,0.50156,0.889894,0.49844,0.873963,0.49844,0.873963,0.50156,0.889894,0.50156,0.82617,0.50156,0.810239,0.49844,0.810239,0.50156,0.82617,0.49844,0.768101,0.50156,0.756908,0.49844,0.756908,0.50156,0.768101,0.49844,0.748207,0.49844,0.748207,0.50156],"max":[0.988483,0.50156],"min":[0.748207,0.49844],"stride":2}},"surfaces":{"skywind_blend_alpha_noshadows_uvtransform":{"numPrimitives":32,"triangles":[6,0,7,0,4,0,4,0,5,0,6,0,19,0,6,0,5,0,5,0,16,0,19,0,18,0,19,0,16,0,16,0,17,0,18,0,15,0,18,0,17,0,17,0,12,0,15,0,14,0,15,0,12,0,12,0,13,0,14,0,23,0,14,0,13,0,13,0,20,0,23,0,22,0,23,0,20,0,20,0,21,0,22,0,22,0,21,0,3,0,22,0,3,0,0,0,0,0,3,0,1,0,0,0,1,0,2,0,2,0,1,0,27,0,2,0,27,0,24,0,24,0,27,0,25,0,24,0,25,0,26,0,26,0,25,0,11,0,26,0,11,0,8,0,8,0,11,0,9,0,8,0,9,0,10,0,10,0,9,0,31,0,10,0,31,0,28,0,28,0,31,0,29,0,28,0,29,0,30,0,30,0,29,0,32,0,30,0,32,0,33,0]}}}},"images":{"file4":"environment/textures/skywind.dds"},"materials":{"skywind_blend_alpha_noshadows_uvtransform":{"effect":"skywind_blend_alpha_noshadows_uvtransform"}},"nodes":{"e_s_skywind":{"geometryinstances":{"e_s_skywindMesh":{"geometry":"e_s_skywindMesh","material":"skywind_blend_alpha_noshadows_uvtransform","surface":"skywind_blend_alpha_noshadows_uvtransform"}},"matrix":[0.01,0,0,0,0.01,0,0,0,0.01,0,0,0]}},"version":1}
