{"effects":{"floortiles_default_noshadows":{"meta":{"normals":true},"parameters":{"diffuse":"file6","reflectivity":0.5,"shininess":300},"type":"phong"}},"geometries":{"e_v_floortiles01Mesh":{"inputs":{"NORMAL":{"offset":2,"source":"e_v_floortiles01-Normal0"},"POSITION":{"offset":0,"source":"e_v_floortiles01-POSITION"},"TEXCOORD0":{"offset":1,"source":"e_v_floortiles01-UV0"}},"meta":{"graphics":true},"sources":{"e_v_floortiles01-Normal0":{"data":[0.056306,0.277212,0.959157,0,1,0,0.059418,0.558354,-0.827472,0.885064,0.464517,0.029766,-0.879334,0.476203,-0.001583,0.060899,0.148127,0.987091,0.05869,0.998276,-0.00083,-0.020673,0.157094,-0.987367,0.940053,0.336185,-0.057271,-0.978602,0.203657,-0.029373,-0.062216,0,0.998063,0,0,-1,1,0,0,-0.9962,0,-0.087092,-0.029658,0.535523,0.844,0,0.545151,-0.838338,0.921214,0.386915,-0.040766,-0.92963,0.356458,0.093411,-0.007288,0.472232,0.881444,-0.041035,0.999158,0.000485,-0.097173,0.453749,-0.885816,0.931623,0.363169,0.013674,-0.999247,0,0.038812,0,0.622831,0.782356,0.08054,0.586504,-0.805932,0.794461,0.606606,0.029334,-0.80436,0.59184,-0.052253,0.103965,0,0.994581,0.998511,0,-0.054547,-0.985456,0,-0.169931],"max":[1,1,0.998063],"min":[-0.999247,0,-1],"stride":3},"e_v_floortiles01-POSITION":{"data":[43.5852,0,26.5313,18.8912,2.96665,27.1235,17.4125,0,28.0005,42.1654,2.96665,25.69,19.145,2.96665,-41.8952,44.2654,2.96665,-39.9908,17.4125,0,-43.9208,45.9978,0,-41.9688,43.0758,2.09735,45.0062,16.0043,3.64873,46.5632,15.2307,0,47.0388,43.8494,0,45.3928,16.4842,3.64873,30.5765,42.1566,2.09735,29.919,42.8777,0,29.4434,15.738,0,30.1384,12.4577,0,46.8374,-10.325,3.39515,45.4172,-10.325,0,45.4172,12.4577,3.39515,46.8374,-9.14298,3.39515,31.8969,12.4577,3.39515,31.8969,-9.14298,0,31.8969,12.4577,0,31.8969,-14.4308,3.27599,43.8408,-42.5971,3.27599,42.8511,-43.648,0,44.8928,-12.9606,0,45.9711,-16.5371,3.27599,-3.75761,-47.2804,3.27599,-3.75761,-48.7506,0,-5.88791,-15.2554,0,-5.88791,11.3458,2.85244,27.9621,-9.14298,1.94483,28.1003,-9.14298,0,29.3209,12.4577,0,29.3209,-11.4342,1.94483,-29.6691,12.2462,2.85244,-32.0262,13.3582,0,-33.385,-11.4342,0,-30.8897,-15.2339,0,-10.2175,-46.8091,1.68885,-11.562,-48.1391,0,-10.2175,-16.4738,1.68885,-11.562,-44.7471,1.68885,-43.3036,-15.4101,1.68885,-40.3718,-14.0801,0,-41.4679,-45.9024,0,-44.648,12.9078,0,-36.0753,-10.9943,3.71178,-33.5768,-10.9943,0,-33.5768,12.9078,3.71178,-36.0753,-9.14298,3.71178,-44.313,12.4577,3.71178,-44.313,-9.14298,0,-44.313,12.4577,0,-44.313],"max":[45.9978,3.71178,47.0388],"min":[-48.7506,0,-44.648],"stride":3},"e_v_floortiles01-UV0":{"data":[0.561871,0.202516,0.553754,0.057606,0.552621,0.055482,0.563193,0.200621,0.872682,0.053394,0.88534,0.203339,0.875726,0.051167,0.888029,0.20591,0.399596,0.474515,0.511758,0.475606,0.51285,0.474952,0.398537,0.473932,0.526791,0.555581,0.39564,0.555581,0.394621,0.556236,0.52781,0.556236,0.909229,0.228686,0.908495,0.049328,0.974343,0.040479,0.987691,0.233461,0.053911,0.198673,0.064653,0.043264,0.061817,0.041632,0.050738,0.200527,0.31441,0.192848,0.300656,0.038442,0.303828,0.036587,0.317354,0.194807,0.048887,0.441895,0.07834,0.249277,0.076593,0.249172,0.046849,0.443319,0.431451,0.267361,0.432861,0.422664,0.434714,0.424322,0.433198,0.267466,0.343351,0.233641,0.342073,0.051411,0.340258,0.049452,0.345379,0.232038,0.502654,0.036026,0.530961,0.225501,0.53242,0.227438,0.504675,0.03454,0.359438,0.546016,0.058791,0.555783,0.049617,0.484321,0.345042,0.478385],"max":[0.987691,0.556236],"min":[0.046849,0.03454],"stride":2}},"surfaces":{"floortiles_default_noshadows":{"numPrimitives":70,"triangles":[0,0,0,3,3,0,1,1,0,0,0,0,1,1,0,2,2,0,51,44,28,48,44,28,53,47,28,55,47,28,53,47,28,48,44,28,54,46,11,52,46,11,55,47,11,52,46,11,53,47,11,55,47,11,32,28,21,35,31,21,37,33,21,38,34,21,37,33,21,35,31,21,24,20,16,27,23,16,28,24,16,31,27,16,28,24,16,27,23,16,30,26,15,29,25,15,31,27,15,29,25,15,28,24,15,31,27,15,19,16,12,16,16,12,21,19,12,23,19,12,21,19,12,16,16,12,22,18,11,20,18,11,23,19,11,20,18,11,21,19,11,23,19,11,8,8,8,11,11,8,13,13,8,14,14,8,13,13,8,11,11,8,3,3,3,0,0,3,5,5,3,7,7,3,5,5,3,0,0,3,6,6,2,4,4,2,7,7,2,4,4,2,5,5,2,7,7,2,3,3,1,5,5,1,4,4,1,4,4,1,1,1,1,3,3,1,4,4,4,6,6,4,2,2,4,2,2,4,1,1,4,4,4,4,8,8,5,9,9,5,10,10,5,10,10,5,11,11,5,8,8,5,12,12,6,9,9,6,8,8,6,8,8,6,13,13,6,12,12,6,13,13,7,14,14,7,15,15,7,15,15,7,12,12,7,13,13,7,15,15,9,10,10,9,9,9,9,9,9,9,12,12,9,15,15,9,17,17,10,16,16,10,19,16,10,16,16,10,17,17,10,18,17,10,20,18,1,17,17,1,19,16,1,19,16,1,21,19,1,20,18,1,22,18,13,18,17,13,17,17,13,17,17,13,20,18,13,22,18,13,24,20,14,25,21,14,26,22,14,26,22,14,27,23,14,24,20,14,28,24,1,29,25,1,25,21,1,28,24,1,25,21,1,24,20,1,29,25,17,30,26,17,26,22,17,26,22,17,25,21,17,29,25,17,32,28,18,33,29,18,34,30,18,34,30,18,35,31,18,32,28,18,36,32,19,33,29,19,32,28,19,32,28,19,37,33,19,36,32,19,37,33,20,38,34,20,39,35,20,39,35,20,36,32,20,37,33,20,36,32,22,39,35,22,34,30,22,34,30,22,33,29,22,36,32,22,40,36,23,43,39,23,41,37,23,40,36,23,41,37,23,42,38,23,44,40,1,41,37,1,43,39,1,43,39,1,45,41,1,44,40,1,45,41,24,46,42,24,47,43,24,47,43,24,44,40,24,45,41,24,46,42,25,45,41,25,43,39,25,43,39,25,40,36,25,46,42,25,47,43,26,42,38,26,41,37,26,41,37,26,44,40,26,47,43,26,49,45,27,48,44,27,51,44,27,48,44,27,49,45,27,50,45,27,52,46,1,49,45,1,51,44,1,51,44,1,53,47,1,52,46,1,54,46,29,50,45,29,49,45,29,49,45,29,52,46,29,54,46,29]}}}},"images":{"file6":"environment/textures/floortiles.dds"},"materials":{"floortiles_default_noshadows":{"effect":"floortiles_default_noshadows"}},"nodes":{"e_v_floortiles01":{"geometryinstances":{"e_v_floortiles01Mesh":{"geometry":"e_v_floortiles01Mesh","material":"floortiles_default_noshadows","surface":"floortiles_default_noshadows"}},"matrix":[0.01,0,0,0,0.01,0,0,0,0.01,0,0,0]}},"version":1}
