{"effects":{"emeraldMaterial-effect":{"meta":{"normals":true},"parameters":{"diffuse":"spacedude1_png","index_of_refraction":1,"shininess":200},"type":"phong"}},"geometries":{"emeraldMesh":{"inputs":{"NORMAL":{"offset":2,"source":"emeraldMesh-mesh-normals"},"POSITION":{"offset":0,"source":"emeraldMesh-mesh-positions"},"TEXCOORD0":{"offset":1,"source":"emeraldMesh-mesh-map-0"}},"meta":{"graphics":true},"sources":{"emeraldMesh-mesh-map-0":{"data":[0.303097,1.66047,0.396306,1.41693,0.329652,1.16482,0.266001,1.06573,0.229059,1.75238,0.138802,1.01639,0.0974817,1.78766,0.0636581,1.49492,0.0737364,1.30414,0.433323,1.17037,0.500022,1.42249,0.339983,0.974111,0.225769,0.847539,0.0986606,0.798515,0.0336782,1.08601,0,1.3957,0.000462688,1.70699,0.034291,2,0.165974,1.96462,0.292878,1.85158,0.40677,1.66603,0.741617,1.4098,0.500022,1.42299,0.593536,1.66643,0.566443,1.17081,0.659567,0.974444,0.808396,1.30573,0.773641,0.847747,0.900692,0.798586,0.965985,1.08601,1,1.39566,0.819342,1.50597,0.999876,1.70695,0.966368,2,0.834651,1.96476,0.707627,1.85186,0.789888,1.40717],"max":[1,2],"min":[0,0.798515],"stride":2},"emeraldMesh-mesh-normals":{"data":[0,0,1,-0.0785192,0.243382,0.966747,-0.131444,0.242066,0.961315,-0.133148,0.184732,0.973728,-0.155371,0.154675,0.975672,-0.130256,0.0425235,0.990568,-0.0481703,-0.282633,0.958018,-0.0208362,-0.379837,0.924819,0.000264385,-0.354486,0.935061,0.0208864,-0.379298,0.925039,0.0481164,-0.28283,0.957963,0.130377,0.0425937,0.990549,0.155398,0.1541,0.975758,0.132978,0.184461,0.973802,0.131299,0.242068,0.961334,0.0785193,0.24338,0.966747,0.112969,0.350067,-0.929888,-0.112964,0.350053,-0.929894,-0.157323,0.289724,-0.944092,-0.167708,0.232383,-0.958057,-0.187101,0.186262,-0.964521,-0.192438,0.062616,-0.979309,-0.0685638,-0.402388,-0.912898,-0.0245199,-0.446989,-0.894203,0,-0.43652,-0.899695,0.0246162,-0.447033,-0.894179,0.0684833,-0.402657,-0.912786,0.192526,0.0629523,-0.979271,0.187216,0.185653,-0.964615,0.167642,0.232291,-0.95809,0.157232,0.28988,-0.944059,0.175102,0.242627,-0.954186,-0.175085,0.242605,-0.954195,0,-0.453347,-0.891334],"max":[0.192526,0.350067,1],"min":[-0.192438,-0.453347,-0.979309],"stride":3},"emeraldMesh-mesh-positions":{"data":[1.42895,0.60831,0.182741,-0.000115794,1.06923,0.182741,-1.42919,0.608313,0.182741,-1.97932,0.211804,0.182741,1.9802,0.210913,0.182741,-2.22385,-0.534777,0.182741,2.2236,-0.534775,0.182741,0.55081,-0.819435,0.182741,-0.549257,-0.820256,0.182741,-1.42919,1.20559,0.0323428,-0.000115317,1.66676,0.0323428,-2.52891,0.608433,0.0323428,-3.2215,-0.0872783,0.0323428,-3.46422,-0.833238,0.0323428,-1.79114,-1.11832,0.0323428,-0.000117701,-1.21657,0.0323428,1.78963,-1.11801,0.0323428,3.46398,-0.833241,0.0323428,3.21997,-0.086979,0.0323428,2.5309,0.607886,0.0323428,1.42894,1.20559,0.0323428,-1.67704e-05,0.277792,-0.490538,-0.577368,-0.138875,-0.490538,0.577332,-0.138875,-0.490538,2.93891e-06,-2.0051e-06,-0.561171],"max":[3.46398,1.66676,0.182741],"min":[-3.46422,-1.21657,-0.561171],"stride":3}},"surfaces":{"emeraldMaterial":{"numPrimitives":46,"triangles":[11,11,2,2,2,2,9,9,2,10,10,15,1,1,15,0,0,15,10,10,15,0,0,15,20,20,15,13,13,5,5,5,5,3,3,5,13,13,5,3,3,5,12,12,5,18,18,11,4,4,11,6,6,11,18,18,11,6,6,11,17,17,11,17,17,10,6,6,10,7,7,10,17,17,10,7,7,10,16,16,10,14,14,6,8,8,6,5,5,6,14,14,6,5,5,6,13,13,6,9,9,1,2,2,1,1,1,1,9,9,1,1,1,1,10,10,1,0,0,0,1,1,0,2,2,0,0,0,0,2,2,0,3,3,0,4,4,0,0,0,0,3,3,0,4,4,0,3,3,0,5,5,0,4,4,0,5,5,0,6,6,0,5,5,0,7,7,0,6,6,0,5,5,0,8,8,0,7,7,0,3,3,3,2,2,3,11,11,3,22,26,33,24,36,33,23,31,33,12,12,4,3,3,4,11,11,4,24,36,32,22,26,32,21,21,32,15,15,7,8,8,7,14,14,7,23,31,31,24,36,31,21,21,31,7,7,8,8,8,8,15,15,8,21,21,30,20,23,30,19,35,30,16,16,9,7,7,9,15,15,9,19,35,29,23,31,29,21,21,29,19,19,12,4,4,12,18,18,12,23,31,28,19,35,28,18,34,28,0,0,13,4,4,13,19,19,13,23,31,27,18,34,27,17,33,27,20,20,14,0,0,14,19,19,14,23,31,26,17,33,26,16,32,26,21,21,16,10,22,16,20,23,16,23,31,25,16,32,25,15,30,25,21,21,17,9,24,17,10,22,17,23,31,24,15,30,24,22,26,24,21,21,18,11,25,18,9,24,18,22,26,23,15,30,23,14,29,23,22,26,19,11,25,19,21,21,19,22,26,22,14,29,22,13,28,22,22,26,20,12,27,20,11,25,20,22,26,21,13,28,21,12,27,21]}}}},"images":{"spacedude1_png":"textures/spacedude1.dds"},"materials":{"emeraldMaterial":{"effect":"emeraldMaterial-effect"}},"nodes":{"emerald":{"geometryinstances":{"emeraldMesh":{"geometry":"emeraldMesh","material":"emeraldMaterial","surface":"emeraldMaterial"}},"matrix":[0.144338,0,0,0,0,-0.346822,0,0.672123,0,0,0,0]}},"version":1}
