{"effects":{"flags_matt_nocull":{"meta":{"normals":true},"parameters":{"diffuse":"file5","reflectivity":0.5,"shininess":6.31179},"type":"phong"}},"geometries":{"flagyellow2Mesh":{"inputs":{"NORMAL":{"offset":1,"source":"flagyellow2-Normal0"},"POSITION":{"offset":0,"source":"flagyellow2-POSITION"},"TEXCOORD0":{"offset":0,"source":"flagyellow2-UV0"}},"meta":{"graphics":true},"sources":{"flagyellow2-Normal0":{"data":[0,0,-1],"max":[0,0,-1],"min":[0,0,-1],"stride":3},"flagyellow2-POSITION":{"data":[184.514,258.784,2.65519,197.262,255.202,2.65519,184.578,257.067,2.65519,23.2008,274.562,2.65519,42.678,290.43,2.65519,42.6155,273.54,2.65519,23.2801,292.365,2.65519,84.1917,283.352,2.65519,63.3515,271.697,2.65519,63.4598,286.903,2.65519,84.0976,269.822,2.65519,122.038,276.017,2.65519,103.023,267.901,2.65519,103.125,279.689,2.65519,121.952,265.967,2.65519,150.759,268.343,2.65519,136.326,263.976,2.65519,136.401,272.18,2.65519,150.701,261.984,2.65519,175.261,261.387,2.65519,162.967,260.184,2.65519,163.01,264.862,2.65519,175.234,258.388,2.65519,3.78306,275.555,2.65519,3.78459,294.292,2.65519,3.7815,256.817,2.65519,23.1415,256.748,2.65519,23.1009,238.912,2.65519,3.78045,238.08,2.65519,42.5035,256.636,2.65519,42.439,239.7,2.65519,63.2428,256.474,2.65519,63.1591,241.233,2.65519,83.9727,256.295,2.65519,83.887,242.74,2.65519,102.917,256.108,2.65519,102.827,244.305,2.65519,121.852,255.92,2.65519,121.772,245.859,2.65519,136.248,255.772,2.65519,136.177,247.562,2.65519,150.585,249.265,2.65519,150.639,255.627,2.65519,162.883,250.825,2.65519,162.924,255.505,2.65519,175.181,252.391,2.65519,175.207,255.39,2.65519,184.705,253.633,2.65519,184.641,255.35,2.65519,23.0336,221.048,2.65519,3.77965,219.342,2.65519,42.3555,222.749,2.65519,63.0497,225.979,2.65519,83.7818,229.182,2.65519,102.72,232.495,2.65519,121.68,235.797,2.65519,136.098,239.351,2.65519,150.523,242.903,2.65519,162.838,246.146,2.65519,175.154,249.393,2.65519,184.769,251.917,2.65519],"max":[197.262,294.292,2.65519],"min":[3.77965,219.342,2.65519],"stride":3},"flagyellow2-UV0":{"data":[0.155634,0.242596,0.160598,0.260935,0.155664,0.251652,0.091869,0.245109,0.098319,0.229284,0.098319,0.245109,0.091869,0.229284,0.115249,0.229284,0.106784,0.245109,0.106784,0.229284,0.115249,0.245109,0.131307,0.229284,0.123278,0.245109,0.123278,0.229284,0.131307,0.245109,0.142488,0.229284,0.136898,0.245109,0.136898,0.229284,0.142488,0.245109,0.152031,0.229284,0.147259,0.245109,0.147259,0.229284,0.152031,0.245109,0.085419,0.245109,0.085419,0.229284,0.085419,0.260935,0.091869,0.260935,0.091869,0.276761,0.085419,0.27676,0.098319,0.260935,0.098319,0.276761,0.106784,0.260935,0.106784,0.276761,0.115249,0.260935,0.115249,0.276761,0.123278,0.260935,0.123278,0.276761,0.131307,0.260935,0.131307,0.276761,0.136898,0.260935,0.136898,0.276761,0.142488,0.276761,0.142488,0.260935,0.147259,0.276761,0.147259,0.260935,0.152031,0.276761,0.152031,0.260935,0.155725,0.269765,0.155695,0.260709,0.091869,0.292586,0.085419,0.292586,0.098319,0.292586,0.106784,0.292586,0.115249,0.292586,0.123278,0.292586,0.131307,0.292586,0.136898,0.292586,0.142488,0.292586,0.147259,0.292586,0.152031,0.292586,0.155756,0.278822],"max":[0.160598,0.292586],"min":[0.085419,0.229284],"stride":2}},"surfaces":{"flags_matt_nocull":{"numPrimitives":92,"triangles":[49,0,50,0,28,0,51,0,49,0,27,0,28,0,27,0,49,0,27,0,28,0,25,0,24,0,6,0,23,0,23,0,6,0,3,0,23,0,3,0,25,0,25,0,3,0,26,0,25,0,26,0,27,0,30,0,27,0,26,0,27,0,30,0,51,0,52,0,51,0,30,0,30,0,32,0,52,0,53,0,52,0,32,0,35,0,37,0,38,0,38,0,36,0,35,0,33,0,35,0,36,0,36,0,34,0,33,0,31,0,33,0,34,0,34,0,32,0,31,0,29,0,31,0,32,0,32,0,30,0,29,0,26,0,29,0,30,0,33,0,12,0,35,0,10,0,12,0,33,0,31,0,10,0,33,0,8,0,10,0,31,0,29,0,8,0,31,0,5,0,8,0,29,0,26,0,5,0,29,0,3,0,5,0,26,0,3,0,4,0,5,0,6,0,4,0,3,0,4,0,9,0,5,0,5,0,9,0,8,0,7,0,8,0,9,0,8,0,7,0,10,0,13,0,10,0,7,0,10,0,13,0,12,0,11,0,12,0,13,0,12,0,11,0,14,0,17,0,14,0,11,0,14,0,17,0,16,0,44,0,22,0,46,0,22,0,44,0,20,0,42,0,20,0,44,0,20,0,42,0,18,0,39,0,18,0,42,0,18,0,39,0,16,0,37,0,16,0,39,0,16,0,37,0,14,0,35,0,14,0,37,0,14,0,35,0,12,0,46,0,48,0,47,0,47,0,45,0,46,0,44,0,46,0,45,0,45,0,43,0,44,0,42,0,44,0,43,0,43,0,41,0,42,0,39,0,42,0,41,0,41,0,40,0,39,0,37,0,39,0,40,0,40,0,38,0,37,0,41,0,43,0,58,0,59,0,58,0,43,0,43,0,45,0,59,0,60,0,59,0,45,0,45,0,47,0,60,0,47,0,1,0,60,0,48,0,1,0,47,0,2,0,1,0,48,0,46,0,2,0,48,0,2,0,46,0,22,0,15,0,16,0,17,0,16,0,15,0,18,0,21,0,18,0,15,0,18,0,21,0,20,0,19,0,20,0,21,0,20,0,19,0,22,0,0,0,22,0,19,0,22,0,0,0,2,0,0,0,1,0,2,0,32,0,34,0,53,0,54,0,53,0,34,0,34,0,36,0,54,0,55,0,54,0,36,0,36,0,38,0,55,0,56,0,55,0,38,0,38,0,40,0,56,0,57,0,56,0,40,0,40,0,41,0,57,0,58,0,57,0,41,0]}}},"flagyellowMesh":{"inputs":{"NORMAL":{"offset":1,"source":"flagyellow-Normal0"},"POSITION":{"offset":0,"source":"flagyellow-POSITION"},"TEXCOORD0":{"offset":0,"source":"flagyellow-UV0"}},"meta":{"graphics":true},"sources":{"flagyellow-Normal0":{"data":[0,0,1],"max":[0,0,1],"min":[0,0,1],"stride":3},"flagyellow-POSITION":{"data":[197.262,255.202,2.65519,184.514,258.784,2.65519,184.578,257.067,2.65519,23.2801,292.365,2.65519,23.2008,274.562,2.65519,42.678,290.43,2.65519,42.6155,273.54,2.65519,63.4598,286.903,2.65519,63.3515,271.697,2.65519,84.1917,283.352,2.65519,84.0976,269.822,2.65519,103.125,279.689,2.65519,103.023,267.901,2.65519,122.038,276.017,2.65519,121.952,265.967,2.65519,136.401,272.18,2.65519,136.326,263.976,2.65519,150.759,268.343,2.65519,150.701,261.984,2.65519,163.01,264.862,2.65519,162.967,260.184,2.65519,175.261,261.387,2.65519,175.234,258.388,2.65519,3.78459,294.292,2.65519,3.78306,275.555,2.65519,23.1009,238.912,2.65519,23.1415,256.748,2.65519,3.7815,256.817,2.65519,3.78045,238.08,2.65519,42.439,239.7,2.65519,42.5035,256.636,2.65519,63.1591,241.233,2.65519,63.2428,256.474,2.65519,83.887,242.74,2.65519,83.9727,256.295,2.65519,102.827,244.305,2.65519,102.917,256.108,2.65519,121.772,245.859,2.65519,121.852,255.92,2.65519,136.177,247.562,2.65519,136.248,255.772,2.65519,150.585,249.265,2.65519,150.639,255.627,2.65519,162.883,250.825,2.65519,162.924,255.505,2.65519,175.181,252.391,2.65519,175.207,255.39,2.65519,184.705,253.633,2.65519,184.641,255.35,2.65519,23.0336,221.048,2.65519,3.77965,219.342,2.65519,42.3555,222.749,2.65519,63.0497,225.979,2.65519,83.7818,229.182,2.65519,102.72,232.495,2.65519,121.68,235.797,2.65519,136.098,239.351,2.65519,150.523,242.903,2.65519,162.838,246.146,2.65519,175.154,249.393,2.65519,184.769,251.917,2.65519],"max":[197.262,294.292,2.65519],"min":[3.77965,219.342,2.65519],"stride":3},"flagyellow-UV0":{"data":[0.160598,0.260935,0.155634,0.242596,0.155664,0.251652,0.091869,0.229284,0.091869,0.245109,0.098319,0.229284,0.098319,0.245109,0.106784,0.229284,0.106784,0.245109,0.115249,0.229284,0.115249,0.245109,0.123278,0.229284,0.123278,0.245109,0.131307,0.229284,0.131307,0.245109,0.136898,0.229284,0.136898,0.245109,0.142488,0.229284,0.142488,0.245109,0.147259,0.229284,0.147259,0.245109,0.152031,0.229284,0.152031,0.245109,0.085419,0.229284,0.085419,0.245109,0.091869,0.276761,0.091869,0.260935,0.085419,0.260935,0.085419,0.27676,0.098319,0.276761,0.098319,0.260935,0.106784,0.276761,0.106784,0.260935,0.115249,0.276761,0.115249,0.260935,0.123278,0.276761,0.123278,0.260935,0.131307,0.276761,0.131307,0.260935,0.136898,0.276761,0.136898,0.260935,0.142488,0.276761,0.142488,0.260935,0.147259,0.276761,0.147259,0.260935,0.152031,0.276761,0.152031,0.260935,0.155725,0.269765,0.155695,0.260709,0.091869,0.292586,0.085419,0.292586,0.098319,0.292586,0.106784,0.292586,0.115249,0.292586,0.123278,0.292586,0.131307,0.292586,0.136898,0.292586,0.142488,0.292586,0.147259,0.292586,0.152031,0.292586,0.155756,0.278822],"max":[0.160598,0.292586],"min":[0.085419,0.229284],"stride":2}},"surfaces":{"flags_matt_nocull":{"numPrimitives":92,