{"effects":{"haloglow_emissive_alphatest_uvtransform_alpha_nocull":{"meta":{"transparent":true},"parameters":{"diffuse":"temp1_materialSwatches1_rockprop_01_b_file5"},"type":"blend"}},"geometries":{"flagshellMesh":{"inputs":{"NORMAL":{"offset":2,"source":"flagshell-Normal0"},"POSITION":{"offset":0,"source":"flagshell-POSITION"},"TEXCOORD0":{"offset":1,"source":"flagshell-UV0"}},"meta":{"graphics":true},"sources":{"flagshell-Normal0":{"data":[-0.682942,0.251326,-0.685876,-0.685143,0.233137,0.690091,-0.685144,0.233137,0.690091,0.694357,0.241574,0.677872,0.676398,0.265044,-0.687196,0.676397,0.265044,-0.687196,-0.068855,0.991803,-0.107642,0.00165,0.994862,-0.101223,0.007335,0.985173,-0.171405,-0.004201,0.999536,-0.03016,0.072327,0.992728,-0.096234,0.017218,0.997989,-0.06101,0.04077,0.996999,-0.065807,0.026028,0.998286,-0.052421,0.04793,0.99617,-0.07313,-0.663535,-0.115395,-0.739193,-0.676787,-0.044456,-0.734835,-0.663151,-0.117198,-0.739253,-0.741877,-0.03465,0.66964,-0.730648,-0.043922,0.681341,-0.730648,-0.043922,0.68134,-0.742188,-0.03439,0.669309,0.673157,-0.043371,0.738226,0.661021,-0.029327,0.749794,0.660458,-0.028684,0.750315,0.744107,-0.109209,-0.659074,0.733553,-0.044588,-0.678168,0.744574,-0.112648,-0.657967,-0.639637,-0.211983,-0.738869,-0.757331,-0.021503,0.652677,0.642971,-0.00906,0.765837,0.753126,-0.199847,-0.626787,0.304937,-0.952372,0,0.304937,-0.952373,0,0.06565,0,0.997843,0.304937,0.952372,0,0.304937,0.952373,0,0.06565,0,-0.997843],"max":[0.753126,0.999536,0.997843],"min":[-0.757331,-0.952373,-0.997843],"stride":3},"flagshell-POSITION":{"data":[-14.5794,8.76789,0.161233,2e-06,-1.03392,-17.9475,-17.9475,-1.03392,-2e-06,-0.186554,7.48839,-14.5621,0,-1.03392,17.9475,0.186556,9.15419,14.5621,17.9475,-1.03392,0,14.5794,7.8747,-0.161235,-12.0148,58.1133,-2.87904,0.03111,59.0549,-1.90881,1.00759,56.9743,-13.8257,-0.94537,59.4104,10.008,12.077,58.2713,-0.938586,-0.099633,8.08702,-6.8899,-7.29539,8.53006,0.471098,0.086905,8.66382,7.67088,7.28266,8.22078,0.309879,0.752829,40.4861,-8.87462,-9.3718,41.3717,-0.363837,-0.765558,42.3801,9.65559,9.35907,41.4945,1.14481,50.1967,41.2315,0.121974,4.55413,26.6174,3.1249,4.55413,26.6174,-2.88095,4.55413,55.8457,3.1249,4.55413,55.8457,-2.88095],"max":[50.1967,59.4104,17.9475],"min":[-17.9475,-1.03392,-17.9475],"stride":3},"flagshell-UV0":{"data":[0.093753,0.445451,0.100861,0.456025,0.100861,0.443009,0.094681,0.45589,0.070639,0.424581,0.078027,0.422126,0.077747,0.411682,0.070639,0.411565,0.078381,0.425069,0.084842,0.425186,0.08577,0.414508,0.078381,0.412053,0.094401,0.466598,0.100861,0.469041,0.093882,0.410681,0.093298,0.417934,0.100473,0.418522,0.086124,0.417346,0.092714,0.425186,0.115771,0.432149,0.121948,0.43207,0.11127,0.421632,0.111339,0.427817,0.100827,0.432341,0.107004,0.432262,0.111504,0.442779,0.111436,0.436594,0.080429,0.45358,0.079916,0.425416,0.075584,0.425801,0.074334,0.45435,0.066044,0.440492,0.066546,0.469041,0.070881,0.468925,0.072076,0.439615,0.088881,0.468656,0.09281,0.440116,0.087686,0.439347,0.093312,0.469041,0.084361,0.425532,0.085611,0.454457,0.080583,0.467913,0.072743,0.468904,0.064529,0.425939,0.072288,0.424811,0.065698,0.425801,0.066952,0.440385,0.087247,0.469041,0.054285,0.347334,0.055967,0.301626,0.052604,0.301626,0.069524,0.347334,0.082524,0.301626,0.056524,0.301626,0.084745,0.347334,0.086427,0.301626,0.083063,0.301626,0.09997,0.347334,0.11297,0.301626,0.08697,0.301626],"max":[0.121948,0.469041],"min":[0.052604,0.301626],"stride":2}},"surfaces":{"haloglow_emissive_alphatest_uvtransform_alpha_nocull":{"numPrimitives":40,"triangles":[21,48,32,22,49,33,23,50,33,15,35,22,16,38,22,20,36,23,15,35,22,20,36,23,19,37,24,7,25,14,3,20,14,13,19,14,13,19,14,16,26,14,7,25,14,14,22,12,0,21,12,5,23,12,5,23,12,15,24,12,14,22,12,13,19,11,3,20,11,0,21,11,0,21,11,14,22,11,13,19,11,7,12,4,6,13,5,1,1,5,1,1,5,3,3,4,7,12,4,6,8,3,7,9,3,5,10,3,5,10,3,4,11,3,6,8,3,4,4,1,5,5,1,0,6,1,0,6,1,2,7,2,4,4,1,0,0,0,3,3,0,1,1,0,0,0,0,1,1,0,2,2,0,18,31,18,14,32,19,15,33,20,15,33,20,19,34,21,18,31,18,8,43,29,18,31,18,19,34,21,19,34,21,11,44,29,8,43,29,21,57,37,23,58,37,25,59,37,10,16,8,9,15,7,12,18,10,12,18,10,9,15,7,11,17,9,11,17,9,9,15,7,8,14,6,8,14,6,9,15,7,10,16,8,18,30,17,8,42,28,10,41,28,10,41,28,17,27,15,18,30,17,14,29,16,18,30,17,17,27,15,17,27,15,13,28,16,14,29,16,7,25,13,16,26,13,5,23,13,16,26,13,15,24,13,5,23,13,17,27,25,10,41,31,12,47,31,12,47,31,20,40,27,17,27,25,16,39,26,17,27,25,20,40,27,17,27,25,16,39,26,13,28,26,21,54,35,25,55,36,24,56,36,11,44,30,19,34,24,12,45,30,19,34,24,20,46,23,12,45,30,21,51,34,24,52,34,22,53,34]}}}},"images":{"temp1_materialSwatches1_rockprop_01_b_file5":"environment/textures/haloglow.dds"},"materials":{"haloglow_emissive_alphatest_uvtransform_alpha_nocull":{"effect":"haloglow_emissive_alphatest_uvtransform_alpha_nocull"}},"nodes":{"flagshell":{"geometryinstances":{"flagshellMesh":{"geometry":"flagshellMesh","material":"haloglow_emissive_alphatest_uvtransform_alpha_nocull","surface":"haloglow_emissive_alphatest_uvtransform_alpha_nocull"}},"matrix":[0.01,0,0,0,0.01,0,0,0,0.01,0,0,0]}},"version":1}
