{"effects":{"monstercolour":{"meta":{"normals":true},"parameters":{"diffuse":"monsterscolour_1","reflectivity":0.5,"shininess":300},"type":"phong"}},"geometries":{"gatenewMesh":{"inputs":{"NORMAL":{"offset":0,"source":"gatenew-Normal0"},"POSITION":{"offset":0,"source":"gatenew-POSITION"},"TEXCOORD0":{"offset":1,"source":"gatenew-UV0"}},"meta":{"graphics":true},"sources":{"gatenew-Normal0":{"data":[-0.499617,0.004132,-0.866236,0.499189,-0.03105,-0.865936,-0.500168,-0.029047,-0.865441,0.500571,0.002181,-0.865693,-0.999589,-0.028654,-0.000222,-0.99999,0.004514,0.000222,-0.50034,-0.030264,0.8653,-0.499425,0.002946,0.866352,0.499361,-0.032268,0.865793,0.500378,0.000997,0.865807,1,0.000614,0.000222,0.999466,-0.032662,-0.000221,-0.227395,0.866812,-0.443766,-0.027144,0.994097,-0.105047,0.172364,0.878623,-0.445323,-0.428078,0.898463,-0.097535,-0.227146,0.942286,0.245971,0.173256,0.954621,0.242242,0.37187,0.922547,-0.10305,0.529463,-0.382151,-0.757383,-0.527185,-0.132745,-0.839318,-0.989055,0.118386,0.088065,-0.469795,0.075175,0.879569,0.463313,-0.132641,0.876212,0.939513,-0.330031,0.091624,-0.452145,-0.374271,-0.809621,0.503388,-0.304866,-0.80849,-0.927076,-0.370048,0.059951,-0.398407,-0.306816,0.86437,0.53521,-0.254121,0.805588,0.968024,-0.250501,-0.01336,0.49958,0.085049,-0.862083,-0.535905,-0.063779,-0.841866,-0.993613,-0.106109,0.038387,-0.52104,-0.023017,0.853222,0.427632,0.100793,0.898316,0.984625,0.163998,0.060153],"max":[1,0.994097,0.898316],"min":[-0.99999,-0.382151,-0.866236],"stride":3},"gatenew-POSITION":{"data":[-184.043,54.2789,62.508,-165.962,-4.82391,64.0363,-183.256,-4.82391,64.0363,-164.937,54.2789,62.508,-191.902,-4.82391,79.0127,-193.597,54.2789,79.0543,-183.256,-4.82391,93.989,-184.043,54.2789,95.6006,-165.962,-4.82391,93.989,-164.937,54.2789,95.6006,-155.384,54.2789,79.0543,-157.316,-4.82391,79.0127,-184.642,71.7121,61.7552,-175.15,73.7209,78.3125,-165.459,72.2422,61.8145,-194.333,73.1909,78.2531,-184.841,75.1997,94.8104,-165.658,75.7297,94.8698,-155.967,74.251,78.3718,-166.347,55.8109,64.9502,-182.633,55.8109,64.9502,-190.776,55.8109,79.0543,-182.633,55.8109,93.1584,-166.347,55.8109,93.1584,-158.204,55.8109,79.0543,-183.537,57.992,61.5423,-163.532,58.9337,61.0393,-193.16,58.6944,79.0995,-182.778,60.3385,96.1536,-162.773,61.2802,95.6505,-153.15,60.5778,78.0934,-163.617,68.7017,59.9859,-185.683,68.1049,59.7391,-196.842,69.7984,78.5761,-186.13,72.0596,97.5355,-164.269,72.6557,97.9453,-152.888,70.9888,79.1941],"max":[-152.888,75.7297,97.9453],"min":[-196.842,-4.82391,59.7391],"stride":3},"gatenew-UV0":{"data":[0.788746,0.910281,0.792408,0.896916,0.790583,0.896916,0.792364,0.910281,0.756536,0.87788,0.758117,0.87788,0.758797,0.864514,0.755664,0.864514,0.759697,0.87788,0.76193,0.864514,0.766197,0.894808,0.766153,0.881443,0.762535,0.881443,0.764372,0.894808,0.765517,0.864434,0.764617,0.877799,0.766198,0.877799,0.762384,0.864434,0.767779,0.877799,0.76865,0.864434,0.783827,0.872277,0.780794,0.874256,0.783991,0.875901,0.780631,0.870632,0.777598,0.872611,0.777762,0.876234,0.780958,0.877879,0.792096,0.910571,0.789013,0.910571,0.736111,0.863331,0.736645,0.863331,0.73792,0.860198,0.738187,0.86066,0.73792,0.866464,0.738187,0.866001,0.765886,0.881153,0.762802,0.881153,0.736368,0.856819,0.735834,0.856819,0.734559,0.859952,0.734292,0.85949,0.734559,0.853686,0.734292,0.854148,0.788658,0.911292,0.792451,0.911292,0.767687,0.856947,0.766967,0.857562,0.767687,0.860233,0.766967,0.860233,0.766967,0.862903,0.767687,0.863518,0.766241,0.880432,0.762447,0.880432,0.746962,0.858732,0.746241,0.859346,0.746962,0.862017,0.746241,0.862017,0.746241,0.864688,0.746962,0.865302,0.792264,0.913935,0.788094,0.913687,0.769477,0.860514,0.770082,0.856864,0.769117,0.863987,0.762223,0.879002,0.766356,0.878764,0.749238,0.862023,0.74863,0.858387,0.794505,0.913569,0.794348,0.911292,0.780981,0.878397,0.784418,0.876207,0.784263,0.872037,0.784417,0.87612,0.780612,0.870141,0.784226,0.872017,0.77714,0.872375,0.777262,0.876509,0.780898,0.878448,0.777304,0.876532],"max":[0.794505,0.913935],"min":[0.734292,0.853686],"stride":2}},"surfaces":{"monstercolour":{"numPrimitives":66,"triangles":[25,43,32,60,31,59,0,0,1,1,2,2,0,0,3,3,1,1,19,27,3,3,0,0,0,0,20,28,19,27,20,28,25,43,19,27,25,43,26,44,19,27,31,59,26,44,25,43,26,44,31,59,30,69,36,68,30,69,31,59,32,75,33,74,12,20,12,20,33,74,15,23,12,20,13,21,14,22,32,72,12,20,14,22,32,72,14,22,31,73,15,23,13,21,12,20,16,24,13,21,15,23,16,24,15,23,33,74,33,74,34,76,16,24,35,77,16,24,34,76,35,77,17,25,16,24,17,25,13,21,16,24,18,26,13,21,17,25,14,22,13,21,18,26,14,22,18,26,36,70,36,70,31,71,14,22,36,78,18,26,17,25,36,78,17,25,35,79,8,15,10,14,9,17,10,14,8,15,11,16,10,14,11,16,1,18,1,18,3,19,10,14,33,61,27,47,28,50,28,50,34,63,33,61,22,49,28,50,27,47,27,47,21,48,22,49,20,46,21,48,27,47,25,45,20,46,27,47,25,45,27,47,33,61,33,61,32,62,25,45,3,41,19,42,24,38,24,38,10,37,3,41,10,37,24,38,9,39,24,38,23,40,9,39,34,64,28,52,35,65,28,52,29,51,35,65,23,35,29,51,28,52,28,52,22,36,23,35,23,35,22,36,7,12,9,11,23,35,7,12,8,10,9,11,7,12,7,12,6,13,8,10,19,57,26,58,30,55,30,55,24,56,19,57,24,56,30,55,23,54,29,53,23,54,30,55,30,55,36,66,29,53,29,53,36,66,35,67,5,6,0,7,2,4,2,4,4,5,5,6,5,6,4,5,6,8,6,8,7,9,5,6,7,33,22,34,21,30,21,30,5,29,7,33,5,29,21,30,0,31,21,30,20,32,0,31]}}}},"images":{"monsterscolour_1":"characters/textures/monsterscolour.dds"},"materials":{"monstercolour":{"effect":"monstercolour"}},"nodes":{"gatenew":{"geometryinstances":{"gatenewMesh":{"geometry":"gatenewMesh","material":"monstercolour","surface":"monstercolour"}},"matrix":[0.011761,0,0,0,0.011761,0,0,0,0.011761,2.0536,0.056735,-0.929277]}},"version":1}
