{"effects":{"haloglowpurple_emissive_alphatest_uvtransform_alpha_nocull":{"meta":{"transparent":true},"parameters":{"diffuse":"materialhaloglow3_materialSwatches1_rockprop_01_b_file5"},"type":"blend"}},"geometries":{"gateshellMesh":{"inputs":{"NORMAL":{"offset":2,"source":"gateshell-Normal0"},"POSITION":{"offset":0,"source":"gateshell-POSITION"},"TEXCOORD0":{"offset":1,"source":"gateshell-UV0"}},"meta":{"graphics":true},"sources":{"gateshell-Normal0":{"data":[-0.65977,0.200091,-0.724339,-0.656732,0.221039,0.721002,0.57504,0.520352,0.631318,0.580748,0.506178,-0.637585,0,-0.142026,0.989863,0.97877,-0.204963,0,-0.01136,-0.119079,-0.99282,-0.97877,-0.204963,0,0,1,0,-0.777153,0.629311,0,0,0.602387,0.798204,0.777153,0.629312,0,0,0.514906,-0.857247,-0.705068,0.300719,0.642221,0.695133,0.340422,0.633169,0.66176,0.445804,-0.602772,0.661759,0.445804,-0.602771,0.66176,0.445804,-0.602771,-0.673844,0.41135,-0.61378,0.611478,0.418844,0.671316,0.632755,0.342117,-0.694677,-0.595043,0.468143,-0.653274,-0.570534,0.531184,0.626366,0.702556,0.311287,-0.639934,-0.697787,0.330336,-0.635587,-0.66492,0.437116,0.605649,-0.66492,0.437116,0.60565,0.67072,0.420588,0.610934,0,0.409344,0.91238,0,0.438079,-0.898936,0,0.438079,-0.898937,0.822458,0.568826,0,-0.82246,0.568823,0],"max":[0.97877,1,0.989863],"min":[-0.97877,-0.204963,-0.99282],"stride":3},"gateshell-POSITION":{"data":[-10.9983,29.4543,-7.98499,-8.72954,36.546,-8.09254,-6.71436,29.4543,-11.8871,-6.71436,29.4543,-4.08287,-2.43034,29.4543,-7.98499,-15.3571,27.6856,17.1251,10.474,4.36724,13.7794,15.3571,27.6856,17.1251,-10.474,4.36724,13.7794,15.3571,27.6856,-16.9562,10.474,4.36724,-14.4549,-10.474,4.36724,-13.8638,-15.3571,27.6856,-16.9562,-13.9055,29.4782,-15.8795,-13.9055,29.4782,15.7723,13.9056,29.4782,15.7723,13.9056,29.4782,-15.8795,-6.82669,29.4543,12.3528,-7.0509,36.5479,8.78508,-10.7288,29.4543,8.06883,-2.92457,29.4543,8.06883,-6.82669,29.4543,3.78484,10.7442,29.4543,7.71857,7.17646,35.276,7.33599,6.46021,29.4543,11.6207,6.46021,29.4543,3.81644,2.17622,29.4543,7.71857,5.16085,29.4543,-11.3798,5.26839,36.546,-7.81203,9.06298,29.4543,-7.09577,1.25873,29.4543,-7.09577,5.16085,29.4543,-2.81178,-14.2801,4.36724,15.6822,-17.3006,0,17.6416,14.2802,4.36724,15.6822,17.3006,0,17.6416,-17.3006,0,-17.6416,-14.2801,4.36724,-15.5133,14.2802,4.36724,-15.5133,17.3006,0,-17.6416],"max":[17.3006,36.5479,17.6416],"min":[-17.3006,0,-17.6416],"stride":3},"gateshell-UV0":{"data":[0.598545,0.599285,0.60062,0.60577,0.602462,0.599285,0.593562,0.602202,0.587802,0.602104,0.589645,0.60577,0.589645,0.598634,0.570809,0.606977,0.544898,0.631457,0.570809,0.635062,0.544898,0.610582,0.610303,0.670572,0.610303,0.639407,0.584392,0.641342,0.584392,0.669478,0.566907,0.603022,0.566907,0.582147,0.540995,0.578542,0.540995,0.606627,0.624864,0.607894,0.598952,0.637123,0.624864,0.639058,0.598952,0.609576,0.572985,0.606119,0.572985,0.635062,0.598416,0.635062,0.598416,0.606119,0.626503,0.637821,0.626503,0.608878,0.572448,0.633735,0.572448,0.608304,0.611942,0.640644,0.611942,0.669587,0.539356,0.579869,0.539356,0.6053,0.56751,0.60577,0.573996,0.602508,0.56751,0.601853,0.594316,0.599284,0.594112,0.60577,0.597885,0.599284,0.56751,0.597936,0.574672,0.602202,0.579995,0.602552,0.574672,0.598634,0.574672,0.60577,0.613381,0.602221,0.617953,0.607545,0.617298,0.602221,0.587125,0.602202,0.58064,0.6023,0.587125,0.60577,0.587125,0.598634,0.607722,0.607545,0.603149,0.60106,0.603804,0.607545,0.612182,0.607545,0.612837,0.60106,0.608265,0.607545,0.578853,0.639101,0.574501,0.636091,0.578853,0.667562,0.574501,0.670572,0.583798,0.636091,0.579446,0.639101,0.579446,0.667562,0.583798,0.670572,0.570827,0.637532,0.570827,0.668619,0.573837,0.670572,0.573837,0.635411,0.539356,0.670572,0.542366,0.668619,0.542366,0.637532,0.539356,0.635411,0.546159,0.666723,0.567034,0.666723,0.567034,0.638587,0.546159,0.639176],"max":[0.626503,0.670572],"min":[0.539356,0.578542],"stride":2}},"surfaces":{"haloglowpurple_emissive_alphatest_uvtransform_alpha_nocull":{"numPrimitives":50,"triangles":[4,3,2,1,4,2,3,5,2,33,71,32,32,72,32,37,73,32,33,71,32,37,73,32,36,74,32,38,67,31,34,68,31,35,69,31,35,69,31,39,70,31,38,67,31,36,63,29,37,64,29,38,65,30,36,63,29,38,65,30,39,66,29,12,17,12,13,33,12,16,34,12,12,17,12,16,34,12,9,18,12,9,11,11,16,32,11,15,31,11,9,11,11,15,31,11,7,12,11,15,29,10,14,30,10,5,7,10,5,7,10,7,9,10,15,29,10,12,19,9,5,21,9,14,27,9,14,27,9,13,28,9,12,19,9,13,23,8,14,24,8,15,25,8,15,25,8,16,26,8,13,23,8,12,19,7,11,22,7,8,20,7,12,19,7,8,20,7,5,21,7,10,15,6,11,16,6,12,17,6,12,17,6,9,18,6,10,15,6,6,13,5,10,14,5,9,11,5,9,11,5,7,12,5,6,13,5,38,67,8,6,76,8,34,68,8,34,68,8,6,76,8,8,75,8,34,68,8,8,75,8,32,72,8,37,73,8,32,72,8,8,75,8,8,75,8,11,78,8,37,73,8,37,73,8,11,78,8,10,77,8,37,73,8,10,77,8,38,67,8,38,67,8,10,77,8,6,76,8,2,6,3,1,4,3,4,3,3,3,2,1,1,1,1,0,0,1,8,10,4,6,8,4,5,7,4,5,7,4,6,8,4,7,9,4,17,35,13,18,36,13,19,37,13,0,0,0,1,1,0,2,2,0,20,37,14,18,36,14,17,35,14,32,59,28,33,60,28,34,61,28,33,60,28,35,62,28,34,61,28,29,56,27,28,57,27,31,58,27,21,38,15,18,39,16,20,40,17,31,53,25,28,54,25,30,55,26,19,37,18,18,36,18,21,41,18,30,52,24,28,50,24,27,49,24,22,42,19,23,43,19,24,44,19,27,49,23,28,50,23,29,51,23,25,45,20,23,43,20,22,42,20,24,48,22,23,47,22,26,46,22,26,46,21,23,47,21,25,48,21]}}}},"images":{"materialhaloglow3_materialSwatches1_rockprop_01_b_file5":"environment/textures/haloglowpurple.dds"},"materials":{"haloglowpurple_emissive_alphatest_uvtransform_alpha_nocull":{"effect":"haloglowpurple_emissive_alphatest_uvtransform_alpha_nocull"}},"nodes":{"gateshell":{"geometryinstances":{"gateshellMesh":{"geometry":"gateshellMesh","material":"haloglowpurple_emissive_alphatest_uvtransform_alpha_nocull","surface":"haloglowpurple_emissive_alphatest_uvtransform_alpha_nocull"}},"matrix":[0.01,0,0,0,0.01,0,0,0,0.01,0,0,0]}},"version":1}
