{"effects":{"herocolour_default":{"meta":{"normals":true},"parameters":{"diffuse":"materialSwatches1_pasted__monsterscolour_1","reflectivity":0.5,"shininess":1.73205},"type":"phong"}},"geometries":{"hero_lefthandMesh":{"inputs":{"NORMAL":{"offset":2,"source":"hero_lefthand-Normal0"},"POSITION":{"offset":0,"source":"hero_lefthand-POSITION"},"TEXCOORD0":{"offset":1,"source":"hero_lefthand-UV0"}},"meta":{"graphics":true},"sources":{"hero_lefthand-Normal0":{"data":[0.215688,0.074399,0.973624,0.240853,0.068583,0.968135,0.238905,0.069036,0.968586,-0.559443,-0.828088,0.03597,0.123567,0.06509,-0.990199,0.168825,0.056757,-0.984011,0.125132,0.064805,-0.990021,-0.257747,0.966121,0.013261,0.889328,0.452507,-0.065825,0.883406,0.462305,-0.076607,0.889123,0.454716,-0.051912,-0.854724,-0.517721,0.037578,-0.833405,-0.552261,-0.021061,-0.852728,-0.51983,0.051299,0.989018,0.10961,-0.099144,0.990996,0.126066,-0.045104,0.993926,0.085863,-0.068835,-0.854904,-0.514812,0.064097,0.886816,0.462065,-0.007337,0.893903,0.445591,-0.048849,-0.837428,-0.537306,0.100083,-0.921605,-0.384579,0.052374,-0.92102,-0.384698,0.061076,-0.922452,-0.381995,0.05624,0.285705,0.057998,0.956561,0.097084,0.069879,-0.99282,0.967408,0.027835,-0.25169,0.966345,0.05089,0.252168,-0.925281,-0.377048,0.041114,-0.923353,-0.376974,0.072872],"max":[0.993926,0.966121,0.973624],"min":[-0.925281,-0.828088,-0.99282],"stride":3},"hero_lefthand-POSITION":{"data":[20.2679,40.9739,5.81123,15.1648,39.5946,7.11539,18.4065,31.6202,6.93835,23.8868,34.0251,5.60879,23.6482,25.1697,-2.5369,24.1426,25.1897,5.61497,21.42,27.0791,6.76672,20.8057,27.0542,-3.36034,23.1573,34.4564,-2.52994,17.5817,32.1132,-3.17721,14.5505,39.5697,-3.01166,19.7734,40.9539,-2.34065,22.3948,35.9613,0.088242,17.6218,32.9965,1.90038],"max":[24.1426,40.9739,7.11539],"min":[14.5505,25.1697,-3.36034],"stride":3},"hero_lefthand-UV0":{"data":[0.066811,0.074887,0.05059,0.070999,0.046332,0.088037,0.065815,0.090843,0.091087,0.048905,0.069674,0.048905,0.070033,0.07072,0.090728,0.07072,0.089877,0.083437,0.0891,0.070999,0.067286,0.07303,0.070606,0.086312,0.053023,0.049306,0.069245,0.07036,0.069245,0.049665,0.053023,0.07072,0.091516,0.045394,0.091516,0.06135,0.105309,0.056727,0.09127,0.07303,0.09127,0.085206,0.101617,0.087834,0.091516,0.072751,0.11293,0.072751,0.111965,0.07303,0.11293,0.060313,0.11293,0.045394,0.111965,0.086312,0.09127,0.102244,0.111965,0.102244,0.043289,0.100213,0.065103,0.102244,0.090808,0.098356,0.074587,0.102244],"max":[0.11293,0.102244],"min":[0.043289,0.045394],"stride":2}},"surfaces":{"herocolour_default":{"numPrimitives":24,"triangles":[4,4,3,5,5,3,6,6,3,6,6,3,7,7,3,4,4,3,11,15,7,10,13,7,0,12,7,0,12,7,10,13,7,1,14,7,9,11,6,10,33,25,11,32,25,11,32,25,8,8,4,9,11,6,7,10,5,9,11,6,8,8,4,8,8,4,4,9,5,7,10,5,0,0,0,1,1,0,2,2,1,2,2,1,3,3,2,0,0,0,3,3,2,2,2,1,6,30,24,6,30,24,5,31,24,3,3,2,0,16,8,3,17,9,12,18,10,11,26,19,0,16,8,12,18,10,8,25,18,11,26,19,12,18,10,10,29,22,9,27,29,13,21,23,1,28,21,10,29,22,13,21,23,2,20,28,1,28,21,13,21,23,6,19,11,2,20,12,13,21,13,7,24,17,6,19,11,13,21,13,9,27,20,7,24,17,13,21,13,4,23,15,8,25,27,12,18,16,5,22,14,4,23,15,12,18,16,3,17,26,5,22,14,12,18,16]}}}},"images":{"materialSwatches1_pasted__monsterscolour_1":"characters/textures/herocolour01.dds"},"materials":{"herocolour_default":{"effect":"herocolour_default"}},"nodes":{"hero_lefthand":{"geometryinstances":{"hero_lefthandMesh":{"geometry":"hero_lefthandMesh","material":"herocolour_default","surface":"herocolour_default"}},"matrix":[0.01,0,0,0,0.01,0,0,0,0.01,0,0,0]}},"version":1}
