{"effects":{"herocolour_default":{"meta":{"normals":true},"parameters":{"diffuse":"materialSwatches1_pasted__monsterscolour_1","reflectivity":0.5,"shininess":1.73205},"type":"phong"}},"geometries":{"hero_righthandMesh":{"inputs":{"NORMAL":{"offset":2,"source":"hero_righthand-Normal0"},"POSITION":{"offset":0,"source":"hero_righthand-POSITION"},"TEXCOORD0":{"offset":1,"source":"hero_righthand-UV0"}},"meta":{"graphics":true},"sources":{"hero_righthand-Normal0":{"data":[-0.196191,0.111274,-0.974232,-0.194207,0.111649,-0.974586,-0.170576,0.116067,-0.978485,0.521808,-0.852051,-0.041543,-0.163874,0.038517,0.985729,-0.162306,0.038722,0.98598,-0.207596,0.032747,0.977666,0.302214,0.952752,0.030491,-0.869577,0.491744,0.044977,-0.863673,0.500895,0.056323,-0.868681,0.49439,0.031168,0.830845,-0.556129,-0.020425,0.805496,-0.591503,0.036072,0.829338,-0.557694,-0.034281,-0.986246,0.153053,0.062391,-0.985174,0.171328,0.008913,-0.990952,0.130561,0.03111,0.832283,-0.552372,-0.046799,-0.864152,0.503063,-0.012996,-0.873742,0.485606,0.0276,0.815333,-0.572835,-0.084218,0.904344,-0.425892,-0.027892,0.904123,-0.425701,-0.03661,0.905471,-0.423227,-0.031629,-0.241933,0.102455,-0.964869,-0.135766,0.042163,0.989843,-0.974904,0.065441,0.212792,-0.951426,0.104749,-0.289512,0.907881,-0.418914,-0.01624,0.907307,-0.417718,-0.048026],"max":[0.907881,0.952752,0.989843],"min":[-0.990952,-0.852051,-0.978485],"stride":3},"hero_righthand-POSITION":{"data":[-17.8526,31.9571,-4.08438,-23.268,34.5744,-2.89779,-19.3281,41.347,-2.71333,-14.2431,39.7706,-3.8547,-20.8935,27.1783,5.94472,-23.7821,25.4581,4.94162,-21.0762,27.5606,-4.19212,-23.9292,25.7659,-3.21813,-17.4355,32.0822,6.06738,-22.865,34.7065,5.27394,-19.1811,41.0392,5.44643,-14.0605,39.3882,6.28215,-21.9239,36.2578,2.74235,-17.2197,33.1305,1.02575],"max":[-14.0605,41.347,6.28215],"min":[-23.9292,25.4581,-4.19212],"stride":3},"hero_righthand-UV0":{"data":[0.046332,0.088037,0.065815,0.090843,0.066811,0.074887,0.05059,0.070999,0.090728,0.07072,0.091087,0.048905,0.070033,0.07072,0.069674,0.048905,0.070606,0.086312,0.089877,0.083437,0.067286,0.07303,0.0891,0.070999,0.053023,0.049306,0.053023,0.07072,0.069245,0.07036,0.069245,0.049665,0.091516,0.045394,0.091516,0.06135,0.105309,0.056727,0.09127,0.07303,0.09127,0.085206,0.101617,0.087834,0.091516,0.072751,0.11293,0.072751,0.111965,0.07303,0.11293,0.060313,0.11293,0.045394,0.111965,0.086312,0.09127,0.102244,0.111965,0.102244,0.043289,0.100213,0.065103,0.102244,0.074587,0.102244,0.090808,0.098356],"max":[0.11293,0.102244],"min":[0.043289,0.045394],"stride":2}},"surfaces":{"herocolour_default":{"numPrimitives":24,"triangles":[4,4,3,5,5,3,6,6,3,5,5,3,7,7,3,6,6,3,5,11,6,4,10,6,9,9,5,8,8,4,9,9,5,4,10,6,10,33,25,9,9,5,8,8,4,11,32,25,10,33,25,8,8,4,2,2,2,3,3,2,0,0,0,0,0,0,1,1,1,2,2,2,1,1,1,0,0,0,6,30,24,6,30,24,7,31,24,1,1,1,2,16,8,1,17,9,12,18,10,10,26,19,2,16,8,12,18,10,9,25,18,10,26,19,12,18,10,2,12,7,10,13,7,11,14,7,11,14,7,3,15,7,2,12,7,11,29,22,8,27,29,13,21,23,3,28,21,11,29,22,13,21,23,0,20,28,3,28,21,13,21,23,6,19,11,0,20,12,13,21,13,4,24,17,6,19,11,13,21,13,8,27,20,4,24,17,13,21,13,5,23,15,9,25,27,12,18,16,7,22,14,5,23,15,12,18,16,1,17,26,7,22,14,12,18,16]}}}},"images":{"materialSwatches1_pasted__monsterscolour_1":"characters/textures/herocolour01.dds"},"materials":{"herocolour_default":{"effect":"herocolour_default"}},"nodes":{"hero_righthand":{"geometryinstances":{"hero_righthandMesh":{"geometry":"hero_righthandMesh","material":"herocolour_default","surface":"herocolour_default"}},"matrix":[0.01,0,0,0,0.01,0,0,0,0.01,0,0,0]}},"version":1}
