{"effects":{"monstercolour":{"meta":{"normals":true},"parameters":{"diffuse":"monsterscolour_1","reflectivity":0.5,"shininess":300},"type":"phong"}},"geometries":{"lumber_01Mesh":{"inputs":{"NORMAL":{"offset":0,"source":"lumber_01-Normal0"},"POSITION":{"offset":0,"source":"lumber_01-POSITION"},"TEXCOORD0":{"offset":1,"source":"lumber_01-UV0"}},"meta":{"graphics":true},"sources":{"lumber_01-Normal0":{"data":[-0.499906,0.019367,-0.865863,0.499906,-0.019367,-0.865863,-0.499906,-0.019367,-0.865863,0.499906,0.019367,-0.865863,-0.999812,-0.019367,0,-0.999813,0.019367,0,-0.499906,-0.019367,0.865863,-0.499906,0.019367,0.865863,0.499906,0.019367,0.865863,0.499906,-0.019367,0.865863,0.999813,0.019367,0,0.999812,-0.019367,0,0.081969,-0.986471,-0.141974,0,-1,0,-0.081969,-0.986471,-0.141974,-0.163938,-0.986471,0,-0.081969,-0.986471,0.141974,0.081969,-0.986471,0.141974,0.163938,-0.986471,0,-0.081969,0.986471,-0.141974,0,1,0,0.081969,0.986471,-0.141974,-0.163938,0.986471,0,-0.081969,0.986471,0.141974,0.081969,0.986471,0.141974,0.163938,0.986471,0],"max":[0.999813,1,0.865863],"min":[-0.999813,-1,-0.865863],"stride":3},"lumber_01-POSITION":{"data":[-25,47.5002,-43.3013,25,-47.5002,-43.3013,-25,-47.5002,-43.3013,25,47.5002,-43.3013,-50,-47.5002,-1.5e-05,-50,47.5002,0,-25,-47.5003,43.3013,-25,47.5002,43.3013,25,47.5002,43.3013,25,-47.5003,43.3013,50,47.5002,8e-06,50,-47.5002,-8e-06,23.7501,-50,-41.1364,1e-06,-50,-8e-06,-23.7501,-50,-41.1364,-47.5003,-50,-1.5e-05,-23.7501,-50,41.1364,23.7501,-50,41.1364,47.5003,-50,-8e-06,-23.7501,50,-41.1364,-1e-06,50,8e-06,23.7501,50,-41.1364,-47.5003,50,0,-23.7501,50,41.1364,23.7501,50,41.1364,47.5003,50,8e-06],"max":[50,50,43.3013],"min":[-50,-50,-43.3013],"stride":3},"lumber_01-UV0":{"data":[0.765995,0.885405,0.777677,0.863209,0.765995,0.863209,0.777677,0.885405,0.760154,0.863209,0.760154,0.885405,0.729552,0.886807,0.729552,0.909002,0.739669,0.909002,0.739669,0.886807,0.748113,0.885405,0.759795,0.863209,0.748113,0.863209,0.759795,0.885405,0.750191,0.886807,0.740074,0.909002,0.750191,0.909002,0.740074,0.886807,0.760308,0.886807,0.760308,0.909002,0.728533,0.88044,0.738144,0.874891,0.728533,0.869342,0.738144,0.863793,0.747755,0.869342,0.747755,0.88044,0.738144,0.885989,0.738657,0.846913,0.729046,0.852462,0.738657,0.858011,0.729046,0.841364,0.719435,0.846913,0.719435,0.858011,0.729046,0.86356,0.766287,0.862625,0.777385,0.862625,0.759802,0.909586,0.750191,0.909586,0.719941,0.909586,0.729552,0.909586,0.719435,0.909002,0.739163,0.909586,0.748405,0.885989,0.759503,0.885989,0.74058,0.909586,0.759802,0.886223,0.750191,0.886223,0.777385,0.885989,0.766287,0.885989,0.719941,0.886223,0.729552,0.886223,0.719435,0.886807,0.739163,0.886223,0.748405,0.862625,0.759503,0.862625,0.74058,0.886223],"max":[0.777677,0.909586],"min":[0.719435,0.841364],"stride":2}},"surfaces":{"monstercolour":{"numPrimitives":48,"triangles":[0,0,2,2,4,4,4,4,5,5,0,0,0,0,19,48,21,47,0,0,21,47,3,3,0,0,3,3,1,1,0,0,1,1,2,2,14,34,2,2,1,1,1,1,12,35,14,34,19,27,20,28,21,29,21,29,20,28,25,33,25,33,20,28,24,32,24,32,20,28,23,31,23,31,20,28,22,30,22,30,20,28,19,27,12,20,13,21,14,22,14,22,13,21,15,23,15,23,13,21,16,24,16,24,13,21,17,25,17,25,13,21,18,26,18,26,13,21,12,20,9,15,10,14,8,17,10,14,24,55,8,17,10,14,25,46,24,55,21,45,25,46,10,14,10,14,3,18,21,45,11,16,3,18,10,14,3,18,11,16,1,19,12,36,1,19,11,16,12,36,11,16,18,37,17,44,18,37,11,16,11,16,9,15,17,44,10,14,9,15,11,16,19,49,0,51,5,6,19,49,5,6,22,50,23,52,22,50,5,6,5,6,7,9,23,52,6,8,7,9,5,6,5,6,4,7,6,8,16,41,6,8,4,7,4,7,15,39,16,41,14,38,15,39,4,7,4,7,2,40,14,38,16,42,17,43,9,13,9,13,6,10,16,42,6,10,9,13,8,11,6,10,8,11,7,12,8,11,23,53,7,12,8,11,24,54,23,53]}}}},"images":{"monsterscolour_1":"characters/textures/monsterscolour.dds"},"materials":{"monstercolour":{"effect":"monstercolour"}},"nodes":{"lumber_01":{"geometryinstances":{"lumber_01Mesh":{"geometry":"lumber_01Mesh","material":"monstercolour","surface":"monstercolour"}},"matrix":[0.01,0,0,0,0.01,0,0,0,0.01,0,0,0]}},"version":1}
