{"effects":{"sand01_default":{"meta":{"normals":true},"parameters":{"diffuse":"materialSwatches1_tree_01_split17_file5","reflectivity":0.5,"shininess":300},"type":"phong"},"sand01_shiny":{"meta":{"normals":true},"parameters":{"diffuse":"materialSwatches2_tree_01_split23_pasted__file5","reflectivity":0.5,"shininess":6.31179},"type":"phong"},"tree02trunk_matt":{"meta":{"normals":true},"parameters":{"diffuse":"materialSwatches_tree_01_split_file6","reflectivity":0.5,"shininess":300},"type":"phong"}},"geometries":{"lumber_01Mesh":{"inputs":{"NORMAL":{"offset":0,"source":"lumber_01-Normal0"},"POSITION":{"offset":0,"source":"lumber_01-POSITION"},"TEXCOORD0":{"offset":1,"source":"lumber_01-UV0"}},"meta":{"graphics":true},"sources":{"lumber_01-Normal0":{"data":[-0.148424,-0.954925,-0.257078,-0.419275,-0.510165,-0.75096,0.441439,-0.510942,-0.737611,0.148424,-0.954925,-0.257078,0.296848,-0.954925,0,0.859604,-0.510771,0.013949,-0.296848,-0.954925,0,-0.859644,-0.510768,-0.011282,-0.148424,-0.954925,0.257078,-0.438874,-0.510881,0.739182,0.419579,-0.510138,0.750808,0.148424,-0.954925,0.257078,0.226297,0.835243,-0.501158,0.447248,0.892865,-0.052551,0.97539,0.220152,0.012144,0.506281,0.151128,-0.849023,-0.469517,0.111426,-0.875864,-0.285034,0.79966,-0.528488,-0.989114,0.138659,-0.04927,-0.558515,0.824216,-0.093429,-0.535488,0.207273,0.818713,-0.317476,0.882386,0.347281,0.177069,0.915504,0.361246,0.453904,0.249233,0.855484,0,-1,0,-0.05435,0.995167,-0.081784],"max":[0.97539,0.995167,0.855484],"min":[-0.989114,-1,-0.875864],"stride":3},"lumber_01-POSITION":{"data":[-21.7372,-52.1574,-37.65,-25,-47.5002,-43.3013,25,-47.5002,-43.3013,21.7372,-52.1574,-37.65,43.4745,-52.1574,-8e-06,50,-47.5002,-8e-06,-43.4745,-52.1574,-1.5e-05,-50,-47.5002,-1.5e-05,-21.7372,-52.1574,37.65,-25,-47.5003,43.3013,25,-47.5003,43.3013,21.7372,-52.1574,37.65,28.9677,45.3524,-46.1563,53.8948,50.656,1.8139,57.2465,44.7545,2.68535,31.0077,39.1718,-47.8093,-26.0255,35.8621,-50.1802,-25.2141,42.2083,-48.4087,-56.8199,38.1352,-2.05643,-54.4689,44.3677,-2.69082,-30.581,43.7179,48.4383,-29.5418,49.6713,45.2794,24.64,52.8155,47.5318,26.4522,47.0276,50.8092,1e-06,-52.1574,-8e-06,-0.287043,47.5119,-0.438459],"max":[57.2465,52.8155,50.8092],"min":[-56.8199,-52.1574,-50.1802],"stride":3},"lumber_01-UV0":{"data":[0.465176,0.706517,0.464859,0.705896,0.477557,0.705896,0.47724,0.706517,0.483271,0.718318,0.483906,0.718318,0.459145,0.718318,0.45851,0.718318,0.465176,0.730117,0.464859,0.730739,0.477557,0.730739,0.47724,0.730117,0.478565,0.705078,0.484895,0.718838,0.485747,0.719088,0.479083,0.704603,0.464598,0.703923,0.464805,0.704431,0.456778,0.717728,0.457375,0.717546,0.463441,0.732212,0.463705,0.731306,0.477466,0.731952,0.477926,0.732892,1.6667,0,1.33336,1,1.6667,1,1.33336,0,-0.333302,1,3.2e-05,1,3.2e-05,0,-0.333302,0,0.333365,1,0.333365,0,0.666699,1,0.666698,0,1.00003,0,1.00003,1,0.471208,0.718318,0.471135,0.718192],"max":[1.6667,1],"min":[-0.333302,0],"stride":2}},"surfaces":{"sand01_default":{"numPrimitives":12,"triangles":[3,3,24,38,0,0,0,0,24,38,6,6,6,6,24,38,8,8,8,8,24,38,11,11,11,11,24,38,4,4,4,4,24,38,3,3,17,17,25,39,12,12,12,12,25,39,13,13,13,13,25,39,22,22,22,22,25,39,21,21,21,21,25,39,19,19,19,19,25,39,17,17]},"sand01_shiny":{"numPrimitives":24,"triangles":[0,0,1,1,2,2,2,2,3,3,0,0,4,4,3,3,2,2,2,2,5,5,4,4,11,11,4,4,5,5,5,5,10,10,11,11,8,8,11,11,10,10,10,10,9,9,8,8,8,8,9,9,7,7,7,7,6,6,8,8,1,1,6,6,7,7,1,1,0,0,6,6,12,12,13,13,14,14,14,14,13,13,22,22,14,14,22,22,23,23,20,20,23,23,22,22,22,22,21,21,20,20,18,18,20,20,21,21,21,21,19,19,18,18,17,17,18,18,19,19,16,16,18,18,17,17,16,16,17,17,12,12,12,12,15,15,16,16,14,14,15,15,12,12]},"tree02trunk_matt":{"numPrimitives":12,"triangles":[18,30,16,31,1,28,1,28,7,29,18,30,18,30,7,29,9,32,9,32,20,33,18,30,20,33,9,32,10,34,10,34,23,35,20,33,10,34,14,36,23,35,14,36,10,34,5,37,5,37,15,27,14,36,15,27,5,37,2,25,16,24,15,27,2,25,16,24,2,25,1,26]}}}},"images":{"materialSwatches1_tree_01_split17_file5":"environment/textures/sand01_tile.dds","materialSwatches2_tree_01_split23_pasted__file5":"environment/textures/sand01_tile.dds","materialSwatches_tree_01_split_file6":"environment/textures/treetrunk_tile.dds"},"materials":{"sand01_default":{"effect":"sand01_default"},"sand01_shiny":{"effect":"sand01_shiny"},"tree02trunk_matt":{"effect":"tree02trunk_matt"}},"nodes":{"lumber_01":{"geometryinstances":{"lumber_01Mesh-sand01_default":{"geometry":"lumber_01Mesh","material":"sand01_default","surface":"sand01_default"},"lumber_01Mesh-sand01_shiny":{"geometry":"lumber_01Mesh","material":"sand01_shiny","surface":"sand01_shiny"},"lumber_01Mesh-tree02trunk_matt":{"geometry":"lumber_01Mesh","material":"tree02trunk_matt","surface":"tree02trunk_matt"}},"matrix":[0.01,0,0,0,0.01,0,0,0,0.01,0,0,0]}},"version":1}
