{"effects":{"haloglow_emissive_alphatest_uvtransform_alpha_nocull":{"meta":{"transparent":true},"parameters":{"diffuse":"temp1_materialSwatches1_rockprop_01_b_file5"},"type":"blend"},"wildlingscolour_default":{"meta":{"normals":true},"parameters":{"diffuse":"temp_pasted__monsterscolour_1","reflectivity":0.5,"shininess":1.73205},"type":"phong"}},"geometries":{"marketplace_tilesMesh":{"inputs":{"NORMAL":{"offset":2,"source":"marketplace_tiles-Normal0"},"POSITION":{"offset":0,"source":"marketplace_tiles-POSITION"},"TEXCOORD0":{"offset":1,"source":"marketplace_tiles-UV0"}},"meta":{"graphics":true},"sources":{"marketplace_tiles-Normal0":{"data":[0.009297,0.249063,0.968443,0.037917,0.998937,-0.026227,0.000864,0.294323,-0.955705,0.000864,0.294323,-0.955706,0.934936,0.354629,-0.011551,-0.970081,0.24274,0.004458,0.36975,0.102349,0.923477,0.083457,0.991585,0.098963,-0.324033,0.43305,-0.841112,0.883843,0.360416,-0.298198,0.883843,0.360415,-0.298198,-0.885049,0.254438,0.389806,-0.223049,0.141819,0.964436,0.040875,0.999164,0.000494,0.223605,0.232762,-0.946479,0.937104,0.271848,0.218939,-0.962406,0.159727,-0.219687],"max":[0.937104,0.999164,0.968443],"min":[-0.970081,0.102349,-0.955706],"stride":3},"marketplace_tiles-POSITION":{"data":[11.9483,0,14.5846,11.066,3.15971,13.3899,-28.7271,0,14.5846,-27.4488,4.63164,13.7716,10.6699,2.52404,-11.3938,-27.8449,3.99597,-11.0121,11.9483,0,-12.2067,-28.7271,0,-12.2067,24.939,1.12329,21.2716,23.9624,4.06264,20.9729,-10.2013,1.33289,34.9542,-9.11258,5.50436,34.42,15.7003,6.77887,0.724339,-17.3747,8.2206,14.1714,-18.7267,4.87089,13.0048,16.4136,4.66129,-0.677837,24.3621,4.93659,-1.10787,23.8985,7.98811,-1.92292,-1.56869,9.0328,-7.70734,-2.4425,4.5537,-7.5099,27.3816,7.85341,-17.6538,1.91447,8.8981,-23.4383,28.3961,5.45541,-18.0286,1.59145,5.07252,-24.4306],"max":[28.3961,9.0328,34.9542],"min":[-28.7271,0,-24.4306],"stride":3},"marketplace_tiles-UV0":{"data":[0.043282,0.357402,0.049264,0.355731,0.043282,0.280394,0.052051,0.282814,0.0527,0.284484,0.053423,0.357402,0.100344,0.356652,0.099622,0.283734,0.037912,0.354981,0.042691,0.357402,0.042691,0.280394,0.035125,0.282064,0.100907,0.357402,0.105686,0.355862,0.106889,0.308941,0.100907,0.306679,0.115017,0.308941,0.107452,0.306679,0.107452,0.357402,0.116221,0.355862,0.113212,0.436477,0.116046,0.435535,0.113414,0.402592,0.117437,0.403642,0.046206,0.44239,0.059173,0.474284,0.078698,0.466317,0.065731,0.434423,0.112571,0.402592,0.109341,0.403896,0.112773,0.436477,0.110731,0.435789,0.067822,0.41326,0.064987,0.412972,0.070441,0.432786,0.068399,0.434138,0.061318,0.412972,0.057907,0.434138,0.061929,0.433622,0.064548,0.414097,0.083767,0.434776,0.086709,0.434329,0.087717,0.409771,0.083398,0.408929,0.088156,0.431417,0.103325,0.434776,0.093733,0.40686,0.108902,0.410218,0.080277,0.433798,0.08259,0.434776,0.082959,0.408929,0.07927,0.40924,0.055026,0.434138,0.057338,0.433776,0.057468,0.418607,0.054525,0.417821,0.053957,0.418778,0.050268,0.417821,0.049768,0.434138,0.054087,0.433947],"max":[0.117437,0.474284],"min":[0.035125,0.280394],"stride":2}},"surfaces":{"wildlingscolour_default":{"numPrimitives":30,"triangles":[0,0,0,1,1,0,2,2,0,1,1,0,3,3,0,2,2,0,17,44,13,20,45,13,18,46,13,20,45,13,21,47,13,18,46,13,9,32,9,8,33,9,12,34,10,15,35,10,12,34,10,8,33,9,14,28,8,13,29,8,15,30,8,13,29,8,12,31,8,15,30,8,8,20,6,9,21,6,10,22,6,9,21,6,11,23,6,10,22,6,3,4,1,1,5,1,4,6,1,4,6,1,5,7,1,3,4,1,4,8,2,6,9,3,7,10,3,7,10,3,5,11,3,4,8,2,6,12,4,4,13,4,1,14,4,1,14,4,0,15,4,6,12,4,5,16,5,7,17,5,2,18,5,2,18,5,3,19,5,5,16,5,11,24,7,9,25,7,12,26,7,12,26,7,13,27,7,11,24,7,14,36,11,10,37,11,11,38,11,11,38,11,13,39,11,14,36,11,16,40,12,17,41,12,18,42,12,18,42,12,19,43,12,16,40,12,20,48,14,22,49,14,23,50,14,23,50,14,21,51,14,20,48,14,22,52,15,20,53,15,17,54,15,17,54,15,16,55,15,22,52,15,21,56,16,23,57,16,19,58,16,19,58,16,18,59,16,21,56,16]}}},"tileglowMesh":{"inputs":{"NORMAL":{"offset":2,"source":"tileglow-Normal0"},"POSITION":{"offset":0,"source":"tileglow-POSITION"},"TEXCOORD0":{"offset":1,"source":"tileglow-UV0"}},"meta":{"graphics":true},"sources":{"tileglow-Normal0":{"data":[0.009395,0.205303,0.978653,0.046459,0.998403,-0.032136,0.000877,0.243637,-0.969866,0.955252,0.295557,-0.011802,-0.979789,0.199985,0.004503,0.36975,0.10235,0.923477,0.083457,0.991585,0.098963,-0.324033,0.43305,-0.841112,0.883843,0.360416,-0.298198,-0.885049,0.254438,0.389806,-0.223049,0.141819,0.964436,0.040874,0.999164,0.000494,0.223605,0.232762,-0.946479,0.937104,0.271848,0.218939,-0.962406,0.159727,-0.219687],"max":[0.955252,0.999164,0.978653],"min":[-0.979789,0.10235,-0.969866],"stride":3},"tileglow-POSITION":{"data":[-32.0543,6.59779,17.6265,-33.6904,-0.669697,18.667,17.2413,4.28819,17.1379,18.3705,-0.669697,18.667,16.7343,3.29076,-14.5831,-32.5612,5.60036,-14.0945,18.3705,-0.669697,-15.6236,-33.6904,-0.669697,-15.6236,31.9197,1.43772,23.5382,30.6698,5.19982,23.1559,-13.0568,1.70599,41.0507,-11.6633,7.0451,40.3669,20.0951,8.67636,-2.76052,-22.238,10.5216,14.4505,-23.9685,6.23431,12.9574,21.008,5.96604,-4.55519,26.8131,5.34809,3.8122,26.2197,9.25377,2.769,-6.37605,10.5909,-4.63454,-7.49446,4.85803,-4.38183,30.6778,9.08136,-17.3652,-1.91792,10.4185,-24.7687,31.9762,6.01213,-17.8449,-2.33136,5.52208,-26.0389],"max":[31.9762,10.5909,41.0507],"min":[-33.6904,-0.669697,-26.0389],"stride":3},"tileglow-UV0":{"data":[0.53191,0.626913,0.510455,0.622083,0.525092,0.77244,0.510455,0.775774,0.554304,0.630247,0.555746,0.775774,0.64939,0.774277,0.647948,0.62875,0.540842,0.770944,0.552534,0.775774,0.552534,0.622083,0.534024,0.625416,0.495217,0.61846,0.506909,0.615389,0.509853,0.521744,0.495217,0.51723,0.490547,0.521744,0.472037,0.51723,0.472037,0.61846,0.493492,0.615389,0.629429,0.627628,0.640535,0.623938,0.630221,0.494851,0.645983,0.498965,0.381049,0.650801,0.431858,0.775774,0.508367,0.744556,0.457557,0.619583,0.660365,0.494851,0.647708,0.49996,0.661157,0.627628,0.653156,0.624933,0.460048,0.536653,0.448942,0.535525,0.470312,0.613162,0.46231,0.61846,0.43456,0.535525,0.421192,0.61846,0.436954,0.616441,0.447217,0.539933,0.513026,0.62096,0.524556,0.619209,0.528503,0.522982,0.511579,0.51968,0.546409,0.607799,0.605847,0.62096,0.568265,0.511572,0.627704,0.524733,0.534176,0.617127,0.543236,0.62096,0.544683,0.51968,0.530228,0.5209,0.409897,0.61846,0.418957,0.617044,0.419466,0.557605,0.407936,0.554526,0.405702,0.558275,0.391247,0.554526,0.389287,0.61846,0.406211,0.617714],"max":[0.661157,0.775774],"min":[0.381049,0.494851],"stride":2}},"surfaces":{"haloglow_emissive_alphatest_uvtransform_alpha_nocull":{"numPrimitives":30,"triangles":[0,0,0,1,1,0,2,2,0,1,1,0,3,3,0,2,2,0,17,44,11,20,45,11,18,46,11,20,45,11,21,47,11,18,46,11,9,32,8,8,33,8,12,34,8,15,35,8,12,34,8,8,33,8,14,28,7,13,29,7,15,30,7,13,29,7,12,31,7,15,30,7,8,20,5,9,21,5,10,22,5,9,21,5,11,23,5,10,22,5,0,4,1,2,5,1,4,6,1,4,6,1,5,7,1,0,4,1,4,8,2,6,9,2,7,10,2,7,10,2,5,11,2,4,8,2,6,12,3,4,13,3,2,14,3,2,14,3,3,15,3,6,12,3,5,16,4,7,17,4,1,18,4,1,18,4,0,19,4,5,16,4,11,24,6,9,25,6,12,26,6,12,26,6,13,27,6,11,24,6,14,36,9,10,37,9,11,38,9,11,38,9,13,39,9,14,36,9,16,40,10,17,41,10,18,42,10,18,42,10,19,43,10,16,40,10,20,48,12,22,49,12,23,50,12,23,50,12,21,51,12,20,48,12,22,52,13,20,53,13,17,54,13,17,54,13,16,55,13,22,52,13,21,56,14,23,57,14,19,58,14,19,58,14,18,59,14,21,56,14]}}}},"images":{"temp1_materialSwatches1_rockprop_01_b_file5":"environment/textures/haloglow.dds","temp_pasted__monsterscolour_1":"characters/textures/wildlingscolour01.dds"},"materials":{"haloglow_emissive_alphatest_uvtransform_alpha_nocull":{"effect":"haloglow_emissive_alphatest_uvtransform_alpha_nocull"},"wildlingscolour_default":{"effect":"wildlingscolour_default"}},"nodes":{"marketplace_tiles":{"geometryinstances":{"marketplace_tilesMesh":{"geometry":"marketplace_tilesMesh","material":"wildlingscolour_default","surface":"wildlingscolour_default"}},"matrix":[0.01,0,0,0,0.01,0,0,0,0.01,0,0,0]},"tileglow":{"geometryinstances":{"tileglowMesh":{"geometry":"tileglowMesh","material":"haloglow_emissive_alphatest_uvtransform_alpha_nocull",