{"effects":{"crystal_emissive":{"parameters":{"diffuse":"file2","light_map":"materialSwatches_file1","reflectivity":0.5,"shininess":6.31179},"type":"lightmap"}},"geometries":{"mucusMesh":{"inputs":{"NORMAL":{"offset":0,"source":"mucus-Normal0"},"POSITION":{"offset":0,"source":"mucus-POSITION"},"TEXCOORD0":{"offset":1,"source":"mucus-UV0"}},"meta":{"graphics":true},"sources":{"mucus-Normal0":{"data":[-0.27313,0.274668,0.921931,-0.27313,-0.274668,0.921931,0.27313,0.274668,0.921931,0.27313,-0.274668,0.921931,0.688462,0.688671,-0.227491,-0.700905,0.701494,0.128988,0.700905,0.701494,0.128988,-0.688462,0.688671,-0.227491,-0.700905,-0.701494,0.128988,-0.688462,-0.688671,-0.227491,0.700905,-0.701495,0.128988,0.688462,-0.688671,-0.227491,-0.871218,0.488377,-0.049675,-0.735112,0.659377,-0.157583,0.65976,0.734915,-0.156901,0.484411,0.867462,-0.113383,0.859215,-0.499487,-0.110736,0.732296,-0.662578,-0.157265,-0.661867,-0.732873,-0.157575,-0.503148,-0.862835,-0.048547,-0.968317,0.249724,0.000537,0.23424,0.966429,-0.105574,0.956634,-0.264485,-0.122064,-0.278155,-0.960347,-0.019075,-0.430238,-0.041629,-0.901755,0.525475,-0.527164,0.667813,-0.525475,-0.527164,0.667813,0.525475,0.527164,0.667813,-0.525475,0.527164,0.667813],"max":[0.956634,0.966429,0.921931],"min":[-0.968317,-0.960347,-0.901755],"stride":3},"mucus-POSITION":{"data":[-2.99042,2.95641,29.3298,-2.99042,-2.95641,29.3298,2.99042,2.95641,29.3298,2.99042,-2.95641,29.3298,5.52032,5.45755,10.5071,-7.41191,7.32762,21.4079,7.41191,7.32762,21.4079,-5.52032,5.45755,10.5071,-7.41191,-7.32762,21.4079,-5.52032,-5.45755,10.5071,7.41191,-7.32762,21.4079,5.52032,-5.45755,10.5071,-1.79493,0.935126,-26.4009,-2.78827,2.75656,-6.70116,2.78827,2.75656,-6.70116,0.925741,1.79087,-27.3263,1.79493,-0.935125,-27.2058,2.78827,-2.75656,-6.70116,-2.78827,-2.75656,-6.70116,-0.925741,-1.79087,-26.2803,-2.12212,-0.285291,-38.2747,-0.821672,0.747847,-39.5871,0.106193,-0.712804,-40.3899,-1.19426,-1.74594,-39.0775,-2.27721,-0.701039,-59.9755,5.35558,-5.29467,26.9354,-5.35558,-5.29467,26.9354,5.35558,5.29467,26.9354,-5.35558,5.29467,26.9354],"max":[7.41191,7.32762,29.3298],"min":[-7.41191,-7.32762,-59.9755],"stride":3},"mucus-UV0":{"data":[0.309602,0.429021,0.301234,0.429021,0.309602,0.437485,0.301234,0.437485,0.229628,0.417583,0.211326,0.43301,0.232305,0.43301,0.214003,0.417583,0.233106,0.325656,0.235783,0.341083,0.254085,0.325656,0.251408,0.341083,0.254863,0.353374,0.272957,0.368802,0.275604,0.353374,0.25751,0.368802,0.279041,0.417583,0.276394,0.43301,0.297135,0.43301,0.294488,0.417583,0.219275,0.365349,0.217869,0.393229,0.225761,0.393229,0.223126,0.36404,0.26391,0.422174,0.269135,0.393155,0.261333,0.393155,0.267768,0.422345,0.247542,0.365437,0.23965,0.365437,0.242285,0.393146,0.246136,0.394456,0.28423,0.36552,0.282863,0.393229,0.290666,0.393229,0.288088,0.365349,0.218812,0.348545,0.220653,0.346688,0.266292,0.439697,0.264225,0.440833,0.241905,0.411257,0.243746,0.413114,0.286361,0.348545,0.284294,0.347409,0.218593,0.317833,0.221966,0.345552,0.240373,0.440833,0.240592,0.410121,0.251175,0.317833,0.236016,0.317833,0.272727,0.345552,0.257741,0.345552,0.214236,0.440833,0.229395,0.440833,0.294258,0.440833,0.279271,0.440833,0.297925,0.440833,0.297925,0.425674,0.312911,0.440833,0.312911,0.425674],"max":[0.312911,0.440833],"min":[0.211326,0.317833],"stride":2}},"surfaces":{"crystal_emissive":{"numPrimitives":54,"triangles":[8,17,26,55,28,54,28,54,5,18,8,17,9,16,8,17,5,18,5,18,7,19,9,16,18,33,9,16,7,19,7,19,13,34,18,33,19,32,18,33,13,34,13,34,12,35,19,32,19,32,12,35,20,42,19,32,20,42,23,43,20,47,24,46,23,40,23,40,24,46,22,41,16,31,23,40,22,41,23,40,16,31,19,30,17,28,19,30,16,31,17,28,18,29,19,30,18,29,17,28,11,11,18,29,11,11,9,9,9,9,11,11,10,10,8,8,9,9,10,10,10,10,25,48,8,8,25,48,26,49,8,8,25,56,3,3,26,57,3,3,1,1,26,57,26,57,1,1,28,59,1,1,0,0,28,59,28,59,0,0,27,58,0,0,2,2,27,58,27,58,2,2,25,56,2,2,3,3,25,56,1,1,3,3,2,2,0,0,1,1,2,2,16,24,22,39,21,38,21,38,15,27,16,24,16,24,15,27,14,25,16,24,14,25,17,26,17,26,14,25,4,13,17,26,4,13,11,15,11,15,4,13,10,12,10,12,4,13,6,14,6,14,27,50,10,12,27,50,25,51,10,12,22,45,24,44,21,37,21,37,24,44,20,36,15,23,21,37,20,36,20,36,12,20,15,23,14,22,15,23,12,20,12,20,13,21,14,22,14,22,13,21,7,7,14,22,7,7,4,4,4,4,7,7,5,5,4,4,5,5,6,6,5,5,28,52,6,6,28,52,27,53,6,6]}}}},"images":{"file2":"environment/textures/crystals.dds","materialSwatches_file1":"environment/textures/crystals.dds"},"materials":{"crystal_emissive":{"effect":"crystal_emissive"}},"nodes":{"mucus":{"geometryinstances":{"mucusMesh":{"geometry":"mucusMesh","material":"crystal_emissive","surface":"crystal_emissive"}},"matrix":[0,0,0.00414,0.00414,0,0,0,0.00414,0,0,-0.091608,0]}},"version":1}
