{"bitmapfontlayouts":{"assets/fonts/museo500-64-c.fnt":{"baseline":51,"glyphs":{"32":{"awidth":64,"bottom":0.248047,"height":63,"left":0.517578,"page":0,"right":0.580078,"top":0.125,"width":64,"xoffset":0,"yoffset":0},"33":{"awidth":64,"bottom":0.123047,"height":63,"left":0.324219,"page":0,"right":0.388672,"top":0,"width":66,"xoffset":-1,"yoffset":0},"34":{"awidth":64,"bottom":0.621094,"height":62,"left":0.124023,"page":0,"right":0.18457,"top":0.5,"width":62,"xoffset":0,"yoffset":0},"35":{"awidth":64,"bottom":0.494141,"height":62,"left":0.825195,"page":0,"right":0.886719,"top":0.373047,"width":63,"xoffset":0,"yoffset":0},"36":{"awidth":64,"bottom":0.375,"height":63,"left":0.0625,"page":0,"right":0.124023,"top":0.251953,"width":63,"xoffset":0,"yoffset":0},"37":{"awidth":64,"bottom":0.617188,"height":61,"left":0.443359,"page":0,"right":0.506836,"top":0.498047,"width":65,"xoffset":-1,"yoffset":0},"38":{"awidth":64,"bottom":0.25,"height":63,"left":0.195312,"page":0,"right":0.258789,"top":0.126953,"width":65,"xoffset":-1,"yoffset":0},"39":{"awidth":64,"bottom":0.621094,"height":62,"left":0.0625,"page":0,"right":0.123047,"top":0.5,"width":62,"xoffset":1,"yoffset":0},"40":{"awidth":64,"bottom":0.125,"height":64,"left":0.194336,"page":0,"right":0.256836,"top":0,"width":64,"xoffset":0,"yoffset":-1},"41":{"awidth":64,"bottom":0.248047,"height":63,"left":0.898438,"page":0,"right":0.959961,"top":0.125,"width":63,"xoffset":0,"yoffset":0},"42":{"awidth":64,"bottom":0.375,"height":63,"left":0.125,"page":0,"right":0.186523,"top":0.251953,"width":63,"xoffset":1,"yoffset":0},"43":{"awidth":64,"bottom":0.375,"height":63,"left":0,"page":0,"right":0.0615234,"top":0.251953,"width":63,"xoffset":0,"yoffset":0},"44":{"awidth":64,"bottom":0.494141,"height":62,"left":0.762695,"page":0,"right":0.824219,"top":0.373047,"width":63,"xoffset":0,"yoffset":0},"45":{"awidth":64,"bottom":0.123047,"height":63,"left":0.651367,"page":0,"right":0.71582,"top":0,"width":66,"xoffset":-1,"yoffset":0},"46":{"awidth":64,"bottom":0.496094,"height":62,"left":0.381836,"page":0,"right":0.444336,"top":0.375,"width":64,"xoffset":0,"yoffset":0},"47":{"awidth":64,"bottom":0.615234,"height":61,"left":0.572266,"page":0,"right":0.635742,"top":0.496094,"width":65,"xoffset":-1,"yoffset":1},"48":{"awidth":64,"bottom":0.621094,"height":62,"left":0.185547,"page":0,"right":0.244141,"top":0.5,"width":60,"xoffset":2,"yoffset":0},"49":{"awidth":64,"bottom":0.615234,"height":61,"left":0.636719,"page":0,"right":0.700195,"top":0.496094,"width":65,"xoffset":0,"yoffset":1},"51":{"awidth":64,"bottom":0.494141,"height":62,"left":0.445312,"page":0,"right":0.507812,"top":0.373047,"width":64,"xoffset":0,"yoffset":0},"52":{"awidth":64,"bottom":0.621094,"height":62,"left":0,"page":0,"right":0.0615234,"top":0.5,"width":63,"xoffset":0,"yoffset":0},"53":{"awidth":64,"bottom":0.734375,"height":57,"left":0.124023,"page":0,"right":0.183594,"top":0.623047,"width":61,"xoffset":3,"yoffset":3},"54":{"awidth":64,"bottom":0.375,"height":63,"left":0.25,"page":0,"right":0.311523,"top":0.251953,"width":63,"xoffset":1,"yoffset":0},"55":{"awidth":64,"bottom":0.248047,"height":63,"left":0.708008,"page":0,"right":0.770508,"top":0.125,"width":64,"xoffset":0,"yoffset":0},"56":{"awidth":64,"bottom":0.615234,"height":61,"left":0.762695,"page":0,"right":0.820312,"top":0.496094,"width":59,"xoffset":2,"yoffset":2},"57":{"awidth":64,"bottom":0.738281,"height":59,"left":0,"page":0,"right":0.0615234,"top":0.623047,"width":63,"xoffset":1,"yoffset":4},"58":{"awidth":64,"bottom":0.615234,"height":61,"left":0.701172,"page":0,"right":0.761719,"top":0.496094,"width":62,"xoffset":2,"yoffset":2},"59":{"awidth":64,"bottom":0.373047,"height":63,"left":0.374023,"page":0,"right":0.43457,"top":0.25,"width":62,"xoffset":2,"yoffset":0},"60":{"awidth":64,"bottom":0.494141,"height":62,"left":0.699219,"page":0,"right":0.761719,"top":0.373047,"width":64,"xoffset":1,"yoffset":1},"61":{"awidth":64,"bottom":0.738281,"height":59,"left":0.0625,"page":0,"right":0.123047,"top":0.623047,"width":62,"xoffset":2,"yoffset":3},"62":{"awidth":64,"bottom":0.492188,"height":61,"left":0.950195,"page":0,"right":0.999023,"top":0.373047,"width":50,"xoffset":7,"yoffset":1},"63":{"awidth":64,"bottom":0.730469,"height":55,"left":0.18457,"page":0,"right":0.246094,"top":0.623047,"width":63,"xoffset":1,"yoffset":4},"64":{"awidth":64,"bottom":0.123047,"height":63,"left":0.455078,"page":0,"right":0.519531,"top":0,"width":66,"xoffset":-1,"yoffset":0},"65":{"awidth":64,"bottom":0.123047,"height":63,"left":0.257812,"page":0,"right":0.323242,"top":0,"width":67,"xoffset":-1,"yoffset":0},"66":{"awidth":64,"bottom":0.248047,"height":63,"left":0.581055,"page":0,"right":0.643555,"top":0.125,"width":64,"xoffset":0,"yoffset":0},"67":{"awidth":64,"bottom":0.613281,"height":60,"left":0.821289,"page":0,"right":0.884766,"top":0.496094,"width":65,"xoffset":0,"yoffset":2},"68":{"awidth":64,"bottom":0.494141,"height":62,"left":0.572266,"page":0,"right":0.634766,"top":0.373047,"width":64,"xoffset":0,"yoffset":1},"69":{"awidth":64,"bottom":0.613281,"height":60,"left":0.885742,"page":0,"right":0.949219,"top":0.496094,"width":65,"xoffset":0,"yoffset":1},"70":{"awidth":64,"bottom":0.248047,"height":63,"left":0.644531,"page":0,"right":0.707031,"top":0.125,"width":64,"xoffset":0,"yoffset":0},"71":{"awidth":64,"bottom":0.248047,"height":63,"left":0.388672,"page":0,"right":0.452148,"top":0.125,"width":65,"xoffset":0,"yoffset":0},"72":{"awidth":64,"bottom":0.123047,"height":63,"left":0.389648,"page":0,"right":0.454102,"top":0,"width":66,"xoffset":0,"yoffset":0},"73":{"awidth":64,"bottom":0.498047,"height":62,"left":0.0644531,"page":0,"right":0.126953,"top":0.376953,"width":64,"xoffset":0,"yoffset":0},"74":{"awidth":64,"bottom":0.615234,"height":61,"left":0.507812,"page":0,"right":0.571289,"top":0.496094,"width":65,"xoffset":-1,"yoffset":0},"75":{"awidth":64,"bottom":0.494141,"height":62,"left":0.508789,"page":0,"right":0.571289,"top":0.373047,"width":64,"xoffset":0,"yoffset":0},"76":{"awidth":64,"bottom":0.371094,"height":62,"left":0.889648,"page":0,"right":0.953125,"top":0.25,"width":65,"xoffset":0,"yoffset":0},"77":{"awidth":64,"bottom":0.123047,"height":63,"left":0.585938,"page":0,"right":0.650391,"top":0,"width":66,"xoffset":-1,"yoffset":-1},"78":{"awidth":64,"bottom":0.248047,"height":63,"left":0.324219,"page":0,"right":0.387695,"top":0.125,"width":65,"xoffset":-1,"yoffset":0},"79":{"awidth":64,"bottom":0.123047,"height":63,"left":0.520508,"page":0,"right":0.584961,"top":0,"width":66,"xoffset":0,"yoffset":0},"80":{"awidth":64,"bottom":0.371094,"height":62,"left":0.631836,"page":0,"right":0.695312,"top":0.25,"width":65,"xoffset":0,"yoffset":0},"81":{"awidth":64,"bottom":0.494141,"height":62,"left":0.635742,"page":0,"right":0.698242,"top":0.373047,"width":64,"xoffset":0,"yoffset":1},"82":{"awidth":64,"bottom":0.248047,"height":63,"left":0.259766,"page":0,"right":0.323242,"top":0.125,"width":65,"xoffset":-1,"yoffset":0},"83":{"awidth":64,"bottom":0.125,"height":64,"left":0.130859,"page":0,"right":0.193359,"top":0,"width":64,"xoffset":0,"yoffset":0},"84":{"awidth":64,"bottom":0.498047,"height":62,"left":0.12793,"page":0,"right":0.19043,"top":0.376953,"width":64,"xoffset":0,"yoffset":0},"85":{"awidth":64,"bottom":0.25,"height":63,"left":0.130859,"page":0,"right":0.194336,"top":0.126953,"width":65,"xoffset":-1,"yoffset":0},"86":{"awidth":64,"bottom":0.125,"height":64,"left":0.0654297,"page":0,"right":0.129883,"top":0,"width":66,"xoffset":-1,"yoffset":0},"87":{"awidth":64,"bottom":0.619141,"height":61,"left":0.245117,"page":0,"right":0.311523,"top":0.5,"width":68,"xoffset":-2,"yoffset":0},"88":{"awidth":64,"bottom":0.371094,"height":62,"left":0.435547,"page":0,"right":0.5,"top":0.25,"width":66,"xoffset":-1,"yoffset":1},"89":{"awidth":64,"bottom":0.371094,"height":62,"left":0.825195,"page":0,"right":0.888672,"top":0.25,"width":65,"xoffset":-1,"yoffset":0},"90":{"awidth":64,"bottom":0.248047,"height":63,"left":0.834961,"page":0,