{"bitmapfontlayouts":{"assets/fonts/museo500-32-c.fnt":{"baseline":26,"glyphs":{"32":{"awidth":32,"bottom":0.269531,"height":34,"left":0,"page":0,"right":0.0683594,"top":0.136719,"width":35,"xoffset":-2,"yoffset":-1},"33":{"awidth":32,"bottom":0.265625,"height":33,"left":0.767578,"page":0,"right":0.837891,"top":0.136719,"width":36,"xoffset":-2,"yoffset":0},"34":{"awidth":32,"bottom":0.664062,"height":33,"left":0.90625,"page":0,"right":0.970703,"top":0.535156,"width":33,"xoffset":-1,"yoffset":0},"35":{"awidth":32,"bottom":0.535156,"height":33,"left":0.289062,"page":0,"right":0.357422,"top":0.40625,"width":35,"xoffset":-2,"yoffset":0},"36":{"awidth":32,"bottom":0.535156,"height":33,"left":0.359375,"page":0,"right":0.427734,"top":0.40625,"width":35,"xoffset":-2,"yoffset":0},"37":{"awidth":32,"bottom":0.796875,"height":32,"left":0.355469,"page":0,"right":0.423828,"top":0.671875,"width":35,"xoffset":-2,"yoffset":0},"38":{"awidth":32,"bottom":0.269531,"height":34,"left":0.210938,"page":0,"right":0.279297,"top":0.136719,"width":35,"xoffset":-2,"yoffset":-1},"39":{"awidth":32,"bottom":0.667969,"height":33,"left":0.771484,"page":0,"right":0.837891,"top":0.539062,"width":34,"xoffset":-1,"yoffset":0},"40":{"awidth":32,"bottom":0.269531,"height":34,"left":0.351562,"page":0,"right":0.419922,"top":0.136719,"width":35,"xoffset":-2,"yoffset":-1},"41":{"awidth":32,"bottom":0.535156,"height":33,"left":0.5,"page":0,"right":0.568359,"top":0.40625,"width":35,"xoffset":-2,"yoffset":0},"42":{"awidth":32,"bottom":0.667969,"height":33,"left":0.351562,"page":0,"right":0.419922,"top":0.539062,"width":35,"xoffset":-1,"yoffset":0},"43":{"awidth":32,"bottom":0.535156,"height":33,"left":0.570312,"page":0,"right":0.638672,"top":0.40625,"width":35,"xoffset":-2,"yoffset":0},"44":{"awidth":32,"bottom":0.535156,"height":33,"left":0.710938,"page":0,"right":0.779297,"top":0.40625,"width":35,"xoffset":-2,"yoffset":0},"45":{"awidth":32,"bottom":0.132812,"height":34,"left":0.361328,"page":0,"right":0.431641,"top":0,"width":36,"xoffset":-2,"yoffset":-1},"46":{"awidth":32,"bottom":0.53125,"height":33,"left":0.78125,"page":0,"right":0.849609,"top":0.402344,"width":35,"xoffset":-2,"yoffset":0},"47":{"awidth":32,"bottom":0.402344,"height":33,"left":0.505859,"page":0,"right":0.576172,"top":0.273438,"width":36,"xoffset":-2,"yoffset":0},"48":{"awidth":32,"bottom":0.269531,"height":34,"left":0.628906,"page":0,"right":0.693359,"top":0.136719,"width":33,"xoffset":0,"yoffset":-1},"49":{"awidth":32,"bottom":0.53125,"height":33,"left":0.851562,"page":0,"right":0.919922,"top":0.402344,"width":35,"xoffset":-1,"yoffset":0},"51":{"awidth":32,"bottom":0.53125,"height":33,"left":0.921875,"page":0,"right":0.990234,"top":0.402344,"width":35,"xoffset":-2,"yoffset":0},"52":{"awidth":32,"bottom":0.667969,"height":33,"left":0.703125,"page":0,"right":0.769531,"top":0.539062,"width":34,"xoffset":-1,"yoffset":0},"53":{"awidth":32,"bottom":0.792969,"height":31,"left":0.630859,"page":0,"right":0.695312,"top":0.671875,"width":33,"xoffset":0,"yoffset":1},"54":{"awidth":32,"bottom":0.667969,"height":33,"left":0.0703125,"page":0,"right":0.138672,"top":0.539062,"width":35,"xoffset":-1,"yoffset":0},"55":{"awidth":32,"bottom":0.265625,"height":33,"left":0.695312,"page":0,"right":0.765625,"top":0.136719,"width":36,"xoffset":-2,"yoffset":0},"56":{"awidth":32,"bottom":0.664062,"height":33,"left":0.839844,"page":0,"right":0.904297,"top":0.535156,"width":33,"xoffset":-1,"yoffset":0},"57":{"awidth":32,"bottom":0.796875,"height":32,"left":0.496094,"page":0,"right":0.5625,"top":0.671875,"width":34,"xoffset":-1,"yoffset":1},"58":{"awidth":32,"bottom":0.800781,"height":33,"left":0,"page":0,"right":0.0644531,"top":0.671875,"width":33,"xoffset":0,"yoffset":0},"59":{"awidth":32,"bottom":0.269531,"height":34,"left":0.492188,"page":0,"right":0.558594,"top":0.136719,"width":34,"xoffset":-1,"yoffset":-1},"60":{"awidth":32,"bottom":0.667969,"height":33,"left":0.140625,"page":0,"right":0.208984,"top":0.539062,"width":35,"xoffset":-1,"yoffset":0},"61":{"awidth":32,"bottom":0.796875,"height":32,"left":0.564453,"page":0,"right":0.628906,"top":0.671875,"width":33,"xoffset":0,"yoffset":1},"62":{"awidth":32,"bottom":0.128906,"height":33,"left":0.939453,"page":0,"right":0.994141,"top":0,"width":28,"xoffset":2,"yoffset":0},"63":{"awidth":32,"bottom":0.789062,"height":30,"left":0.697266,"page":0,"right":0.763672,"top":0.671875,"width":34,"xoffset":-1,"yoffset":1},"64":{"awidth":32,"bottom":0.132812,"height":34,"left":0.289062,"page":0,"right":0.359375,"top":0,"width":36,"xoffset":-2,"yoffset":-1},"65":{"awidth":32,"bottom":0.132812,"height":34,"left":0.433594,"page":0,"right":0.503906,"top":0,"width":36,"xoffset":-2,"yoffset":-1},"66":{"awidth":32,"bottom":0.269531,"height":34,"left":0.28125,"page":0,"right":0.349609,"top":0.136719,"width":35,"xoffset":-2,"yoffset":-1},"67":{"awidth":32,"bottom":0.398438,"height":33,"left":0.722656,"page":0,"right":0.792969,"top":0.269531,"width":36,"xoffset":-2,"yoffset":0},"68":{"awidth":32,"bottom":0.667969,"height":33,"left":0.210938,"page":0,"right":0.279297,"top":0.539062,"width":35,"xoffset":-2,"yoffset":0},"69":{"awidth":32,"bottom":0.796875,"height":32,"left":0.210938,"page":0,"right":0.28125,"top":0.671875,"width":36,"xoffset":-2,"yoffset":0},"70":{"awidth":32,"bottom":0.667969,"height":33,"left":0.28125,"page":0,"right":0.349609,"top":0.539062,"width":35,"xoffset":-2,"yoffset":0},"71":{"awidth":32,"bottom":0.535156,"height":33,"left":0,"page":0,"right":0.0703125,"top":0.40625,"width":36,"xoffset":-2,"yoffset":0},"72":{"awidth":32,"bottom":0.402344,"height":33,"left":0.144531,"page":0,"right":0.214844,"top":0.273438,"width":36,"xoffset":-2,"yoffset":0},"73":{"awidth":32,"bottom":0.132812,"height":34,"left":0,"page":0,"right":0.0703125,"top":0,"width":36,"xoffset":-2,"yoffset":-1},"74":{"awidth":32,"bottom":0.667969,"height":33,"left":0.421875,"page":0,"right":0.490234,"top":0.539062,"width":35,"xoffset":-2,"yoffset":-1},"75":{"awidth":32,"bottom":0.796875,"height":32,"left":0.425781,"page":0,"right":0.494141,"top":0.671875,"width":35,"xoffset":-2,"yoffset":0},"76":{"awidth":32,"bottom":0.132812,"height":34,"left":0.216797,"page":0,"right":0.287109,"top":0,"width":36,"xoffset":-2,"yoffset":-1},"77":{"awidth":32,"bottom":0.132812,"height":34,"left":0.144531,"page":0,"right":0.214844,"top":0,"width":36,"xoffset":-2,"yoffset":-1},"78":{"awidth":32,"bottom":0.667969,"height":33,"left":0.492188,"page":0,"right":0.560547,"top":0.539062,"width":35,"xoffset":-2,"yoffset":0},"79":{"awidth":32,"bottom":0.265625,"height":33,"left":0.912109,"page":0,"right":0.982422,"top":0.136719,"width":36,"xoffset":-2,"yoffset":0},"80":{"awidth":32,"bottom":0.265625,"height":33,"left":0.839844,"page":0,"right":0.910156,"top":0.136719,"width":36,"xoffset":-2,"yoffset":0},"81":{"awidth":32,"bottom":0.667969,"height":33,"left":0.5625,"page":0,"right":0.630859,"top":0.539062,"width":35,"xoffset":-1,"yoffset":0},"82":{"awidth":32,"bottom":0.667969,"height":33,"left":0,"page":0,"right":0.0683594,"top":0.539062,"width":35,"xoffset":-2,"yoffset":0},"83":{"awidth":32,"bottom":0.132812,"height":34,"left":0.505859,"page":0,"right":0.576172,"top":0,"width":36,"xoffset":-2,"yoffset":-1},"84":{"awidth":32,"bottom":0.398438,"height":33,"left":0.867188,"page":0,"right":0.9375,"top":0.269531,"width":36,"xoffset":-2,"yoffset":0},"85":{"awidth":32,"bottom":0.269531,"height":34,"left":0.0703125,"page":0,"right":0.138672,"top":0.136719,"width":35,"xoffset":-2,"yoffset":-1},"86":{"awidth":32,"bottom":0.132812,"height":34,"left":0.0722656,"page":0,"right":0.142578,"top":0,"width":36,"xoffset":-2,"yoffset":-1},"87":{"awidth":32,"bottom":0.796875,"height":32,"left":0.138672,"page":0,"right":0.208984,"top":0.671875,"width":36,"xoffset":-2,"yoffset":0},"88":{"awidth":32,"bottom":0.402344,"height":33,"left":0.0722656,"page":0,"right":0.142578,"top":0.273438,"width":36,"xoffset":-2,"yoffset":0},"89":{"awidth":32,"bottom":0.269531,"height":34,"left":0.140625,