{"effects":{"monstercolour_default":{"meta":{"normals":true},"parameters":{"diffuse":"monsterscolour_1","reflectivity":0.5,"shininess":1.73205},"type":"phong"}},"geometries":{"prototype_cube03Mesh":{"inputs":{"NORMAL":{"offset":2,"source":"prototype_cube03-Normal0"},"POSITION":{"offset":0,"source":"prototype_cube03-POSITION"},"TEXCOORD0":{"offset":1,"source":"prototype_cube03-UV0"}},"meta":{"graphics":true},"sources":{"prototype_cube03-Normal0":{"data":[0,0,1,0,1,0,0,0,-1,0,-1,0,1,0,0,-1,0,0],"max":[1,1,1],"min":[-1,-1,-1],"stride":3},"prototype_cube03-POSITION":{"data":[-50,50,50,-50,-50,50,50,50,50,50,-50,50,50,50,-50,-50,50,-50,-50,-50,-50,50,-50,-50],"max":[50,50,50],"min":[-50,-50,-50],"stride":3},"prototype_cube03-UV0":{"data":[0.869783,0.855387,0.869783,0.877606,0.892003,0.855387,0.892003,0.877606,0.914716,0.855387,0.892497,0.877606,0.914716,0.877606,0.892497,0.855387,0.911309,0.832912,0.911309,0.855131,0.933528,0.832912,0.933528,0.855131,0.888697,0.832912,0.888697,0.855131,0.910916,0.832912,0.910916,0.855131,0.869783,0.832657,0.892003,0.810438,0.869783,0.810438,0.892003,0.832657,0.892497,0.832657,0.914716,0.832657,0.914716,0.810438,0.892497,0.810438],"max":[0.933528,0.877606],"min":[0.869783,0.810438],"stride":2}},"surfaces":{"monstercolour_default":{"numPrimitives":12,"triangles":[0,0,0,1,1,0,2,2,0,1,1,0,3,3,0,2,2,0,7,19,4,4,17,4,3,16,4,3,16,4,4,17,4,2,18,4,1,12,3,6,13,3,3,14,3,6,13,3,7,15,3,3,14,3,6,8,2,5,9,2,7,10,2,5,9,2,4,11,2,7,10,2,4,4,1,5,7,1,0,5,1,4,4,1,0,5,1,2,6,1,6,20,5,1,21,5,0,22,5,0,22,5,5,23,5,6,20,5]}}}},"images":{"monsterscolour_1":"characters/textures/monsterscolour.dds"},"materials":{"monstercolour_default":{"effect":"monstercolour_default"}},"nodes":{"prototype_cube03":{"geometryinstances":{"prototype_cube03Mesh":{"geometry":"prototype_cube03Mesh","material":"monstercolour_default","surface":"monstercolour_default"}},"matrix":[0.01,0,0,0,0.01,0,0,0,0.01,0,0,0]}},"version":1}
