{"effects":{"monstercolour_default":{"meta":{"normals":true},"parameters":{"diffuse":"monsterscolour_1","reflectivity":0.5,"shininess":1.73205},"type":"phong"}},"geometries":{"prototype_cubeMesh":{"inputs":{"NORMAL":{"offset":2,"source":"prototype_cube-Normal0"},"POSITION":{"offset":0,"source":"prototype_cube-POSITION"},"TEXCOORD0":{"offset":1,"source":"prototype_cube-UV0"}},"meta":{"graphics":true},"sources":{"prototype_cube-Normal0":{"data":[0,0,1,0,1,0,0,0,-1,0,-1,0,1,0,0,-1,0,0],"max":[1,1,1],"min":[-1,-1,-1],"stride":3},"prototype_cube-POSITION":{"data":[-50,50,50,-50,-50,50,50,50,50,50,-50,50,50,50,-50,-50,50,-50,-50,-50,-50,50,-50,-50],"max":[50,50,50],"min":[-50,-50,-50],"stride":3},"prototype_cube-UV0":{"data":[0.566849,0.149418,0.566849,0.171637,0.589068,0.149418,0.589068,0.171637,0.611782,0.149418,0.589563,0.171637,0.611782,0.171637,0.589563,0.149418,0.608375,0.126943,0.608375,0.149163,0.630594,0.126943,0.630594,0.149163,0.585763,0.126943,0.585763,0.149163,0.607982,0.126943,0.607982,0.149163,0.566849,0.126688,0.589068,0.104469,0.566849,0.104469,0.589068,0.126688,0.589563,0.126688,0.611782,0.126688,0.611782,0.104469,0.589563,0.104469],"max":[0.630594,0.171637],"min":[0.566849,0.104469],"stride":2}},"surfaces":{"monstercolour_default":{"numPrimitives":12,"triangles":[0,0,0,1,1,0,2,2,0,1,1,0,3,3,0,2,2,0,7,19,4,4,17,4,3,16,4,3,16,4,4,17,4,2,18,4,1,12,3,6,13,3,3,14,3,6,13,3,7,15,3,3,14,3,6,8,2,5,9,2,7,10,2,5,9,2,4,11,2,7,10,2,4,4,1,5,7,1,0,5,1,4,4,1,0,5,1,2,6,1,6,20,5,1,21,5,0,22,5,0,22,5,5,23,5,6,20,5]}}}},"images":{"monsterscolour_1":"characters/textures/monsterscolour.dds"},"materials":{"monstercolour_default":{"effect":"monstercolour_default"}},"nodes":{"prototype_cube":{"geometryinstances":{"prototype_cubeMesh":{"geometry":"prototype_cubeMesh","material":"monstercolour_default","surface":"monstercolour_default"}},"matrix":[0.01,0,0,0,0.01,0,0,0,0.01,0,0,0]}},"version":1}
