{"effects":{"monstercolour_default":{"meta":{"normals":true},"parameters":{"diffuse":"monsterscolour_1","reflectivity":0.5,"shininess":1.73205},"type":"phong"}},"geometries":{"prototype_cube02Mesh":{"inputs":{"NORMAL":{"offset":2,"source":"prototype_cube02-Normal0"},"POSITION":{"offset":0,"source":"prototype_cube02-POSITION"},"TEXCOORD0":{"offset":1,"source":"prototype_cube02-UV0"}},"meta":{"graphics":true},"sources":{"prototype_cube02-Normal0":{"data":[0,0,1,0,1,0,0,0,-1,0,-1,0,1,0,0,-1,0,0],"max":[1,1,1],"min":[-1,-1,-1],"stride":3},"prototype_cube02-POSITION":{"data":[-50,50,50,-50,-50,50,50,50,50,50,-50,50,50,50,-50,-50,50,-50,-50,-50,-50,50,-50,-50],"max":[50,50,50],"min":[-50,-50,-50],"stride":3},"prototype_cube02-UV0":{"data":[0.053177,0.615674,0.053177,0.637893,0.075397,0.615674,0.075397,0.637893,0.098111,0.615674,0.075891,0.637893,0.098111,0.637893,0.075891,0.615674,0.094703,0.593199,0.094703,0.615418,0.116922,0.593199,0.116922,0.615418,0.072091,0.593199,0.072091,0.615418,0.094311,0.593199,0.094311,0.615418,0.053177,0.592943,0.075397,0.570724,0.053177,0.570724,0.075397,0.592943,0.075891,0.592943,0.098111,0.592943,0.098111,0.570724,0.075891,0.570724],"max":[0.116922,0.637893],"min":[0.053177,0.570724],"stride":2}},"surfaces":{"monstercolour_default":{"numPrimitives":12,"triangles":[0,0,0,1,1,0,2,2,0,1,1,0,3,3,0,2,2,0,7,19,4,4,17,4,3,16,4,3,16,4,4,17,4,2,18,4,1,12,3,6,13,3,3,14,3,6,13,3,7,15,3,3,14,3,6,8,2,5,9,2,7,10,2,5,9,2,4,11,2,7,10,2,4,4,1,5,7,1,0,5,1,4,4,1,0,5,1,2,6,1,6,20,5,1,21,5,0,22,5,0,22,5,5,23,5,6,20,5]}}}},"images":{"monsterscolour_1":"characters/textures/monsterscolour.dds"},"materials":{"monstercolour_default":{"effect":"monstercolour_default"}},"nodes":{"prototype_cube02":{"geometryinstances":{"prototype_cube02Mesh":{"geometry":"prototype_cube02Mesh","material":"monstercolour_default","surface":"monstercolour_default"}},"matrix":[0.01,0,0,0,0.01,0,0,0,0.01,0,0,0]}},"version":1}
