{"effects":{"RevolverBarrelMaterial-effect":{"meta":{"normals":true},"parameters":{"index_of_refraction":1,"materialColor":[0.64,0.64,0.64,1],"shininess":50},"type":"constant"},"RevolverHandleMaterial-effect":{"meta":{"normals":true},"parameters":{"index_of_refraction":1,"materialColor":[0.64,0.64,0.64,1],"shininess":50},"type":"constant"}},"geometries":{"revolver1mesh":{"inputs":{"NORMAL":{"offset":0,"source":"revolver1mesh-mesh-normals"},"POSITION":{"offset":0,"source":"revolver1mesh-mesh-positions"},"TEXCOORD0":{"offset":1,"source":"revolver1mesh-mesh-map-0"}},"meta":{"graphics":true},"sources":{"revolver1mesh-mesh-map-0":{"data":[0.523074,0.272487,0.538541,0.272487,0.538541,0.287953,0.523074,0.287953,0.524605,0.287953,0.509139,0.287953,0.509139,0.272487,0.524605,0.272487,0.554007,0.287953,0.554007,0.272487,0.540071,0.272487,0.540071,0.287953,0.524605,0.273308,0.524605,0.288775,0.509139,0.288775,0.509139,0.273308,0.540071,0.288775,0.540071,0.273308],"max":[0.554007,0.288775],"min":[0.509139,0.272487],"stride":2},"revolver1mesh-mesh-normals":{"data":[-0.577349,0.577349,-0.577349,-0.577349,-0.577349,-0.577349,-0.577349,-0.577349,0.577349,-0.577349,0.577349,0.577349,0.577349,0.577349,0.577349,0.577349,0.577349,-0.577349,0.577349,-0.577349,0.577349,0.577349,-0.577349,-0.577349],"max":[0.577349,0.577349,0.577349],"min":[-0.577349,-0.577349,-0.577349],"stride":3},"revolver1mesh-mesh-positions":{"data":[-1,1,-1,-1,-1,-1,-1,-1,1,-1,1,1,1,1,1,1,1,-1,1,-1,1,1,-1,-1],"max":[1,1,1],"min":[-1,-1,-1],"stride":3}},"surfaces":{"RevolverBarrelMaterial1":{"numPrimitives":12,"triangles":[0,0,1,1,2,2,0,0,2,2,3,3,3,4,4,5,5,6,3,4,5,6,0,7,4,2,6,8,7,9,4,2,7,9,5,1,1,10,7,7,6,4,1,10,6,4,2,11,1,12,0,13,5,14,1,12,5,14,7,15,6,12,4,13,3,16,6,12,3,16,2,17]}}},"revolver2mesh":{"inputs":{"NORMAL":{"offset":0,"source":"revolver2mesh-mesh-normals"},"POSITION":{"offset":0,"source":"revolver2mesh-mesh-positions"},"TEXCOORD0":{"offset":1,"source":"revolver2mesh-mesh-map-0"}},"meta":{"graphics":true},"sources":{"revolver2mesh-mesh-map-0":{"data":[0.532132,0.280393,0.511172,0.28101,0.510926,0.282175,0.532383,0.281559,0.510223,0.282719,0.533083,0.282103,0.556207,0.282719,0.555464,0.282322,0.533821,0.281706,0.555124,0.281218,0.534165,0.280601,0.555375,0.280052,0.533918,0.279435,0.556075,0.279508,0.533215,0.278892,0.510829,0.279905,0.51009,0.279508,0.509391,0.280052,0.50948,0.282322,0.50914,0.281218,0.532472,0.279288],"max":[0.556207,0.282719],"min":[0.50914,0.278892],"stride":2},"revolver2mesh-mesh-normals":{"data":[0,0.77636,-0.630238,0,0.77636,0.630238,0.548967,0.548967,0.630238,0.548967,0.548967,-0.630238,0.77636,0,0.630238,0.77636,0,-0.630238,0.548967,-0.548967,0.630238,0.548967,-0.548967,-0.630238,0,-0.77636,0.630238,0,-0.77636,-0.630238,-0.548967,-0.548967,0.630238,-0.548967,-0.548967,-0.630238,-0.77636,0,0.630238,-0.77636,0,-0.630238,-0.548967,0.548967,0.630238,-0.548967,0.548967,-0.630238],"max":[0.77636,0.77636,0.630238],"min":[-0.77636,-0.77636,-0.630238],"stride":3},"revolver2mesh-mesh-positions":{"data":[0,0.07,-0.5,0,0.07,0.5,0.0494974,0.0494974,0.5,0.0494974,0.0494974,-0.5,0.07,0,0.5,0.07,0,-0.5,0.0494974,-0.0494974,0.5,0.0494974,-0.0494974,-0.5,0,-0.07,0.5,0,-0.07,-0.5,-0.0494975,-0.0494974,0.5,-0.0494975,-0.0494974,-0.5,-0.07,0,0.5,-0.07,0,-0.5,-0.0494975,0.0494974,0.5,-0.0494975,0.0494974,-0.5],"max":[0.07,0.07,0.5],"min":[-0.07,-0.07,-0.5],"stride":3}},"surfaces":{"RevolverBarrelMaterial1":{"numPrimitives":28,"triangles":[2,2,1,1,14,15,2,2,14,15,4,4,14,15,12,16,4,4,12,16,10,17,4,4,10,17,6,18,4,4,10,17,8,19,6,18,1,1,15,20,14,15,1,1,0,0,15,20,0,0,1,1,2,2,0,0,2,2,3,3,3,3,2,2,4,4,3,3,4,4,5,5,3,3,5,5,15,20,5,5,13,14,15,20,5,5,11,12,13,14,5,5,7,8,11,12,7,8,9,10,11,12,0,0,3,3,15,20,5,5,4,6,6,7,5,5,6,7,7,8,7,8,6,7,8,9,7,8,8,9,9,10,9,10,8,9,10,11,9,10,10,11,11,12,11,12,10,11,12,13,11,12,12,13,13,14,13,14,12,13,14,15,13,14,14,15,15,20]}}},"revolver3mesh":{"inputs":{"NORMAL":{"offset":0,"source":"revolver3mesh-mesh-normals"},"POSITION":{"offset":0,"source":"revolver3mesh-mesh-positions"},"TEXCOORD0":{"offset":1,"source":"revolver3mesh-mesh-map-0"}},"meta":{"graphics":true},"sources":{"revolver3mesh-mesh-map-0":{"data":[0.528359,0.28091,0.518298,0.280942,0.517306,0.282517,0.529368,0.282485,0.550249,0.283134,0.532476,0.283101,0.547248,0.28243,0.535461,0.282398,0.546394,0.280819,0.536333,0.280786,0.547403,0.279243,0.535341,0.279211,0.550511,0.278627,0.532214,0.278594,0.517426,0.27933,0.514179,0.283134,0.51444,0.278627,0.511332,0.279243,0.511177,0.28243,0.510323,0.280819,0.529213,0.279298],"max":[0.550511,0.283134],"min":[0.510323,0.278594],"stride":2},"revolver3mesh-mesh-normals":{"data":[0,0.77636,-0.630238,0,0.77636,0.630238,0.548967,0.548967,0.630238,0.548967,0.548967,-0.630238,0.77636,0,0.630238,0.77636,0,-0.630238,0.548967,-0.548967,0.630238,0.548967,-0.548967,-0.630238,0,-0.77636,0.630238,0,-0.77636,-0.630238,-0.548967,-0.548967,0.630238,-0.548967,-0.548967,-0.630238,-0.77636,0,0.630238,-0.77636,0,-0.630238,-0.548967,0.548967,0.630238,-0.548967,0.548967,-0.630238],"max":[0.77636,0.77636,0.630238],"min":[-0.77636,-0.77636,-0.630238],"stride":3},"revolver3mesh-mesh-positions":{"data":[0,0.2,-0.2,0,0.2,0.2,0.141421,0.141421,0.2,0.141421,0.141421,-0.2,0.2,0,0.2,0.2,0,-0.2,0.141421,-0.141421,0.2,0.141421,-0.141421,-0.2,0,-0.2,0.2,0,-0.2,-0.2,-0.141421,-0.141421,0.2,-0.141421,-0.141421,-0.2,-0.2,0,0.2,-0.2,0,-0.2,-0.141421,0.141421,0.2,-0.141421,0.141421,-0.2],"max":[0.2,0.2,0.2],"min":[-0.2,-0.2,-0.2],"stride":3}},"surfaces":{"RevolverBarrelMaterial1":{"numPrimitives":28,"triangles":[14,14,12,16,4,15,12,16,10,17,4,15,10,17,6,18,4,15,10,17,8,19,6,18,2,2,14,14,4,15,5,5,11,11,13,13,5,5,13,13,15,20,3,3,5,5,15,20,0,0,3,3,15,20,0,0,2,2,3,3,0,0,1,1,2,2,2,2,1,1,14,14,1,1,15,20,14,14,13,13,14,14,15,20,13,13,12,16,14,14,1,1,0,0,15,20,5,5,7,7,11,11,7,7,9,9,11,11,3,3,2,2,4,4,3,3,4,4,5,5,5,5,4,4,6,6,5,5,6,6,7,7,7,7,6,6,8,8,7,7,8,8,9,9,9,9,8,8,10,10,9,9,10,10,11,11,11,11,10,10,12,12,11,11,12,12,13,13]}}},"revolver4mesh":{"inputs":{"NORMAL":{"offset":0,"source":"revolver4mesh-mesh-normals"},"POSITION":{"offset":0,"source":"revolver4mesh-mesh-positions"},"TEXCOORD0":{"offset":1,"source":"revolver4mesh-mesh-map-0"}},"meta":{"graphics":true},"sources":{"revolver4mesh-mesh-map-0":{"data":[0.520927,0.282522,0.520927,0.292995,0.516385,0.292995,0.516385,0.282522,0.544404,0.292995,0.544404,0.282522,0.550166,0.282522,0.550166,0.292995,0.52463,0.282522,0.52463,0.292995,0.52463,0.266569,0.520927,0.265035,0.516385,0.266447,0.512871,0.272209,0.521223,0.27472,0.550044,0.282522,0.541893,0.282522,0.541893,0.292995,0.550044,0.292995,0.521223,0.292995,0.521223,0.282522,0.512871,0.282522,0.512871,0.292995],"max":[0.550166,0.292995],"min":[0.512871,0.265035],"stride":2},"revolver4mesh-mesh-normals":{"data":[0.0351573,0.76925,0.637959,0.0351573,0.76925,-0.637959,-0.474685,0.608814,-0.635579,-0.474685,0.608814,0.635579,-0.770501,-0.294931,-0.565081,-0.770501,-0.294931,0.565081,0.754936,0.311258,0.577166,0.754936,0.311258,-0.577166,0.347118,-0.73455,0.582995,0.347118,-0.73455,-0.582995],"max":[0.754936,0.76925,0.637959],"min":[-0.770501,-0.73455,-0.637959],"stride":3},"revolver4mesh-mesh-positions":{"data":[0,0.2,0.1,0,0.2,-0.1,-0.0867437,0.17304,-0.1,-0.0867437,0.17304,0.1,-0.153854,0.0629982,-0.1,-0.153854,0.0629982,0.1,0.0707106,0.170711,0.1,0.0707106,0.170711,-0.1,0.00564808,0.0150615,0.1,0.00564808,0.0150615,-0.1],"max":[0.0707106,0.2,0.1],"min":[-0.153854,0.0150615,-0.1],"stride":3}},"surfaces":{"RevolverBarrelMaterial1":{"numPrimitives":16,"triangles":[4,4,5,5,3,6,4,4,3,6,2,7,1,1,6,8,7,9,1,1,0,0,6,8,0,0,1,1,2,2,0,0,2,2,3,3,9,19,8,20,5,21,9,19,5,21,4,22,6,15,8,16,9,17,6,15,9,17,7,18,2,12,1,11,7,10,4,13,2,12,7,10,9,14,4,13,7,10,6,10,0,11,3,12,6,10,3,12,5,13,8,14,6,10,5,13]}}},"revolverhandlemesh":{"inputs":{"NORMAL":{"offset":0,"source":"revolverhandlemesh-mesh-normals"},"POSITION":{"offset":0,"source":"revolverhandlemesh-mesh-positions"},"TEXCOORD0":{"offset":1,"source":"revolverhandlemesh-mesh-map-0"}},