{"effects":{"ScimitarBladeMaterial-effect":{"meta":{"normals":true},"parameters":{"diffuse":"terrain_png","index_of_refraction":1,"reflectivity":1,"shininess":50},"type":"phong"},"ScimitarGuardMaterial-effect":{"meta":{"normals":true},"parameters":{"diffuse":"terrain_png","index_of_refraction":1,"shininess":50},"type":"phong"},"ScimitarHandleMaterial-effect":{"meta":{"normals":true},"parameters":{"index_of_refraction":1,"materialColor":[0.64,0.64,0.64,1],"shininess":50},"type":"constant"}},"geometries":{"ScimitarBladeMesh":{"inputs":{"NORMAL":{"offset":2,"source":"ScimitarBladeMesh-mesh-normals"},"POSITION":{"offset":0,"source":"ScimitarBladeMesh-mesh-positions"},"TEXCOORD0":{"offset":1,"source":"ScimitarBladeMesh-mesh-map-0"}},"meta":{"graphics":true},"sources":{"ScimitarBladeMesh-mesh-map-0":{"data":[0.53607,0.269012,0.539522,0.258926,0.537559,0.258298,0.532892,0.269296,0.533658,0.280156,0.530381,0.281514,0.535691,0.291376,0.53264,0.29398,0.539495,0.304632,0.538731,0.30096,0.539086,0.298295,0.539069,0.268892,0.5413,0.259724,0.536925,0.278798,0.538722,0.288771,0.540104,0.295773,0.541287,0.29427,0.527124,0.280244,0.530381,0.28165,0.528048,0.269396,0.524875,0.269066,0.521877,0.268902,0.52157,0.25893,0.519781,0.259702,0.523877,0.278838,0.542016,0.285237,0.541714,0.275471,0.541366,0.285235,0.521751,0.300971,0.520927,0.304632,0.527939,0.294081,0.521435,0.298301,0.524926,0.291433,0.542671,0.302582,0.542665,0.300635,0.542016,0.300635,0.542022,0.302582,0.523543,0.258331,0.542353,0.304632,0.541982,0.295298,0.541332,0.295295,0.54195,0.304632,0.5413,0.304629,0.520454,0.295765,0.521933,0.288783,0.519288,0.294245],"max":[0.542671,0.304632],"min":[0.519288,0.258298],"stride":2},"ScimitarBladeMesh-mesh-normals":{"data":[-0.0559099,0.0297861,-0.997986,-0.338206,-0.616871,-0.710654,-0.985656,-0.168737,3.05185e-05,-0.863582,0.504196,3.05185e-05,-0.0304574,0.0277413,-0.999146,-0.673422,0.73925,0,-0.00189209,0.0163884,-0.999847,-0.268349,0.963286,0.00720233,0.211096,0.977294,0.016602,0.689108,0.724418,0.0173345,0.589709,-0.383251,-0.710868,0.248634,-0.769494,-0.588214,0.46971,-0.465926,-0.74984,0.703116,-0.711051,0.000366222,0.667318,-0.744743,0.00109863,-0.0304269,0.0277108,0.999146,-0.0558488,0.0297861,0.997986,0.591205,-0.384228,0.709067,-0.338054,-0.616932,0.710685,0.25013,-0.769982,0.586932,0.47087,-0.467299,0.748253,0.00796533,0.013306,0.999878],"max":[0.703116,0.977294,0.999878],"min":[-0.985656,-0.769982,-0.999847],"stride":3},"ScimitarBladeMesh-mesh-positions":{"data":[0.0764442,0.135075,-0.00482011,0.00173473,-0.0111068,-0.00482011,-0.0261268,0.0038144,0.000179832,0.0456705,0.1732,0.000179832,0.173992,0.281066,-0.00482011,0.154057,0.331785,0.000179832,0.319983,0.378613,-0.00482011,0.316269,0.440171,0.000179832,0.50761,0.478232,0.000179832,0.458735,0.447425,-0.00125301,0.433027,0.414982,-0.00125301,0.10723,0.100571,-0.00482011,0.0296082,-0.0222576,-0.00482011,0.193939,0.230341,-0.00482011,0.32372,0.317045,0.000179832,0.41601,0.376714,-0.00125301,0.41206,0.347493,0.000179832,0.174016,0.281055,0.00517976,0.0764679,0.135065,0.00517976,0.107254,0.100561,0.00517976,0.00175846,-0.0111173,0.00517976,0.0296319,-0.0222681,0.00517976,0.193963,0.23033,0.00517976,0.320006,0.378603,0.00517976],"max":[0.50761,0.478232,0.00517976],"min":[-0.0261268,-0.0222681,-0.00482011],"stride":3}},"surfaces":{"ScimitarBladeMaterial1":{"numPrimitives":44,"triangles":[15,43,14,14,44,13,16,45,14,19,21,17,20,22,18,21,23,19,19,21,17,18,20,16,20,22,18,18,20,16,2,37,2,20,22,18,18,20,16,3,19,3,2,37,2,17,17,15,3,19,3,18,20,16,22,24,20,17,17,15,18,20,16,14,44,13,17,17,15,22,24,20,14,44,13,23,32,21,17,17,15,15,43,14,23,32,21,14,44,13,15,43,14,10,31,9,23,32,21,10,31,9,7,30,7,23,32,21,10,31,9,9,28,8,7,30,7,9,28,8,8,29,8,7,30,7,23,32,21,7,30,7,5,18,5,23,32,21,5,18,5,17,17,15,17,17,15,5,18,5,3,19,3,22,24,20,18,20,16,19,21,17,7,7,7,8,8,8,9,9,8,10,10,9,7,7,7,9,9,8,15,15,14,16,16,14,14,14,13,15,15,14,14,14,13,6,6,6,15,15,14,6,6,6,10,10,9,10,10,9,6,6,6,7,7,7,6,6,6,5,5,5,7,7,7,6,6,6,4,4,4,5,5,5,4,4,4,3,3,3,5,5,5,4,4,4,0,0,0,3,3,3,0,0,0,2,2,2,3,3,3,0,0,0,1,1,1,2,2,2,11,11,10,1,1,1,0,0,0,11,11,10,12,12,11,1,1,1,13,13,12,11,11,10,0,0,0,13,13,12,0,0,0,4,4,4,14,14,13,13,13,12,4,4,4,14,14,13,4,4,4,6,6,6,1,33,1,12,34,11,21,35,19,1,33,1,21,35,19,20,36,18,20,36,18,2,38,2,1,33,1,13,25,12,14,26,13,22,27,20,11,39,10,13,25,12,22,27,20,11,39,10,22,27,20,19,40,17,12,41,11,11,39,10,19,40,17,12,41,11,19,40,17,21,42,19]}}},"ScimitarGuardMesh":{"inputs":{"NORMAL":{"offset":0,"source":"ScimitarGuardMesh-mesh-normals"},"POSITION":{"offset":0,"source":"ScimitarGuardMesh-mesh-positions"},"TEXCOORD0":{"offset":1,"source":"ScimitarGuardMesh-mesh-map-0"}},"meta":{"graphics":true},"sources":{"ScimitarGuardMesh-mesh-map-0":{"data":[0.474391,0.0768399,0.463219,0.0768056,0.463185,0.0879771,0.474356,0.0880114,0.485562,0.0880114,0.485596,0.0768399,0.474425,0.0768056,0.474391,0.0879771,0.474391,0.0991829,0.485562,0.0992172,0.485596,0.0880456,0.474425,0.0880114,0.463219,0.0880114,0.463185,0.0991829,0.474356,0.0992172,0.474391,0.0880456,0.451979,0.0879771,0.463151,0.0880114,0.463185,0.0768399,0.452013,0.0768056,0.474391,0.0992514,0.463219,0.0992172,0.463185,0.110389,0.474356,0.110423],"max":[0.485596,0.110423],"min":[0.451979,0.0768056],"stride":2},"ScimitarGuardMesh-mesh-normals":{"data":[-0.577349,0.577349,-0.577349,-0.577349,-0.577349,-0.577349,-0.577349,-0.577349,0.577349,-0.577349,0.577349,0.577349,0.577349,0.577349,0.577349,0.577349,0.577349,-0.577349,0.577349,-0.577349,0.577349,0.577349,-0.577349,-0.577349],"max":[0.577349,0.577349,0.577349],"min":[-0.577349,-0.577349,-0.577349],"stride":3},"ScimitarGuardMesh-mesh-positions":{"data":[-1,1,-1,-1,-1,-1,-1,-1,1,-1,1,1,1,1,1,1,1,-1,1,-1,1,1,-1,-1],"max":[1,1,1],"min":[-1,-1,-1],"stride":3}},"surfaces":{"ScimitarGuardMaterial1":{"numPrimitives":12,"triangles":[0,0,1,1,2,2,0,0,2,2,3,3,3,4,4,5,5,6,3,4,5,6,0,7,4,8,6,9,7,10,4,8,7,10,5,11,1,12,7,13,6,14,1,12,6,14,2,15,1,16,0,17,5,18,1,16,5,18,7,19,6,20,4,21,3,22,6,20,3,22,2,23]}}},"ScimitarHandleMesh":{"inputs":{"NORMAL":{"offset":0,"source":"ScimitarHandleMesh-mesh-normals"},"POSITION":{"offset":0,"source":"ScimitarHandleMesh-mesh-positions"},"TEXCOORD0":{"offset":1,"source":"ScimitarHandleMesh-mesh-map-0"}},"meta":{"graphics":true},"sources":{"ScimitarHandleMesh-mesh-map-0":{"data":[0.406444,0.754775,0.406444,0.80722,0.410707,0.80722,0.410707,0.754775,0.417833,0.80722,0.417833,0.754775,0.424959,0.80722,0.424959,0.754775,0.429222,0.80722,0.429222,0.754775,0.433485,0.80722,0.433485,0.754775,0.387929,0.754775,0.387929,0.80722,0.395055,0.80722,0.395055,0.754775,0.402181,0.80722,0.379402,0.80722,0.383666,0.80722,0.402181,0.754775,0.379402,0.754775,0.383666,0.754775],"max":[0.433485,0.80722],"min":[0.379402,0.754775],"stride":2},"ScimitarHandleMesh-mesh-normals":{"data":[0,0.77636,-0.630238,0,0.77636,0.630238,0.548967,0.548967,0.630238,0.548967,0.548967,-0.630238,0.77636,0,0.630238,0.77636,0,-0.630238,0.548967,-0.548967,0.630238,0.548967,-0.548967,-0.630238,0,-0.77636,0.630238,0,-0.77636,-0.630238,-0.548967,-0.548967,0.630238,-0.548967,-0.548967,-0.630238,-0.77636,0,0.630238,-0.77636,0,-0.630238,-0.548967,0.548967,0.630238,-0.548967,0.548967,-0.630238],"max":[0.77636,0.77636,0.630238],"min":[-0.77636,-0.77636,-0.630238],"stride":3},"ScimitarHandleMesh-mesh-positions":{"data":[0,0.025,-0.1,0,0.025,0.1,0.0176777,0.0176777,0.1,0.0176777,0.0176777,-0.1,0.025,0,0.1,0.025,0,-0.1,0.0176777,-0.0176777,0.1,0.0176777,-0.0176777,-0.1,0,-0.025,0.1,0,-0.025,-0.1,-0.0176777,-0.0176777,0.1,-0.0176777,-0.0176777,-0.1,-0.025,0,0.1,-0.025,0,-0.1,-0.0176777,0.0176777,0.1,-0.0176777,0.0176777,-0.1],"max":[0.025,0.025,0.1],"min":[-0.025,-0.025,-0.1],"stride":3}},"surfaces":{"ScimitarHandleMaterial1":{"numPrimitives":28,