{"effects":{"monstercolour":{"meta":{"normals":true},"parameters":{"diffuse":"monsterscolour_1","reflectivity":0.5,"shininess":300},"type":"phong"}},"geometries":{"smallrockMesh":{"inputs":{"NORMAL":{"offset":0,"source":"smallrock-Normal0"},"POSITION":{"offset":0,"source":"smallrock-POSITION"},"TEXCOORD0":{"offset":1,"source":"smallrock-UV0"}},"meta":{"graphics":true},"sources":{"smallrock-Normal0":{"data":[-0.512886,-0.608271,-0.605767,-0.421007,-0.85844,0.292974,-0.806822,-0.279118,0.520702,-0.437403,-0.832908,-0.339031,0.328339,-0.356927,0.874526,0.162705,-0.85844,0.486424,0.553308,-0.832908,-0.010697,0.926581,-0.354303,0.126166,0.433697,-0.450409,-0.780409,0.182291,-0.815,-0.550041,-0.744737,0.014241,-0.667206,-0.788736,0.08218,0.609214,-0.842921,0.223528,-0.489407,0.299439,0.045554,0.953027,0.99403,-0.019028,0.107431,0.188488,0.037091,-0.981375,-0.604899,0.268693,0.749601,-0.919301,0.382907,-0.09093,0.433056,0.21947,0.87424,0.976957,0.202049,-0.068791,0.493101,0.682098,-0.539994,0.883569,0.18765,0.429061,0.533666,0.36185,-0.764372,-0.065903,0.289365,-0.954947,-0.306439,0.550372,-0.77665,0.344655,0.41986,0.839601,-0.436383,0.423762,0.793723,0.846529,0.532289,0.007489,0.46671,0.577587,-0.669757,-0.175587,0.573552,-0.80013,-0.879185,0.47314,0.056326,0.235974,0.970104,0.056693],"max":[0.99403,0.970104,0.953027],"min":[-0.919301,-0.85844,-0.981375],"stride":3},"smallrock-POSITION":{"data":[-18.0653,4.15495,-12.5593,-12.775,0,9.16764,-18.2181,4.15495,13.5201,-12.6667,0,-9.31679,6.53761,4.15495,21.7245,4.77127,0,14.9827,15.7238,0,0.092171,21.9904,4.15495,0.715675,6.78497,4.15495,-20.4729,4.94657,0,-14.9257,-20.4932,8.83698,-13.4042,-20.2665,14.6277,15.7955,-18.0736,32.587,-9.71739,7.6486,20.6406,24.3104,24.6745,18.5662,0.373146,7.28186,11.2711,-22.9357,-9.64062,45.2943,16.6418,-12.4385,54.9619,-0.254532,12.1744,51.3815,15.7904,22.3161,38.9431,-1.19566,12.4826,54.2658,-3.09133,16.2835,48.7212,5.74316,15.3015,45.9246,-11.5528,3.21483,42.2779,-19.116,-3.45791,53.1974,-8.65381,6.30299,64.5666,9.60606,-2.84579,68.2183,11.6054,7.23653,63.6402,4.952,4.92722,64.0769,1.4133,-2.25065,66.6058,0.198148,-5.37376,68.3053,4.50337,1.33276,73.5976,5.37972],"max":[24.6745,73.5976,24.3104],"min":[-20.4932,0,-22.9357],"stride":3},"smallrock-UV0":{"data":[0.083395,0.100295,0.078938,0.097508,0.077564,0.098401,0.08307,0.098851,0.077564,0.09227,0.078938,0.093163,0.08307,0.09182,0.083395,0.090375,0.086998,0.095335,0.085624,0.095335,0.083404,0.1009,0.076738,0.096719,0.077388,0.090879,0.075934,0.09022,0.07344,0.096075,0.081308,0.090126,0.074888,0.088672,0.075177,0.090126,0.081747,0.087837,0.084272,0.086367,0.08456,0.079766,0.082271,0.080261,0.082271,0.086092,0.082271,0.089695,0.083259,0.090281,0.0764,0.1009,0.077388,0.100313,0.077388,0.09671,0.071676,0.090817,0.070333,0.09438,0.077322,0.084414,0.082127,0.083569,0.087101,0.086542,0.089229,0.086238,0.088459,0.084548,0.088071,0.088335,0.072095,0.099747,0.070578,0.096919,0.088828,0.082002,0.087564,0.089128,0.072279,0.079472,0.068481,0.076499,0.071773,0.082728,0.070772,0.089332,0.074028,0.090126,0.074744,0.087298,0.070775,0.087235,0.080359,0.081738,0.078465,0.081231,0.09053,0.084055,0.090659,0.082948,0.072128,0.085671,0.07382,0.085412,0.068717,0.095033,0.068481,0.093841,0.090591,0.084674,0.068493,0.092443,0.071215,0.083945,0.072637,0.084521,0.073109,0.082822,0.091913,0.083523,0.074198,0.08422,0.071351,0.085053],"max":[0.091913,0.1009],"min":[0.068481,0.076499],"stride":2}},"surfaces":{"monstercolour":{"numPrimitives":57,"triangles":[22,40,14,41,23,42,19,32,20,33,21,34,19,32,21,34,14,19,22,35,19,32,14,19,19,32,22,35,20,33,23,39,14,19,15,24,8,23,15,24,14,19,14,19,7,22,8,23,4,21,7,22,14,19,14,19,13,20,4,21,13,20,14,19,21,34,21,34,18,38,13,20,25,50,18,38,21,34,21,34,27,49,25,50,27,49,21,34,20,33,20,33,28,55,27,49,27,49,31,60,25,50,28,51,31,58,27,62,22,43,23,44,24,45,24,45,20,46,22,43,28,51,20,46,24,45,24,45,29,52,28,51,29,52,31,58,28,51,30,61,31,58,29,52,26,59,31,58,30,61,25,57,31,58,26,59,25,47,26,48,16,30,18,31,25,47,16,30,16,30,13,18,18,31,11,16,13,18,16,30,11,16,4,15,13,18,4,15,11,16,2,17,4,4,2,2,1,1,1,1,5,5,4,4,7,7,4,4,5,5,5,5,6,6,7,7,7,7,6,6,8,8,6,6,9,9,8,8,8,8,9,9,3,3,8,8,3,3,0,0,0,0,3,3,1,1,0,0,1,1,2,2,2,2,10,10,0,0,15,25,12,14,23,36,12,14,15,25,10,11,0,27,10,11,15,25,15,25,8,26,0,27,10,11,2,12,11,13,11,13,12,14,10,11,16,28,12,14,11,13,16,28,17,29,12,14,26,56,17,29,16,28,26,56,30,54,17,29,17,29,30,54,29,53,29,53,24,37,17,29,12,14,17,29,24,37,12,14,24,37,23,36]}}}},"images":{"monsterscolour_1":"characters/textures/monsterscolour.dds"},"materials":{"monstercolour":{"effect":"monstercolour"}},"nodes":{"smallrock":{"geometryinstances":{"smallrockMesh":{"geometry":"smallrockMesh","material":"monstercolour","surface":"monstercolour"}},"matrix":[0.01,0,0,0,0.01,0,0,0,0.01,0,0,0]}},"version":1}
