{"effects":{"GunMaterial-effect":{"meta":{"normals":true},"parameters":{"diffuse":"gun_png","index_of_refraction":1,"shininess":50},"type":"phong"},"SpaceDude1GunMaterial-effect":{"meta":{"normals":true},"parameters":{"diffuse":"spacedude1_png","index_of_refraction":1},"type":"lambert"}},"geometries":{"Gun":{"inputs":{"NORMAL":{"offset":2,"source":"Gun-mesh-normals"},"POSITION":{"offset":0,"source":"Gun-mesh-positions"},"TEXCOORD0":{"offset":1,"source":"Gun-mesh-map-0"}},"meta":{"graphics":true},"sources":{"Gun-mesh-map-0":{"data":[0,0],"max":[0,0],"min":[0,0],"stride":2},"Gun-mesh-normals":{"data":[0.382683,0.92388,0,0.92388,0.382683,0,0.92388,-0.382684,0,0.382683,-0.92388,0,-0.382684,-0.923879,0,-0.92388,-0.382683,0,0,0,1,-0.382684,0.923879,0,-0.92388,0.382683,0,0,0,-1,-1,0,0,0,-0.962109,-0.272665,1,0,0,0,0.962109,0.272665,0,-0.272665,0.962109,0,0.272665,-0.962109,0,0,-1,0,0,1,0,-1,0,0,1,0],"max":[1,1,1],"min":[-1,-1,-1],"stride":3},"Gun-mesh-positions":{"data":[0,0.1,-0.05,0,0.1,0.05,0.0707106,0.0707106,0.05,0.0707106,0.0707106,-0.05,0.1,0,0.05,0.1,0,-0.05,0.0707106,-0.0707106,0.05,0.0707106,-0.0707106,-0.05,0,-0.1,0.05,0,-0.1,-0.05,-0.0707106,-0.0707106,0.05,-0.0707106,-0.0707106,-0.05,-0.1,0,0.05,-0.1,0,-0.05,-0.0707106,0.0707106,0.05,-0.0707106,0.0707106,-0.05,-0.1,0.109259,-1.25347,-0.1,-0.85285,-1.52613,-0.1,-0.961916,-1.14129,-0.1,0.000193417,-0.868623,0.1,-0.85285,-1.52613,0.1,-0.961916,-1.14129,0.1,0.109259,-1.25347,0.1,0.000193417,-0.868623,-0.1,0.13557,-0.0455336,-0.1,0.135569,-1.24553,-0.1,-0.264431,-1.24553,-0.1,-0.26443,-0.0455334,0.1,0.135569,-1.24553,0.1,-0.264431,-1.24553,0.1,0.13557,-0.0455336,0.1,-0.26443,-0.0455334],"max":[0.1,0.13557,0.05],"min":[-0.1,-0.961916,-1.52613],"stride":3}},"surfaces":{"GunMaterial":{"numPrimitives":52,"triangles":[3,0,1,2,0,1,4,0,1,3,0,1,4,0,1,5,0,1,0,0,9,3,0,9,15,0,9,3,0,9,5,0,9,15,0,9,5,0,9,13,0,9,15,0,9,5,0,9,11,0,9,13,0,9,5,0,9,7,0,9,11,0,9,7,0,9,9,0,9,11,0,9,0,0,0,1,0,0,2,0,0,0,0,0,2,0,0,3,0,0,30,0,19,28,0,19,25,0,19,30,0,19,25,0,19,24,0,19,27,0,18,26,0,18,29,0,18,27,0,18,29,0,18,31,0,18,30,0,17,24,0,17,27,0,17,30,0,17,27,0,17,31,0,17,28,0,12,30,0,12,31,0,12,28,0,12,31,0,12,29,0,12,25,0,16,28,0,16,29,0,16,25,0,16,29,0,16,26,0,16,24,0,10,25,0,10,26,0,10,24,0,10,26,0,10,27,0,10,22,0,15,20,0,15,17,0,15,22,0,15,17,0,15,16,0,15,19,0,14,18,0,14,21,0,14,19,0,14,21,0,14,23,0,14,22,0,13,16,0,13,19,0,13,22,0,13,19,0,13,23,0,13,20,0,12,22,0,12,23,0,12,20,0,12,23,0,12,21,0,12,17,0,11,20,0,11,21,0,11,17,0,11,21,0,11,18,0,11,16,0,10,17,0,10,18,0,10,16,0,10,18,0,10,19,0,10,13,0,8,12,0,8,14,0,8,13,0,8,14,0,8,15,0,8,1,0,7,0,0,7,15,0,7,1,0,7,15,0,7,14,0,7,11,0,5,10,0,5,12,0,5,11,0,5,12,0,5,13,0,5,9,0,4,8,0,4,10,0,4,9,0,4,10,0,4,11,0,4,7,0,3,6,0,3,8,0,3,7,0,3,8,0,3,9,0,3,5,0,2,4,0,2,6,0,2,5,0,2,6,0,2,7,0,2,10,0,6,8,0,6,6,0,6,10,0,6,6,0,6,4,0,6,12,0,6,10,0,6,4,0,6,14,0,6,12,0,6,4,0,6,2,0,6,14,0,6,4,0,6,2,0,6,1,0,6,14,0,6]}}},"SpaceDude1GunMesh":{"inputs":{"NORMAL":{"offset":0,"source":"SpaceDude1GunMesh-mesh-normals"},"POSITION":{"offset":0,"source":"SpaceDude1GunMesh-mesh-positions"},"TEXCOORD0":{"offset":1,"source":"SpaceDude1GunMesh-mesh-map-0"}},"meta":{"graphics":true},"sources":{"SpaceDude1GunMesh-mesh-map-0":{"data":[0.841178,0.769478,0.502333,0.876961,0.986632,0.74909,0.450836,0.736448,0.569577,0.718324,0.894816,0.644693,0.7975,0.638854,0.705214,0.735055,0.492386,0.60816,0.248856,0.641678,0.326907,0.731116,0.317499,0.570468,0.112976,0.510219,0.174256,0.588,0.171023,0.426809,0.777239,0.501915,0.848323,0.508538,0.80518,0.370392,0.641921,0.625916,0.71487,0.574428,0.646934,0.484113,0.401895,0.613608,0.243649,0.499887,0.0891009,0.37584,0.720784,0.413532,0.574309,0.557191,0.373953,0.482085,0.445037,0.475462,0.394215,0.345146,0.238635,0.358084,0.311585,0.409572,0.301929,0.248945,0.0475505,0.247552,0.166292,0.265677,0.0990478,0.107039,0.652142,0.342322,0.730193,0.252884,0.583347,0.23491,0.516262,0.473781,0.577542,0.396,0.491531,0.339307,0.180061,0.74909,0.0882454,0.644693,0.041752,0.508538,0.895672,0.37584,0.854121,0.247552,0.437892,0.214522,0.905619,0.107039,0.0887383,0.608187,0.00568885,0.707458,0.184779,0.83073,0.277098,0.770892,0.025869,0.26549,0.195569,0.248109,0.138957,0.154306,0.0535049,0.164147,0.657799,0.541788,0.589955,0.616255,0.783846,0.783547,0.81979,0.679658,0.814997,0.793389,0.838093,0.704401,0.673882,0.24482,0.595395,0.211622,0.549618,0.27676,0.678765,0.30776,0.806563,0.0803189,0.720537,0.0803286,0.736714,0.199032,0.792625,0.199025,0.660228,0.204809,0.609433,0.192616,0.795328,0.589657,0.70985,0.516833,0.000245151,0.745221,0.0857614,0.818531,0.862619,0.126557,0.806713,0.126621,0.806563,0.199032,0.862469,0.198967,0.678763,0.0910582,0.64575,0.083134,0.931339,0.557702,0.915264,0.486688,0,0.953301,0.0730787,0.958422,0.933675,0.822109,1,0.748491,0.0386407,0.29308,0.189743,0.277841,0.211097,0.845595,0.290569,0.800685,0.343343,0.0384617,0.462182,0.0600319,0.472669,0.0367608,0.339722,0.0131881,0.288496,0.468401,0.288503,0.368301,0.223204,0.379962,0.223197,0.480062,0.35377,0.129202,0.445417,0.151143,0.295611,0.971676,0.361266,0.896797,0.075626,0.387688,0.19873,0.387739,0,0.479981,0.195215,0.480062,0.2163,0.430018,0.0210855,0.429937,0.339699,0.16053,0.48503,0.195322,0.334218,1,0.399873,0.925121,0.317841,0.676114,0.166657,0.520416,0.907752,0.30655,0.877921,0.207191,0.792283,0.199031,0.737718,0.292871,0.528044,0.69226,0.690035,0.830131,0.802149,0.808289,0.716593,0.8453,0.647199,0.357726,0.56229,0.351705,0.230866,0.0989301,0.244753,0.223916,0.300658,0.223852,0.316883,0.0988313,0.567894,0.36839,0.618689,0.380582,0.507846,0.751091,0.593324,0.823914,0.202223,0.510525,0.28774,0.583836,0.160333,0.0830622,0.160389,0.154141,0.2163,0.154306,0.216244,0.0832274,0.56199,0.437563,0.595004,0.445487,0.507944,0.959044,0.581006,0.963972,0.407269,0.480062,0.423368,0.551392,0.848395,0.921005,0.78312,1,0.895554,0.335018,0.744158,0.323115,0.335905,0.70057,0.303416,0.785757,0.499045,0.252908,0.507846,0.223916,0.330678,0.232148,0.340595,0.260888,0.229711,0.368301,0.288381,0.354054,0.288503,0.254123,0.229833,0.268369,0.470602,0.367002,0.347394,0.382792,0.473144,0.765385,0.407215,0.843404,0.860244,0.442384,0.737249,0.442336,0.288503,0.433071,0.312064,0.480062,0.507443,0.455023,0.483882,0.408032,0.915579,0.486688,0.720537,0.486612,0.507846,0.798246,0.441918,0.876265],"max":[1,1],"min":[0,0.0131881],"stride":2},