{"effects":{"DudeMaterial_001-effect":{"meta":{"normals":true},"parameters":{"index_of_refraction":1,"materialColor":[0.64,0.64,0.64,1]},"type":"constant"},"DudeMaterial_002-effect":{"meta":{"normals":true},"parameters":{"index_of_refraction":1,"materialColor":[0.64,0.64,0.64,1]},"type":"constant"}},"geometries":{"Cube.004":{"inputs":{"NORMAL":{"offset":1,"source":"Cube_004-mesh-normals"},"POSITION":{"offset":0,"source":"Cube_004-mesh-positions"}},"meta":{"graphics":true},"sources":{"Cube_004-mesh-normals":{"data":[0.202619,0.97911,0.017007,0.836604,-0.0163962,-0.547563,0.192198,-0.980301,-0.0455031,0.19218,-0.941308,-0.277501,0,0,1,-0.580405,0,-0.814328,0.426538,-0.0455586,0.903322,0.564438,-0.825466,0.00388706,0.563245,0.825322,0.0399836,0.802254,0,-0.596983,0.650848,0,0.759208,0.0918183,-0.995501,-0.023416,0.0918183,0.995501,-0.023416,0.173687,-0.984578,-0.0209424,0.977232,-0.0204291,-0.211185,0.0945472,0.951574,-0.292519,-0.909545,0.0163766,-0.415282,0.147103,-0.598928,0.787176,-0.939595,-0.0929752,-0.329419,-0.103223,0.981225,-0.162919,0.927151,0.098239,0.36158,0,0,-1,0.971137,0.238522,0,-0.971137,-0.238522,0,-0.230817,0.939765,0.252121,-0.215183,0.976437,0.0163574,-0.836604,-0.0163962,-0.547563,-0.205727,-0.977557,-0.0453758,-0.208243,-0.931719,-0.297547,0.580405,0,-0.814328,-0.426538,-0.0455586,0.903322,-0.564438,-0.825466,0.00388706,-0.563245,0.825322,0.0399836,-0.802254,0,-0.596983,-0.650848,0,0.759208,-0.0918183,-0.995501,-0.023416,-0.0918183,0.995501,-0.023416,-0.173687,-0.984578,-0.0209424,-0.977232,-0.0204291,-0.211185,-0.101556,0.947678,-0.302643,0.977403,0.00832951,-0.211222,-0.147103,-0.598928,0.787176,0.939595,-0.0929752,-0.329419,0.103223,0.981225,-0.162919,-0.927151,0.098239,0.36158,-0.971137,0.238522,0,0.971137,-0.238522,0,0.230817,0.939765,0.252121],"max":[0.977403,0.995501,1],"min":[-0.977232,-0.995501,-1],"stride":3},"Cube_004-mesh-positions":{"data":[0.879039,1,-0.871487,-0.0303402,1,-1.13798,-0.0303402,1.15568,1,1.06339,0.736525,1,0.85708,-0.467723,-0.838914,1.33431,0.606956,-0.141951,1.33431,-0.133552,-0.141951,0.85708,-0.454495,1,-0.0303402,-0.727069,1,-0.0303402,-0.526596,-1.19501,0.0848711,-0.446013,-1.44734,0.802549,-0.38714,-1.09125,2.31408,0.477342,-0.840276,2.31408,-0.00393873,-0.840276,1.33431,-0.133552,0.828192,1.33431,0.606956,0.828192,2.6905,0.477342,-0.334433,2.6905,-0.00393873,-0.334433,0.563309,-0.401888,-2.38203,1.43258,-0.188386,-2.38203,0.824509,0.919416,-1.12382,0.0848711,0.919416,-1.39032,0.689672,-0.916374,-2.79709,1.55894,-0.702872,-2.79709,0.303552,0.655705,-2.38203,1.17282,0.869207,-2.38203,0.277758,0.760723,-2.79709,1.14703,0.974225,-2.79709,-0.879039,1,-0.871487,-1.06339,0.736525,1,-1.33431,-0.133552,-0.141951,-1.33431,0.606956,-0.141951,-0.85708,-0.467723,-0.838914,-0.85708,-0.454495,1,-0.802549,-0.38714,-1.09125,-0.0848711,-0.446013,-1.44734,-2.31408,-0.00393873,-0.840276,-2.31408,0.477342,-0.840276,-1.33431,0.606956,0.828192,-1.33431,-0.133552,0.828192,-2.6905,-0.00393873,-0.334433,-2.6905,0.477342,-0.334433,-1.43258,-0.188386,-2.38203,-0.563309,-0.401888,-2.38203,-0.824509,0.919416,-1.12382,-0.0848711,0.919416,-1.39032,-1.55894,-0.702872,-2.79709,-0.689672,-0.916374,-2.79709,-0.303552,0.655705,-2.38203,-1.17282,0.869207,-2.38203,-1.14703,0.974225,-2.79709,-0.277758,0.760723,-2.79709],"max":[2.6905,1.15568,1],"min":[-2.6905,-0.916374,-2.79709],"stride":3}},"surfaces":{"DudeMaterial_0021":{"numPrimitives":100,"triangles":[7,2,8,2,9,2,7,2,9,2,4,2,7,4,3,4,2,4,7,4,2,4,8,4,8,4,2,4,29,4,8,4,29,4,33,4,10,3,11,3,4,3,10,3,4,3,9,3,6,5,5,5,12,5,6,5,12,5,13,5,3,6,7,6,14,6,3,6,14,6,15,6,7,7,4,7,6,7,7,7,6,7,14,7,0,8,3,8,15,8,0,8,15,8,5,8,16,9,17,9,13,9,16,9,13,9,12,9,15,10,14,10,17,10,15,10,17,10,16,10,14,11,6,11,13,11,14,11,13,11,17,11,16,12,12,12,5,12,16,12,5,12,15,12,18,13,19,13,11,13,18,13,11,13,10,13,0,14,4,14,11,14,0,14,11,14,20,14,1,15,0,15,20,15,1,15,20,15,21,15,21,16,10,16,9,16,21,16,9,16,1,16,22,17,23,17,19,17,22,17,19,17,18,17,24,18,18,18,10,18,24,18,10,18,21,18,25,19,24,19,21,19,25,19,21,19,20,19,19,20,25,20,20,20,19,20,20,20,11,20,22,21,26,21,27,21,22,21,27,21,23,21,23,22,27,22,25,22,23,22,25,22,19,22,26,23,22,23,18,23,26,23,18,23,24,23,27,24,26,24,24,24,27,24,24,24,25,24,1,25,28,25,29,25,1,25,29,25,2,25,30,26,31,26,28,26,30,26,28,26,32,26,32,27,9,27,8,27,32,27,8,27,33,27,9,28,32,28,34,28,9,28,34,28,35,28,36,29,37,29,31,29,36,29,31,29,30,29,38,30,39,30,33,30,38,30,33,30,29,30,39,31,30,31,32,31,39,31,32,31,33,31,29,32,28,32,31,32,29,32,31,32,38,32,37,33,36,33,40,33,37,33,40,33,41,33,41,34,40,34,39,34,41,34,39,34,38,34,40,35,36,35,30,35,40,35,30,35,39,35,38,36,31,36,37,36,38,36,37,36,41,36,35,37,34,37,42,37,35,37,42,37,43,37,32,38,28,38,44,38,32,38,44,38,34,38,28,39,1,39,45,39,28,39,45,39,44,39,1,40,9,40,35,40,1,40,35,40,45,40,43,41,42,41,46,41,43,41,46,41,47,41,45,42,35,42,43,42,45,42,43,42,48,42,44,43,45,43,48,43,44,43,48,43,49,43,34,44,44,44,49,44,34,44,49,44,42,44,46,21,50,21,51,21,46,21,51,21,47,21,42,45,49,45,50,45,42,45,50,45,46,45,48,46,43,46,47,46,48,46,47,46,51,46,49,47,48,47,51,47,49,47,51,47,50,47,0,0,1,0,2,0,0,0,2,0,3,0,4,1,0,1,5,1,4,1,5,1,6,1]}}},"Icosphere":{"inputs":{"NORMAL":{"offset":0,"source":"Icosphere-mesh-normals"},"POSITION":{"offset":0,"source":"Icosphere-mesh-positions"}},"meta":{"graphics":true},"sources":{"Icosphere-mesh-normals":{"data":[0,0,-1,0.425306,-0.309,-0.850642,-0.16245,-0.499985,-0.850642,0.723594,-0.525712,-0.447188,0.850642,0,-0.525712,-0.525712,0,-0.850642,-0.16245,0.499985,-0.850642,0.425306,0.309,-0.850642,0.951048,-0.309,0,-0.276376,-0.850642,-0.447218,0.262856,-0.808985,-0.525712,0,-1,0,-0.894406,0,-0.447188,-0.688162,-0.499985,-0.525712,-0.951048,-0.309,0,-0.276376,0.850642,-0.447218,-0.688162,0.499985,-0.525712,-0.587756,0.809015,0,0.723594,0.525712,-0.447188,0.262856,0.808985,-0.525712,0.587756,0.809015,0,0.587756,-0.809015,0,-0.587756,-0.809015,0,-0.951048,0.309,0,0,1,0,0.951048,0.309,0,0.276376,-0.850642,0.447218,0.688162,-0.499985,0.525712,0.16245,-0.499985,0.850642,-0.723594,-0.525712,0.447188,-0.262856,-0.808985,0.525712,-0.425306,-0.309,0.850642,-0.723594,0.525712,0.447188,-0.850642,0,0.525712,-0.425306,0.309,0.850642,0.276376,0.850642,0.447218,-0.262856,0.808985,0.525712,0.16245,0.499985,0.850642,0.894406,0,0.447188,0.688162,0.499985,0.525712,0.525712,0,0.850642,0,0,1],"max":[0.951048,1,1],"min":[-0.951048,-1,-1],"stride":3},"Icosphere-mesh-positions":{"data":[0,0,-1,0.425323,-0.309011,-0.850654,-0.162456,-0.499995,-0.850654,0.723607,-0.525725,-0.44722,0.850648,0,-0.525736,-0.52573,0,-0.850652,-0.162456,0.499995,-0.850654,0.425323,0.309011,-0.850654,0.951058,-0.309013,0,-0.276388,-0.850649,-0.44722,0.262869,-0.809012,-0.525738,0,-1,0,-0.894426,0,-0.447216,-0.688189,-0.499997,-0.525736,-0.951058,-0.309013,0,-0.276388,0.850649,-0.44722,-0.688189,0.499997,-0.525736,-0.587786,0.809017,0,0.723607,0.525725,-0.44722,0.262869,0.809012,-0.525738,0.587786,0.809017,0,0.587786,-0.809017,0,-0.587786,-0.809017,0,-0.951058,0.309013,0,0,1,0,0.951058,0.309013,0,0.276388,-0.850649,0.44722,0.688189,-0.499997,0.525736,0.162456,-0.499995,0.850654,-0.723607,-0.525725,0.44722,-0.262869,-0.809012,0.525738,-0.425323,-0.309011,0.850654,-0.723607,0.525725,0.44722,-0.850648,0,0.525736,-0.425323,0.309011,0.850654,0.276388,0.850649,0.44722,-0.262869,0.809012,0.525738,0.162456,0.499995,0.850654,0.894426,0,0.447216,0.688189,0.499997,0.525736,0.52573,0,0.850652,0,0,1],"max":[0.951058,1,1],"min":[-0.951058,-1,-1],"stride":3}},"surfaces":{"DudeMaterial_0011":{"numPrimitives":80,