{"effects":{"SquareGemMaterial-effect":{"meta":{"normals":true},"parameters":{"diffuse":"blade_png","index_of_refraction":1,"shininess":200},"type":"phong"}},"geometries":{"SquareGemMesh":{"inputs":{"NORMAL":{"offset":2,"source":"SquareGemMesh-mesh-normals"},"POSITION":{"offset":0,"source":"SquareGemMesh-mesh-positions"},"TEXCOORD0":{"offset":1,"source":"SquareGemMesh-mesh-map-0"}},"meta":{"graphics":true},"sources":{"SquareGemMesh-mesh-map-0":{"data":[0.181902,0.522357,0.177461,0.517916,0.177461,0.819904,0.181902,0.815463,0.479449,0.819904,0.475008,0.815463,0.475008,0.522357,0.479449,0.517916,0.488331,0.509034,0.168579,0.509034,0.150815,0.49127,0.150815,0.84655,0.168579,0.828786,0.506095,0.84655,0.488331,0.828786,0.506095,0.49127,0.150815,0.491258,0.154812,0.49127,0.155902,0.135992,0.151905,0.13598,0.404708,0.491258,0.408705,0.49127,0.409795,0.135992,0.405798,0.13598,0.455401,0.491258,0.459398,0.49127,0.460488,0.135992,0.456491,0.13598,0.206595,0.135992,0.202599,0.13598,0.201509,0.491258,0.205506,0.49127,0.252202,0.252591,0.251827,0.374954,0.506095,0.25259,0.50572,0.374954,0.455026,0.374954,0.455401,0.252591,0.201509,0.252591,0.201133,0.374954,0.547625,0.743676,0.506095,0.84655,0.630713,0.821336,0.631511,0.536156,0.507055,0.503575,0.547956,0.62555,0.832434,0.605519,0.849185,0.479485,0.749346,0.527859,0.748547,0.81304,0.848225,0.82246,0.832103,0.723645,0.708882,0.692219],"max":[0.849185,0.84655],"min":[0.150815,0.13598],"stride":2},"SquareGemMesh-mesh-normals":{"data":[0.418526,-0.173359,0.891506,0.173359,0.418526,0.891506,0,0,1,-0.173358,-0.418523,0.891507,0.418525,-0.173359,0.891506,0.173359,0.418524,0.891507,0.418524,-0.173358,0.891507,-0.173359,-0.418526,0.891506,-0.418526,0.173359,0.891506,-0.418523,0.173358,0.891507,0.173358,0.418524,0.891507,-0.418525,0.173359,0.891507,-0.173359,-0.418524,0.891507,-0.923879,0.382684,0,0.382684,0.923879,0,0.923879,-0.382684,0,-0.382684,-0.923879,0,-0.320677,-0.774182,-0.545719,0.774182,-0.320677,-0.545719,0.320677,0.774182,-0.545719,-0.774182,0.320677,-0.545719,-0.374935,-0.155303,-0.91395,0.155303,-0.374935,-0.91395,0.374936,0.155303,-0.91395,-0.155303,0.374935,-0.91395,-0.163783,0.395406,-0.903786,0.163783,0.395406,-0.903786,0.395406,0.163783,-0.903786,0.395406,-0.163783,-0.903786,0.163783,-0.395406,-0.903786,-0.163783,-0.395406,-0.903786,-0.395406,-0.163783,-0.903786,-0.395406,0.163783,-0.903786],"max":[0.923879,0.923879,1],"min":[-0.923879,-0.923879,-0.91395],"stride":3},"SquareGemMesh-mesh-positions":{"data":[0.416032,-1.0234,0.250772,0.428058,-1.05244,0.23948,1.00634,0.343648,0.23948,0.977301,0.331621,0.250772,-0.389749,0.921925,0.23948,-0.377722,0.892891,0.250772,-0.938992,-0.462133,0.250772,-0.968026,-0.474159,0.23948,-1.0261,-0.498213,0.216896,0.452111,-1.11051,0.216896,0.500218,-1.22664,0.171728,1.18054,0.415807,0.171728,1.06441,0.367701,0.216896,-0.461908,1.09613,0.171728,-0.413802,0.979995,0.216896,-1.14223,-0.546319,0.171728,-0.461908,1.09613,0.151728,-1.14223,-0.546319,0.151728,1.18054,0.415807,0.151728,0.500218,-1.22664,0.151728,0.0191548,-0.865256,-0.0782715,-0.546531,-0.630941,-0.0782715,0.819155,-0.0652557,-0.0782715,0.58484,-0.630941,-0.0782715,0.58484,0.50043,-0.0782715,0.0191547,0.734744,-0.0782715,-0.780845,-0.0652558,-0.0782715,-0.546531,0.50043,-0.0782715,0.0191547,-0.0652557,-0.428272],"max":[1.18054,1.09613,0.250772],"min":[-1.14223,-1.22664,-0.428272],"stride":3}},"surfaces":{"SquareGemMaterial":{"numPrimitives":54,"triangles":[21,40,21,17,41,21,26,42,21,0,0,0,1,1,0,2,2,0,0,0,0,2,2,0,3,3,0,26,38,20,17,18,20,16,17,20,26,38,20,16,17,20,27,39,20,18,21,19,24,36,19,25,37,19,18,21,19,25,37,19,16,22,19,22,34,18,18,26,18,19,25,18,22,34,18,19,25,18,23,35,18,20,32,17,19,28,17,17,31,17,20,32,17,17,31,17,21,33,17,19,28,16,10,29,16,15,30,16,19,28,16,15,30,16,17,31,16,10,24,15,19,25,15,18,26,15,10,24,15,18,26,15,11,27,15,11,20,14,18,21,14,16,22,14,11,20,14,16,22,14,13,23,14,13,16,13,16,17,13,17,18,13,13,16,13,17,18,13,15,19,13,10,10,12,9,9,12,8,8,12,10,10,12,8,8,12,15,15,12,14,14,11,13,13,11,15,15,11,14,14,11,15,15,11,8,8,11,4,4,10,2,2,10,12,12,10,4,4,10,12,12,10,14,14,10,8,8,9,7,7,9,4,4,9,8,8,9,4,4,9,14,14,9,5,5,8,4,4,8,7,7,8,5,5,8,7,7,8,6,6,8,1,1,7,0,0,7,6,6,7,1,1,7,6,6,7,7,7,7,1,1,6,9,9,6,12,12,6,1,1,6,12,12,6,2,2,6,12,12,5,11,11,5,13,13,5,12,12,5,13,13,5,14,14,5,9,9,4,10,10,4,11,11,4,9,9,4,11,11,4,12,12,4,1,1,3,7,7,3,8,8,3,1,1,3,8,8,3,9,9,3,3,3,1,2,2,1,4,4,1,3,3,1,4,4,1,5,5,1,3,3,2,5,5,2,6,6,2,3,3,2,6,6,2,0,0,2,23,43,22,19,44,22,20,45,22,28,52,32,26,42,32,27,49,32,24,46,23,18,47,23,22,48,23,28,52,31,21,40,31,26,42,31,27,49,24,16,50,24,25,51,24,28,52,30,20,45,30,21,40,30,28,52,25,27,49,25,25,51,25,28,52,29,23,43,29,20,45,29,24,46,26,28,52,26,25,51,26,28,52,28,22,48,28,23,43,28,28,52,27,24,46,27,22,48,27]}}}},"images":{"blade_png":"textures/blade.dds"},"materials":{"SquareGemMaterial":{"effect":"SquareGemMaterial-effect"}},"nodes":{"SquareGem":{"geometryinstances":{"SquareGemMesh":{"geometry":"SquareGemMesh","material":"SquareGemMaterial","surface":"SquareGemMaterial"}},"matrix":[0.519682,0,-0.21526,-0.21526,0,-0.519682,0,1,0,0,0,0]}},"version":1}
