{"effects":{"monstercolour":{"meta":{"normals":true},"parameters":{"diffuse":"monsterscolour_1","reflectivity":0.5,"shininess":300},"type":"phong"}},"geometries":{"step_01Mesh":{"inputs":{"NORMAL":{"offset":2,"source":"step_01-Normal0"},"POSITION":{"offset":0,"source":"step_01-POSITION"},"TEXCOORD0":{"offset":1,"source":"step_01-UV0"}},"meta":{"graphics":true},"sources":{"step_01-Normal0":{"data":[0,-1,0,-1,0,0,0,0,1,0,1,0,1,0,0,0,0,-1,-0.707106,0,0.707108,-0.707106,0.707107,0,0,0.707107,0.707107,0.707106,0,0.707108,0.707106,0.707107,0,-0.707106,0,-0.707108,0,0.707107,-0.707107,0.707106,0,-0.707108,-0.577349,0.57735,0.577351,-0.57735,0.57735,0.577351,0.577349,0.57735,0.577351,0.57735,0.57735,0.577351,-0.57735,0.57735,-0.577351,-0.577349,0.57735,-0.577351,0.577349,0.57735,-0.577351,0.57735,0.57735,-0.577351],"max":[1,1,1],"min":[-1,-1,-1],"stride":3},"step_01-POSITION":{"data":[-45.0005,-50,50,-45.0005,-50,-50,45.0005,-50,50,45.0005,-50,-50,50,-50,45.0005,-50,-50,45.0005,-50,-50,-45.0005,50,-50,-45.0005,-50,-4.9995,-45.0005,-50,-4.9995,45.0005,45.0005,-4.9995,50,-45.0005,-4.9995,50,45.0005,0,45.0005,-45.0005,0,-45.0005,-45.0005,0,45.0005,45.0005,0,-45.0005,50,-4.9995,45.0005,50,-4.9995,-45.0005,45.0005,-4.9995,-50,-45.0005,-4.9995,-50],"max":[50,0,50],"min":[-50,-50,-50],"stride":3},"step_01-UV0":{"data":[0.544852,0.596431,0.544852,0.621253,0.567192,0.596431,0.567192,0.621253,0.568433,0.597672,0.543611,0.597672,0.543611,0.620012,0.568433,0.620012,0.579997,0.597672,0.568827,0.620012,0.579997,0.620012,0.568827,0.597672,0.554015,0.594956,0.565185,0.594956,0.565185,0.572616,0.554015,0.572616,0.600654,0.596197,0.578314,0.573857,0.578314,0.596197,0.600654,0.573857,0.566785,0.594957,0.577955,0.572616,0.566785,0.572616,0.577955,0.594957,0.543611,0.572383,0.554781,0.550043,0.543611,0.550043,0.554781,0.572383,0.579997,0.621253,0.568827,0.621253,0.581238,0.597672,0.581238,0.620012,0.566426,0.572616,0.566426,0.594956,0.565185,0.596197,0.554015,0.596197,0.601895,0.573857,0.601895,0.596197,0.568827,0.596431,0.579997,0.596431,0.578314,0.572616,0.600654,0.572616,0.577955,0.596197,0.566785,0.596197],"max":[0.601895,0.621253],"min":[0.543611,0.550043],"stride":2}},"surfaces":{"monstercolour":{"numPrimitives":36,"triangles":[9,10,14,11,28,15,14,31,14,18,42,13,17,23,13,7,20,13,18,42,13,7,20,13,3,43,13,19,40,12,15,19,12,18,41,12,15,19,12,19,40,12,13,17,12,8,8,11,19,39,11,1,38,11,8,8,11,1,38,11,6,11,11,17,36,10,15,19,10,12,16,10,17,36,10,12,16,10,16,37,10,2,12,9,4,35,9,16,34,9,2,12,9,16,34,9,10,13,9,14,32,8,10,13,8,12,33,8,10,13,8,14,32,8,11,14,8,13,30,7,8,8,7,9,10,7,13,30,7,9,10,7,14,31,7,5,9,6,0,29,6,11,28,6,5,9,6,11,28,6,9,10,6,1,25,5,18,24,5,3,27,5,18,24,5,1,25,5,19,26,5,7,20,4,17,23,4,16,21,4,7,20,4,16,21,4,4,22,4,2,12,2,10,13,2,11,14,2,11,14,2,0,15,2,2,12,2,8,8,1,6,11,1,5,9,1,8,8,1,5,9,1,9,10,1,5,5,0,6,6,0,1,1,0,0,0,0,5,5,0,1,1,0,0,0,0,1,1,0,2,2,0,2,2,0,1,1,0,3,3,0,3,3,0,4,4,0,2,2,0,3,3,0,7,7,0,4,4,0,17,36,20,18,41,21,15,19,20,15,19,3,13,17,3,12,16,3,12,16,3,13,17,3,14,18,3,12,33,16,10,13,17,16,34,16,19,39,18,8,8,19,13,30,19]}}}},"images":{"monsterscolour_1":"characters/textures/monsterscolour.dds"},"materials":{"monstercolour":{"effect":"monstercolour"}},"nodes":{"step_01":{"geometryinstances":{"step_01Mesh":{"geometry":"step_01Mesh","material":"monstercolour","surface":"monstercolour"}},"matrix":[0.008047,0,0,0,0.008047,0,0,0,0.008047,0,-0.098237,0]}},"version":1}
