{"effects":{"stonepillar_default":{"meta":{"normals":true},"parameters":{"diffuse":"materialSwatches_tree_01_split15_file5","reflectivity":0.5,"shininess":300},"type":"phong"},"stonepillar_shiny":{"meta":{"normals":true},"parameters":{"diffuse":"materialSwatches_tree_01_split16_pasted__file5","reflectivity":0.5,"shininess":6.31179},"type":"phong"}},"geometries":{"stone_01Mesh":{"inputs":{"NORMAL":{"offset":0,"source":"stone_01-Normal0"},"POSITION":{"offset":0,"source":"stone_01-POSITION"},"TEXCOORD0":{"offset":1,"source":"stone_01-UV0"}},"meta":{"graphics":true},"sources":{"stone_01-Normal0":{"data":[-0.130916,-0.965113,-0.226754,-0.472146,-0.119074,-0.873441,0.51132,-0.119149,-0.851091,0.130916,-0.965113,-0.226754,0.261833,-0.965113,0,0.992524,-0.121621,0.010243,-0.261833,-0.965113,0,-0.992192,-0.121054,-0.03001,-0.130916,-0.965113,0.226754,-0.515911,-0.122679,0.847812,0.484264,-0.123186,0.866207,0.130916,-0.965113,0.226754,0.158413,0.964005,-0.21354,0.300471,0.951308,0.068775,0.998705,-0.046247,0.021204,0.532785,-0.044774,-0.845065,-0.442732,-0.046422,-0.895451,-0.155602,0.960084,-0.232438,-0.996248,-0.04918,-0.07122,-0.330208,0.943479,0.028469,-0.544918,-0.049754,0.837012,-0.19126,0.930656,0.311929,0.125306,0.93458,0.332955,0.474209,-0.048506,0.879075,0,-1,0,-0.014552,0.998392,0.054788],"max":[0.998705,0.998392,0.879075],"min":[-0.996248,-1,-0.895451],"stride":3},"stone_01-POSITION":{"data":[-21.7372,-52.1574,-37.65,-25,-47.5002,-43.3013,25,-47.5002,-43.3013,21.7372,-52.1574,-37.65,43.4745,-52.1574,-8e-06,50,-47.5002,-8e-06,-43.4745,-52.1574,-1.5e-05,-50,-47.5002,-1.5e-05,-21.7372,-52.1574,37.65,-25,-47.5003,43.3013,25,-47.5003,43.3013,21.7372,-52.1574,37.65,29.9073,50.5185,-45.1548,54.0567,48.2035,3.44638,57.1619,42.1068,3.54824,31.7416,44.5437,-47.6106,-25.3178,43.9113,-51.2416,-24.2994,49.9177,-48.6042,-56.9569,40.8419,-3.71368,-54.3567,47.0018,-3.45248,-31.5367,38.405,47.4452,-30.2074,44.6868,45.1487,23.9994,45.2876,48.5981,25.5227,39.0375,51.0762,1e-06,-52.1574,-8e-06,-0.150022,47.6027,-0.003044],"max":[57.1619,50.5185,51.0762],"min":[-56.9569,-52.1574,-51.2416],"stride":3},"stone_01-UV0":{"data":[0.427135,0.632195,0.424833,0.627692,0.516905,0.627692,0.514604,0.632195,0.558338,0.717754,0.562941,0.717754,0.383401,0.717754,0.378798,0.717754,0.427135,0.803312,0.424833,0.807815,0.516905,0.807815,0.514604,0.803312,0.524212,0.621754,0.570113,0.721526,0.576285,0.723339,0.527968,0.618316,0.422945,0.613385,0.424439,0.617069,0.366239,0.713477,0.370569,0.712157,0.414556,0.8185,0.41647,0.81193,0.516242,0.816614,0.519579,0.82343,0.994792,0.351335,0.829396,0.648665,0.994792,0.648665,0.829396,0.351335,0.002421,0.648665,0.167816,0.648665,0.167816,0.351335,0.002421,0.351335,0.333211,0.648665,0.333211,0.351335,0.498606,0.351335,0.498606,0.648665,0.664001,0.351335,0.664001,0.648665,0.470869,0.717754,0.470341,0.716842],"max":[0.994792,0.82343],"min":[0.002421,0.351335],"stride":2}},"surfaces":{"stonepillar_default":{"numPrimitives":24,"triangles":[18,30,16,31,1,28,1,28,7,29,18,30,20,33,18,30,7,29,7,29,9,32,20,33,20,33,9,32,23,34,9,32,10,35,23,34,10,35,14,36,23,34,14,36,10,35,5,37,14,36,5,37,2,25,2,25,15,27,14,36,16,24,15,27,2,25,16,24,2,25,1,26,3,3,24,38,0,0,0,0,24,38,6,6,6,6,24,38,8,8,8,8,24,38,11,11,11,11,24,38,4,4,4,4,24,38,3,3,17,17,25,39,12,12,12,12,25,39,13,13,13,13,25,39,22,22,22,22,25,39,21,21,21,21,25,39,19,19,19,19,25,39,17,17]},"stonepillar_shiny":{"numPrimitives":24,"triangles":[0,0,1,1,2,2,2,2,3,3,0,0,4,4,3,3,2,2,2,2,5,5,4,4,11,11,4,4,5,5,5,5,10,10,11,11,8,8,11,11,10,10,10,10,9,9,8,8,8,8,9,9,7,7,7,7,6,6,8,8,1,1,6,6,7,7,1,1,0,0,6,6,12,12,13,13,14,14,14,14,13,13,22,22,14,14,22,22,23,23,20,20,23,23,22,22,22,22,21,21,20,20,18,18,20,20,21,21,21,21,19,19,18,18,17,17,18,18,19,19,17,17,16,16,18,18,16,16,17,17,12,12,12,12,15,15,16,16,14,14,15,15,12,12]}}}},"images":{"materialSwatches_tree_01_split15_file5":"environment/textures/stonepillar_tile.dds","materialSwatches_tree_01_split16_pasted__file5":"environment/textures/stonepillar_tile.dds"},"materials":{"stonepillar_default":{"effect":"stonepillar_default"},"stonepillar_shiny":{"effect":"stonepillar_shiny"}},"nodes":{"stone_01":{"geometryinstances":{"stone_01Mesh-stonepillar_default":{"geometry":"stone_01Mesh","material":"stonepillar_default","surface":"stonepillar_default"},"stone_01Mesh-stonepillar_shiny":{"geometry":"stone_01Mesh","material":"stonepillar_shiny","surface":"stonepillar_shiny"}},"matrix":[0.01,0,0,0,0.01,0,0,0,0.01,0,0,0]}},"version":1}
