{"effects":{"haloglow_emissive_alphatest_uvtransform_alpha_nocull":{"meta":{"transparent":true},"parameters":{"diffuse":"temp1_materialSwatches1_rockprop_01_b_file5"},"type":"blend"}},"geometries":{"tileshellMesh":{"inputs":{"NORMAL":{"offset":2,"source":"tileshell-Normal0"},"POSITION":{"offset":0,"source":"tileshell-POSITION"},"TEXCOORD0":{"offset":1,"source":"tileshell-UV0"}},"meta":{"graphics":true},"sources":{"tileshell-Normal0":{"data":[0.009395,0.205303,0.978653,0.046459,0.998403,-0.032136,0.000877,0.243637,-0.969866,0.955252,0.295557,-0.011802,-0.979789,0.199985,0.004503,0.36975,0.10235,0.923477,0.083457,0.991585,0.098963,-0.324033,0.43305,-0.841112,0.883843,0.360416,-0.298198,-0.885049,0.254438,0.389806,-0.223049,0.141819,0.964436,0.040874,0.999164,0.000494,0.223605,0.232762,-0.946479,0.937104,0.271848,0.218939,-0.962406,0.159727,-0.219687],"max":[0.955252,0.999164,0.978653],"min":[-0.979789,0.10235,-0.969866],"stride":3},"tileshell-POSITION":{"data":[-32.0543,6.59779,17.6265,-33.6904,-0.669697,18.667,17.2413,4.28819,17.1379,18.3705,-0.669697,18.667,16.7343,3.29076,-14.5831,-32.5612,5.60036,-14.0945,18.3705,-0.669697,-15.6236,-33.6904,-0.669697,-15.6236,31.9197,1.43772,23.5382,30.6698,5.19982,23.1559,-13.0568,1.70599,41.0507,-11.6633,7.0451,40.3669,20.0951,8.67636,-2.76052,-22.238,10.5216,14.4505,-23.9685,6.23431,12.9574,21.008,5.96604,-4.55519,26.8131,5.34809,3.8122,26.2197,9.25377,2.769,-6.37605,10.5909,-4.63454,-7.49446,4.85803,-4.38183,30.6778,9.08136,-17.3652,-1.91792,10.4185,-24.7687,31.9762,6.01213,-17.8449,-2.33136,5.52208,-26.0389],"max":[31.9762,10.5909,41.0507],"min":[-33.6904,-0.669697,-26.0389],"stride":3},"tileshell-UV0":{"data":[0.53191,0.626913,0.510455,0.622083,0.525092,0.77244,0.510455,0.775774,0.554304,0.630247,0.555746,0.775774,0.64939,0.774277,0.647948,0.62875,0.540842,0.770944,0.552534,0.775774,0.552534,0.622083,0.534024,0.625416,0.495217,0.61846,0.506909,0.615389,0.509853,0.521744,0.495217,0.51723,0.490547,0.521744,0.472037,0.51723,0.472037,0.61846,0.493492,0.615389,0.629429,0.627628,0.640535,0.623938,0.630221,0.494851,0.645983,0.498965,0.381049,0.650801,0.431858,0.775774,0.508367,0.744556,0.457557,0.619583,0.660365,0.494851,0.647708,0.49996,0.661157,0.627628,0.653156,0.624933,0.460048,0.536653,0.448942,0.535525,0.470312,0.613162,0.46231,0.61846,0.43456,0.535525,0.421192,0.61846,0.436954,0.616441,0.447217,0.539933,0.513026,0.62096,0.524556,0.619209,0.528503,0.522982,0.511579,0.51968,0.546409,0.607799,0.605847,0.62096,0.568265,0.511572,0.627704,0.524733,0.534176,0.617127,0.543236,0.62096,0.544683,0.51968,0.530228,0.5209,0.409897,0.61846,0.418957,0.617044,0.419466,0.557605,0.407936,0.554526,0.405702,0.558275,0.391247,0.554526,0.389287,0.61846,0.406211,0.617714],"max":[0.661157,0.775774],"min":[0.381049,0.494851],"stride":2}},"surfaces":{"haloglow_emissive_alphatest_uvtransform_alpha_nocull":{"numPrimitives":30,"triangles":[0,0,0,1,1,0,2,2,0,1,1,0,3,3,0,2,2,0,17,44,11,20,45,11,18,46,11,20,45,11,21,47,11,18,46,11,9,32,8,8,33,8,12,34,8,15,35,8,12,34,8,8,33,8,14,28,7,13,29,7,15,30,7,13,29,7,12,31,7,15,30,7,8,20,5,9,21,5,10,22,5,9,21,5,11,23,5,10,22,5,0,4,1,2,5,1,4,6,1,4,6,1,5,7,1,0,4,1,4,8,2,6,9,2,7,10,2,7,10,2,5,11,2,4,8,2,6,12,3,4,13,3,2,14,3,2,14,3,3,15,3,6,12,3,5,16,4,7,17,4,1,18,4,1,18,4,0,19,4,5,16,4,11,24,6,9,25,6,12,26,6,12,26,6,13,27,6,11,24,6,14,36,9,10,37,9,11,38,9,11,38,9,13,39,9,14,36,9,16,40,10,17,41,10,18,42,10,18,42,10,19,43,10,16,40,10,20,48,12,22,49,12,23,50,12,23,50,12,21,51,12,20,48,12,22,52,13,20,53,13,17,54,13,17,54,13,16,55,13,22,52,13,21,56,14,23,57,14,19,58,14,19,58,14,18,59,14,21,56,14]}}}},"images":{"temp1_materialSwatches1_rockprop_01_b_file5":"environment/textures/haloglow.dds"},"materials":{"haloglow_emissive_alphatest_uvtransform_alpha_nocull":{"effect":"haloglow_emissive_alphatest_uvtransform_alpha_nocull"}},"nodes":{"tileshell":{"geometryinstances":{"tileshellMesh":{"geometry":"tileshellMesh","material":"haloglow_emissive_alphatest_uvtransform_alpha_nocull","surface":"haloglow_emissive_alphatest_uvtransform_alpha_nocull"}},"matrix":[0.01,0,0,0,0.01,0,0,0,0.01,0,0,0]}},"version":1}
