{"effects":{"wall01_default":{"meta":{"normals":true},"parameters":{"diffuse":"tree_01_split1_file5","reflectivity":0.5,"shininess":300},"type":"phong"},"wall01_shiny":{"meta":{"normals":true},"parameters":{"diffuse":"tree_01_split2_pasted__file5","reflectivity":0.5,"shininess":6.31179},"type":"phong"}},"geometries":{"wall_01Mesh":{"inputs":{"NORMAL":{"offset":2,"source":"wall_01-Normal0"},"POSITION":{"offset":0,"source":"wall_01-POSITION"},"TEXCOORD0":{"offset":1,"source":"wall_01-UV0"}},"meta":{"graphics":true},"sources":{"wall_01-Normal0":{"data":[-0.084686,-0.085541,0.992729,0.021791,-0.159979,0.98688,0.032348,-0.161518,0.98634,-0.074909,-0.157355,0.984697,-0.987921,-0.13294,-0.079615,-0.990921,-0.133469,0.016162,-0.997869,-0.062684,0.018107,-0.993544,-0.061783,-0.095149,0.979657,-0.182884,0.082614,0.982885,-0.183682,-0.014104,0.978593,-0.184022,0.092153,0.982888,-0.183671,-0.014017,-0.063307,0.997877,-0.015294,-0.007891,-0.091164,-0.995805,0.086872,-0.163231,-0.982756,-0.010147,-0.161684,-0.98679,0.107216,-0.166264,-0.980235,-0.435291,0.781258,-0.44739,-0.486021,0.790608,0.372454,0.332224,0.843285,0.42249,-0.075623,0.71442,0.695619,0.660313,0.75074,0.019421,0.658725,0.751032,0.045078,0.382961,0.833934,-0.39736,0.011708,0.69832,-0.71569],"max":[0.982888,0.997877,0.992729],"min":[-0.997869,-0.184022,-0.995805],"stride":3},"wall_01-POSITION":{"data":[-45.1731,83.4204,47.1929,32.975,0,36.6384,44.4752,89.1919,52.6744,-32.975,0,36.6384,-36.6384,0,-32.975,-36.6384,0,32.975,-49.8444,83.0429,41.8987,-44.2861,82.0188,-47.9247,36.6384,0,32.975,55.322,88.4315,-41.8341,49.7638,89.4556,47.9893,36.6384,0,-32.975,-39.6227,87.3283,-47.6967,-45.1809,88.3524,42.1267,44.4674,94.1239,47.6083,50.0256,93.0998,-42.2151,-38.9974,82.2825,-52.6097,32.975,0,-36.6384,-32.975,0,-36.6384,50.6509,88.054,-47.1282],"max":[55.322,94.1239,52.6744],"min":[-49.8444,0,-52.6097],"stride":3},"wall_01-UV0":{"data":[0.689615,0.737718,0.998542,1.18605,1.09045,0.789814,0.702551,1.17524,0.296318,1.19581,0.645039,1.17729,0.634232,0.754797,0.300678,0.728956,0.741219,-0.108241,0.334778,0.26479,0.6727,0.29745,0.391483,-0.174428,0.304594,0.680878,0.639824,0.709284,0.665669,0.344633,0.327638,0.311133,0.244593,0.700226,-0.086051,1.19581,0.227089,1.18901,-0.180047,0.749052,0.722639,0.32904,0.801512,-0.098546,0.275787,0.28054,0.33127,-0.185902],"max":[1.09045,1.19581],"min":[-0.180047,-0.185902],"stride":2}},"surfaces":{"wall01_default":{"numPrimitives":10,"triangles":[3,3,3,1,1,1,0,0,0,0,0,0,1,1,1,2,2,2,11,11,11,9,9,9,8,8,8,8,8,8,9,9,9,10,10,10,4,4,4,5,5,5,6,6,6,6,6,6,7,7,7,4,4,4,12,12,12,13,13,12,14,14,12,14,14,12,15,15,12,12,12,12,16,16,13,19,19,16,17,17,14,16,16,13,17,17,14,18,18,15]},"wall01_shiny":{"numPrimitives":20,"triangles":[8,8,8,10,10,10,2,20,2,2,20,2,1,21,1,8,8,8,15,15,23,16,16,13,12,12,17,7,7,7,12,12,17,16,16,13,12,12,17,7,7,7,6,6,6,12,12,17,6,6,6,13,13,18,16,16,13,18,18,15,4,4,4,4,4,4,7,7,7,16,16,13,6,6,6,5,5,5,3,3,3,3,3,3,0,0,0,6,6,6,6,6,6,0,0,0,13,13,18,14,14,19,13,13,18,0,0,0,0,0,0,2,20,20,14,14,19,14,14,19,2,20,20,10,10,22,9,9,21,14,14,19,10,10,22,9,9,21,15,15,23,14,14,19,19,22,24,15,15,23,9,9,21,16,16,13,15,15,23,19,22,24,17,23,14,19,22,16,9,9,9,9,9,9,11,11,11,17,23,14]}}}},"images":{"tree_01_split1_file5":"environment/textures/rock01_tile.dds","tree_01_split2_pasted__file5":"environment/textures/rock01_tile.dds"},"materials":{"wall01_default":{"effect":"wall01_default"},"wall01_shiny":{"effect":"wall01_shiny"}},"nodes":{"wall_01":{"geometryinstances":{"wall_01Mesh-wall01_default":{"geometry":"wall_01Mesh","material":"wall01_default","surface":"wall01_default"},"wall_01Mesh-wall01_shiny":{"geometry":"wall_01Mesh","material":"wall01_shiny","surface":"wall01_shiny"}},"matrix":[0.01,0,0,0,0.01,0,0,0,0.01,0,0,0]}},"version":1}
