{"effects":{"monstercolour":{"meta":{"normals":true},"parameters":{"diffuse":"monsterscolour_1","reflectivity":0.5,"shininess":300},"type":"phong"}},"geometries":{"wall_01Mesh":{"inputs":{"NORMAL":{"offset":0,"source":"wall_01-Normal0"},"POSITION":{"offset":0,"source":"wall_01-POSITION"},"TEXCOORD0":{"offset":1,"source":"wall_01-UV0"}},"meta":{"graphics":true},"sources":{"wall_01-Normal0":{"data":[0.194978,0.169116,0.966118,0.134438,0.360766,0.922916,-0.145633,0.323055,0.935108,-0.150392,0.182303,0.971673,0.917533,0.362391,-0.163723,0.923316,0.371447,0.097541,0.975458,0.155744,0.155644,0.971676,0.156516,-0.177053,-0.130278,0.987431,0.089484,-0.434894,0.87656,-0.206178,-0.427119,0.898286,0.103204,-0.138053,0.965705,-0.219898,-0.933578,0.326447,0.147866,0.069355,0.339552,-0.938027,0.160484,-0.132811,0.978063,-0.143616,-0.142889,0.979264,0.981007,-0.124744,0.148543,0.980711,-0.12506,-0.150221,-0.938264,0.324599,-0.119569,-0.214368,0.317747,-0.923625,0.164304,-0.97263,0.164304,-0.10219,-0.994636,0.01604,0.016165,-0.995722,-0.090973,-0.112762,-0.977936,0.175859,0.178298,-0.978722,-0.101552,-0.981592,-0.047626,0.184955,-0.982014,-0.010632,0.188508,-0.94646,0.259074,0.192597,-0.865967,0.459885,0.196487,0.106566,0.430952,-0.89606,0.174299,0.184596,-0.967235,0.098142,-0.071358,-0.992611,0.199754,-0.063895,-0.977761,-0.905756,-0.108516,-0.409671,-0.371439,-0.118654,-0.920844,-0.401806,-0.788439,-0.465743,-0.730185,0.663779,-0.161948,-0.213117,0.651416,-0.728175,0.438582,0.022907,-0.898399,-0.842573,0.034892,0.537451,-0.602848,-0.780458,0.165709,0.00709,-0.999939,0.008478,0.094422,-0.772397,-0.628082],"max":[0.981007,0.987431,0.979264],"min":[-0.982014,-0.999939,-0.992611],"stride":3},"wall_01-POSITION":{"data":[31.2745,10.2705,42.8824,28.2371,47.1651,37.0819,-22.643,31.8852,39.4336,-28.1922,1.85158,44.1782,37.5203,45.917,-27.8136,38.8529,49.641,25.2162,43.8582,11.6347,29.61,43.1239,9.58282,-31.0411,24.6516,57.251,25.0387,-27.5612,38.2471,-25.6394,-26.2286,41.9711,27.3904,23.3189,53.527,-27.9911,-33.8299,27.8135,28.5756,26.3334,41.8454,-38.6716,35.0015,-35.0015,50,-35.0015,-35.0015,50,50,-35.0015,35.0015,50,-35.0015,-35.0015,-35.1626,24.0895,-24.4542,-24.5468,26.5654,-36.3199,35.0015,-50,35.0015,-35.0015,-50,-7.66736,-4.55759,-50,-35.0015,-35.0015,-50,35.0015,35.0015,-50,-35.0015,-50,-35.0015,35.0015,-50,-35.0015,-8.5145,-41.0906,-0.391827,31.461,-41.8249,-2.44366,-29.1901,-29.2412,-1.07948,-42.4626,30.2256,7.33942,-43.7583,-0.878113,-35.0015,-50,35.0015,-35.0015,-50,-62.7772,-28.5904,-43.7867,-45.8678,-28.6802,-60.4266,-45.7233,-50.2526,-43.7611,-55.7701,10.2728,-39.2167,-41.2833,11.4586,-53.9705,-16.2179,-29.0659,-59.8005,-62.0436,-28.8876,-20.5077,-49.319,-50.2526,-19.8768,-35.0015,-50,-35.0015,-19.0117,-50.2526,-47.288],"max":[50,57.251,50],"min":[-62.7772,-50.2526,-60.4266],"stride":3},"wall_01-UV0":{"data":[0.399306,0.395583,0.397986,0.379546,0.37587,0.386188,0.373458,0.399243,0.435588,0.380089,0.412538,0.37847,0.410628,0.39499,0.436991,0.395882,0.365001,0.334671,0.387029,0.311975,0.363979,0.312555,0.388051,0.334091,0.404776,0.39499,0.4026,0.37847,0.396427,0.375162,0.374311,0.381804,0.387974,0.340264,0.364924,0.340843,0.371007,0.387958,0.392694,0.335402,0.400926,0.415261,0.370498,0.415261,0.407445,0.415261,0.408285,0.415261,0.438713,0.415261,0.478278,0.374704,0.476659,0.351653,0.470505,0.352169,0.472124,0.375219,0.391671,0.313286,0.471581,0.347011,0.437487,0.333225,0.407059,0.351772,0.420292,0.363653,0.407059,0.333225,0.437487,0.363653,0.438301,0.359465,0.438301,0.378012,0.44482,0.378012,0.44482,0.359097,0.370498,0.421781,0.400926,0.421781,0.367851,0.400218,0.408285,0.421781,0.438713,0.421781,0.363979,0.415261,0.459864,0.376473,0.458972,0.35011,0.372207,0.356046,0.374248,0.368063,0.398056,0.359706,0.396364,0.374704,0.459565,0.344341,0.440308,0.381859,0.442519,0.396857,0.421891,0.370172,0.437487,0.370172,0.447607,0.343765,0.447568,0.336533,0.438191,0.343777,0.445232,0.415261,0.384536,0.341302,0.400131,0.341302,0.433968,0.312529,0.417075,0.315575,0.41656,0.321872,0.434007,0.319879,0.434175,0.332767,0.436886,0.315745,0.434899,0.332638,0.445018,0.332767,0.438191,0.354158,0.447478,0.353884,0.407059,0.363653,0.402336,0.374704,0.415224,0.374432,0.414009,0.368993,0.402398,0.36746,0.406869,0.308907,0.40251,0.314968,0.413282,0.315204,0.40828,0.320438,0.411556,0.332767,0.415816,0.326099,0.398736,0.30618,0.393523,0.311415,0.400836,0.357079],"max":[0.478278,0.421781],"min":[0.363979,0.30618],"stride":2}},"surfaces":{"monstercolour":{"numPrimitives":82,"triangles":[36,68,33,69,39,70,33,63,36,64,37,65,37,65,34,66,33,63,38,67,34,66,37,65,42,76,22,33,41,73,22,33,24,35,20,31,20,31,21,32,22,33,21,32,41,73,22,33,21,32,40,86,41,73,35,77,41,73,40,86,41,73,35,77,42,76,42,76,35,77,34,74,34,74,38,75,42,76,22,33,42,76,38,75,38,75,31,55,22,33,24,35,22,33,31,55,31,55,32,56,24,35,23,34,21,32,20,31,19,30,29,52,28,47,21,36,23,37,25,38,25,38,26,39,21,36,26,39,25,38,27,46,27,46,28,47,26,39,18,27,28,47,27,46,28,47,18,27,19,30,18,27,9,26,19,30,10,25,9,26,18,27,18,27,12,28,10,25,27,46,12,28,18,27,40,71,21,36,26,39,26,39,39,72,40,71,35,59,40,71,39,72,39,72,33,57,35,59,33,57,34,58,35,59,7,7,6,6,16,23,16,23,17,24,7,7,17,24,16,23,20,43,20,43,24,44,17,24,24,44,32,60,17,24,7,7,17,24,32,60,32,60,30,54,7,7,13,53,7,7,30,54,13,53,4,4,7,7,6,6,7,7,4,4,4,4,5,5,6,6,4,16,8,8,5,17,8,8,9,9,10,10,11,11,9,9,8,8,4,16,11,11,8,8,13,19,11,11,4,16,11,11,13,19,9,9,19,29,9,9,13,19,16,22,14,20,20,41,23,40,20,41,14,20,14,20,15,21,23,40,23,40,15,21,25,45,25,45,15,21,3,3,3,3,27,42,25,45,12,18,27,42,3,3,2,2,12,18,3,3,12,18,2,2,10,15,8,14,10,15,2,2,3,3,15,21,14,20,14,20,0,0,3,3,2,2,3,3,0,0,0,0,1,1,2,2,2,2,1,1,8,14,8,14,1,1,5,13,6,12,5,13,1,1,1,1,0,0,6,12,16,22,6,12,0,0,0,0,14,20,16,22,39,84,26,85,28,79,28,79,36,78,39,84,36,78,28,79,37,80,28,79,29,81,37,80,38,83,37,80,29,81,29,81,31,82,38,83,19,49,13,51,30,50,29,48,19,49,30,50,29,48,30,50,31,61,31,61,30,50,32,62]}}}},"images":{"monsterscolour_1":"characters/textures/monsterscolour.dds"},"materials":{"monstercolour":{"effect":"monstercolour"}},"nodes":{"wall_01":{"geometryinstances":{"wall_01Mesh":{"geometry":"wall_01Mesh","material":"monstercolour","surface":"monstercolour"}},"matrix":[0.01,0,0,0,0.01,0,0,0,0.01,0.063886,-0.000126,0.052133]}},"version":1}
