{"effects":{"monstercolour":{"meta":{"normals":true},"parameters":{"diffuse":"monsterscolour_1","reflectivity":0.5,"shininess":300},"type":"phong"}},"geometries":{"wall_02Mesh":{"inputs":{"NORMAL":{"offset":0,"source":"wall_02-Normal0"},"POSITION":{"offset":0,"source":"wall_02-POSITION"},"TEXCOORD0":{"offset":1,"source":"wall_02-UV0"}},"meta":{"graphics":true},"sources":{"wall_02-Normal0":{"data":[0.183444,-0.975641,0.120304,-0.176566,-0.967347,0.181834,-0.223877,-0.965781,-0.130947,0.120304,-0.975641,-0.183444,0.369845,0.47603,0.797878,0.103447,0.487094,0.867201,0.068346,0.04579,0.99661,0.362858,0.044452,0.930783,-0.71272,0.568891,0.410358,-0.986734,0.050012,0.154448,-0.905097,-0.093807,0.414727,-0.839173,0.543553,-0.018391,0.804877,0.439533,-0.398728,0.887712,0.440266,-0.13466,0.994689,-0.086627,-0.05559,0.931682,-0.088887,-0.352232,0.059067,0.982569,-0.176267,0.230394,0.94715,-0.223216,0.175628,0.903764,-0.390339,0.004301,0.939183,-0.34339,-0.086562,0.389699,-0.916865,-0.059039,-0.171668,-0.983384,-0.423167,-0.159821,-0.891845,-0.412054,0.395923,-0.820643],"max":[0.994689,0.982569,0.99661],"min":[-0.986734,-0.975641,-0.983384],"stride":3},"wall_02-POSITION":{"data":[41.8713,-42.515,27.4596,-27.4596,-42.515,41.8713,-41.8713,-42.515,-27.4596,27.4596,-42.515,-41.8713,37.3334,16.4764,23.1767,-13.3329,26.9508,37.061,-24.3718,-27.343,56.7258,44.9591,-27.343,42.3141,-27.6585,26.446,29.4466,-59.8841,-10.6771,-3.98258,-42.3141,-27.343,44.9591,-43.8545,13.6156,-19.9764,28.5229,-1.34704,-39.8102,44.7189,11.4833,9.61281,56.7258,-27.343,24.3718,42.3141,-27.343,-44.9591,-16.0344,30.3792,24.6163,34.6319,19.9049,10.7321,18.436,7.07454,-38.691,-32.2304,17.5489,-24.8067,14.1973,-1.85183,-47.4246,24.3718,-27.343,-56.7258,-44.9591,-27.343,-42.3141,-36.469,8.62249,-33.5403],"max":[56.7258,30.3792,56.7258],"min":[-59.8841,-42.515,-56.7258],"stride":3},"wall_02-UV0":{"data":[0.407726,0.439426,0.41563,0.401406,0.377609,0.393502,0.369706,0.431523,0.448639,0.44339,0.454383,0.415605,0.424609,0.409552,0.424609,0.447572,0.491958,0.390683,0.4716,0.37235,0.46246,0.39919,0.484922,0.36358,0.441682,0.396366,0.448719,0.369263,0.427427,0.361169,0.427427,0.39919,0.376831,0.376277,0.404615,0.368663,0.395734,0.34156,0.367949,0.349174,0.412644,0.367683,0.426623,0.373262,0.426623,0.335242,0.4069,0.339898,0.390484,0.383624,0.417323,0.393259,0.423776,0.403099,0.415873,0.441119,0.454106,0.407749,0.424609,0.399712,0.406033,0.447572,0.368013,0.439669,0.451457,0.361825,0.427427,0.35133,0.361574,0.351823,0.370456,0.378926,0.378312,0.383102,0.406097,0.375488,0.453337,0.368649,0.446301,0.395752,0.482183,0.356141,0.46246,0.35133,0.393409,0.336771,0.365624,0.344385,0.412367,0.375539,0.426623,0.383102,0.36156,0.429829,0.369463,0.391809,0.401265,0.340946,0.45414,0.359476],"max":[0.491958,0.447572],"min":[0.36156,0.335242],"stride":2}},"surfaces":{"monstercolour":{"numPrimitives":44,"triangles":[12,12,18,39,17,38,14,14,15,15,12,12,12,12,13,13,14,14,17,38,13,13,12,12,17,38,4,32,13,13,14,14,13,13,4,32,4,32,7,33,14,14,20,42,18,18,12,48,16,16,19,19,11,34,11,34,8,35,16,16,8,35,5,36,16,16,16,16,5,36,4,37,16,16,4,37,17,17,16,16,17,17,18,18,18,18,19,19,16,16,19,19,18,18,20,42,20,42,23,43,19,19,11,34,19,19,23,43,12,44,15,45,21,21,21,21,20,20,12,44,20,20,21,21,22,22,22,22,23,23,20,20,9,9,22,41,2,49,23,40,22,41,9,9,9,9,11,11,23,40,11,11,9,9,8,8,8,8,9,9,10,10,8,28,10,29,6,6,6,6,5,5,8,28,4,4,5,5,6,6,6,6,7,7,4,4,21,46,2,2,22,47,2,2,21,46,3,3,3,3,21,46,15,31,3,3,15,31,14,30,3,3,14,30,0,0,14,30,7,27,0,0,6,26,0,0,7,27,0,0,6,26,1,1,1,1,6,26,10,25,9,24,1,1,10,25,1,1,9,24,2,2,0,0,1,1,2,2,2,2,3,3,0,0]}}}},"images":{"monsterscolour_1":"characters/textures/monsterscolour.dds"},"materials":{"monstercolour":{"effect":"monstercolour"}},"nodes":{"wall_02":{"geometryinstances":{"wall_02Mesh":{"geometry":"wall_02Mesh","material":"monstercolour","surface":"monstercolour"}},"matrix":[0.008881,0,0.002875,0,0.009335,0,-0.002875,0,0.008881,0.014025,-0.103063,0.00454]}},"version":1}
