{"effects":{"haloglowpurple_emissive_alphatest_uvtransform_alpha_nocull":{"meta":{"transparent":true},"parameters":{"diffuse":"materialhaloglow3_materialSwatches1_rockprop_01_b_file5"},"type":"blend"}},"geometries":{"wallshellMesh":{"inputs":{"NORMAL":{"offset":2,"source":"wallshell-Normal0"},"POSITION":{"offset":0,"source":"wallshell-POSITION"},"TEXCOORD0":{"offset":1,"source":"wallshell-UV0"}},"meta":{"graphics":true},"sources":{"wallshell-Normal0":{"data":[0.992271,-0.119982,-0.031666,0.990862,-0.112214,0.074842,0.977341,-0.200154,0.068873,0.978996,-0.202498,-0.023692,-0.052135,-0.191431,0.98012,0.040251,-0.190504,0.980861,0.042553,-0.103768,0.993691,-0.061664,-0.193244,0.979211,-0.033085,-0.244647,-0.969048,0.068683,-0.241503,-0.967966,-0.025273,-0.243125,-0.969666,0.077105,-0.15012,-0.985657,-0.048095,0.997292,-0.05563,-0.971309,-0.23233,-0.050801,-0.972125,-0.230496,0.042957,-0.971167,-0.232122,0.054345,-0.969996,-0.234844,-0.062889,-0.54481,0.699925,0.461831,-0.065531,0.599413,0.797753,0.467659,0.737275,0.487566,0.490159,0.696164,-0.5245,-0.023701,0.541085,-0.840634,-0.516928,0.660016,-0.545127,-0.837866,0.544769,-0.034746,-0.83665,0.543643,-0.066845],"max":[0.992271,0.997292,0.993691],"min":[-0.972125,-0.244647,-0.985657],"stride":3},"wallshell-POSITION":{"data":[16.0318,26.0854,-14.5273,15.3259,27.6513,14.1556,10.1587,-1.13211,9.14297,10.1587,-1.13211,-9.14297,-9.14297,-1.13211,10.1587,9.14297,-1.13211,10.1587,13.6931,27.6594,15.7118,-14.9943,26.2387,15.0433,-14.21,24.4988,-16.8262,9.14297,-1.13211,-10.1587,-9.14297,-1.13211,-10.1587,14.4775,25.9196,-16.1578,-14.3027,26.8741,-15.2948,-15.0086,28.44,13.3881,13.6789,29.8607,14.0566,14.3848,28.2948,-14.6263,-10.1587,-1.13211,-9.14297,-10.1587,-1.13211,9.14297,-16.5487,26.0728,13.4129,-15.8428,24.507,-15.27],"max":[16.0318,29.8607,15.7118],"min":[-16.5487,-1.13211,-16.8262],"stride":3},"wallshell-UV0":{"data":[0.593251,0.69898,0.574612,0.698272,0.57692,0.719882,0.590592,0.719882,0.598615,0.719882,0.612287,0.719882,0.614324,0.698269,0.595682,0.698911,0.612822,0.695324,0.628918,0.67514,0.615245,0.67514,0.631464,0.695966,0.592674,0.657271,0.574035,0.656812,0.573601,0.675454,0.59224,0.675913,0.595907,0.697041,0.609579,0.697041,0.611405,0.676145,0.592766,0.676853,0.573601,0.698269,0.576161,0.719882,0.591352,0.719882,0.594311,0.699056,0.595673,0.697915,0.614315,0.697273,0.593316,0.697981,0.574677,0.697273,0.612762,0.696398,0.631404,0.697041,0.594672,0.698986,0.597855,0.719882,0.574019,0.655811,0.592658,0.65627,0.614486,0.67514,0.611761,0.695327],"max":[0.631464,0.719882],"min":[0.573601,0.655811],"stride":2}},"surfaces":{"haloglowpurple_emissive_alphatest_uvtransform_alpha_nocull":{"numPrimitives":30,"triangles":[12,12,12,13,13,12,14,14,12,14,14,12,15,15,12,12,12,12,8,8,8,11,11,11,9,9,9,8,8,8,9,9,9,10,10,10,8,8,8,10,10,10,16,34,13,16,34,13,19,35,16,8,8,8,19,35,24,12,28,22,8,8,21,11,11,11,8,8,21,12,28,22,12,28,22,15,29,20,11,11,11,6,20,6,5,21,5,2,2,2,2,2,2,1,1,1,6,20,6,6,20,6,1,1,1,14,27,19,15,26,20,14,27,19,1,1,1,1,1,1,0,0,0,15,26,20,15,26,20,0,0,0,11,23,11,9,22,9,11,23,11,0,0,0,0,0,0,3,3,3,9,22,9,2,2,2,3,3,3,0,0,0,0,0,0,1,1,1,2,2,2,4,4,4,5,5,5,6,6,6,6,6,6,7,7,7,4,4,4,4,4,4,7,7,7,18,30,15,18,30,15,17,31,14,4,4,4,13,24,17,6,6,6,14,25,19,6,6,6,13,24,17,7,7,18,7,7,18,13,24,17,18,30,23,12,12,22,19,33,24,18,32,23,12,12,22,18,32,23,13,13,17,16,16,13,17,17,14,18,18,15,18,18,15,19,19,16,16,16,13]}}}},"images":{"materialhaloglow3_materialSwatches1_rockprop_01_b_file5":"environment/textures/haloglowpurple.dds"},"materials":{"haloglowpurple_emissive_alphatest_uvtransform_alpha_nocull":{"effect":"haloglowpurple_emissive_alphatest_uvtransform_alpha_nocull"}},"nodes":{"wallshell":{"geometryinstances":{"wallshellMesh":{"geometry":"wallshellMesh","material":"haloglowpurple_emissive_alphatest_uvtransform_alpha_nocull","surface":"haloglowpurple_emissive_alphatest_uvtransform_alpha_nocull"}},"matrix":[0.01,0,0,0,0.01,0,0,0,0.01,0,0,0]}},"version":1}
