{"effects":{"monstercolour":{"meta":{"normals":true},"parameters":{"diffuse":"monsterscolour_1","reflectivity":0.5,"shininess":300},"type":"phong"}},"geometries":{"wall_03Mesh":{"inputs":{"NORMAL":{"offset":0,"source":"wall_03-Normal0"},"POSITION":{"offset":0,"source":"wall_03-POSITION"},"TEXCOORD0":{"offset":1,"source":"wall_03-UV0"}},"meta":{"graphics":true},"sources":{"wall_03-Normal0":{"data":[0.364136,0.495453,0.788627,0.126948,0.525219,0.841445,0.083554,0.022836,0.996242,0.350584,0.056404,0.934831,0.796666,0.455925,-0.396808,0.884062,0.449636,-0.12752,0.994689,-0.086627,-0.05559,0.931682,-0.088886,-0.352232,0.183083,-0.976797,0.111125,-0.204159,-0.967535,0.148983,-0.530097,0.598676,0.600486,-0.804525,-0.112936,0.583082,0.488045,0.860959,-0.143396,-0.1474,0.989074,-0.0024,0.346879,0.718989,-0.60227,0.129234,-0.977899,-0.164352,-0.20927,-0.976156,-0.057668,-0.941018,-0.066998,0.331659,-0.722538,0.635949,0.271125,0.042204,-0.291093,-0.955763,0.067679,0.454619,-0.888111,-0.083106,-0.415626,-0.905731,-0.999027,-0.036219,0.025147,-0.764972,-0.232367,-0.600686,-0.738237,-0.674071,0.025182,-0.027194,0.986595,0.160908,0.50334,0.858783,0.0956,0.338701,0.837686,-0.428443,-0.179169,0.933444,-0.310774,0.047036,0.46502,-0.88405,-0.205358,0.930322,-0.303858,-0.837966,0.545319,-0.02096,-0.71322,0.047968,-0.699297,0.064204,0.993983,-0.088747,-0.16898,0.021806,-0.985378,-0.333996,-0.335987,-0.880658,-0.40582,0.708989,-0.576754,-0.122972,0.974962,0.185274,0.723478,0.690012,-0.021509,0.268698,0.47888,-0.835748],"max":[0.994689,0.993983,0.996242],"min":[-0.999027,-0.977899,-0.985378],"stride":3},"wall_03-POSITION":{"data":[37.3335,16.4764,23.1767,-0.921288,26.9508,31.0526,-11.9602,-27.343,50.7175,44.9592,-27.343,42.3141,28.523,-1.34703,-39.8102,44.7189,11.4833,9.61281,56.7259,-27.343,24.3718,42.3141,-27.343,-44.9591,41.8714,-42.515,27.4596,-27.4596,-42.515,41.8713,-27.6585,26.446,29.4466,-42.3141,-27.343,44.9591,28.9402,19.9049,6.56793,-11.603,30.3792,19.8182,18.436,7.07455,-38.691,27.4596,-42.515,-41.8713,-41.8713,-42.515,-27.4596,-59.8841,-10.6771,-3.9826,-51.1499,13.6157,-11.3567,24.3718,-27.343,-56.7258,14.1973,-1.85182,-47.4246,-26.122,-27.343,-50.9229,-66.1521,-11.2957,-20.8335,-57.8163,-20.6462,-36.7892,-41.8713,-42.515,-27.4596,2.11826,32.7102,-6.03796,15.2771,30.9564,-5.91455,15.5367,31.8922,-26.6156,-8.69509,33.646,-19.9877,-20.2637,5.56209,-45.9393,-32.2303,17.5489,-24.8067,-58.245,15.7568,-26.9545,-54.2311,15.7348,-47.4832,-45.9642,18.7489,-40.2462,-34.5196,8.62251,-56.8577,-44.9591,-27.343,-42.3141,-23.9733,26.8823,-23.9972,-3.50887,30.5326,7.31859,21.9408,24.6519,-0.055254,15.6234,21.0016,-36.654],"max":[56.7259,33.646,50.7175],"min":[-66.1521,-42.515,-56.8577],"stride":3},"wall_03-UV0":{"data":[0.448639,0.44339,0.454383,0.415605,0.424609,0.409552,0.424609,0.447572,0.441682,0.396366,0.448719,0.369263,0.427427,0.361169,0.427427,0.39919,0.407726,0.439426,0.423776,0.403099,0.41563,0.401406,0.415873,0.441119,0.454106,0.407749,0.424609,0.399712,0.451457,0.361825,0.427427,0.35133,0.378312,0.383102,0.406097,0.375488,0.404615,0.368663,0.376831,0.376277,0.453337,0.368649,0.446301,0.395752,0.417323,0.393259,0.406033,0.447572,0.370456,0.378926,0.369706,0.431523,0.377609,0.393502,0.491958,0.390683,0.4716,0.37235,0.46246,0.39919,0.484922,0.36358,0.390484,0.383624,0.368013,0.439669,0.426623,0.383102,0.426623,0.373262,0.412367,0.375539,0.412644,0.367683,0.367534,0.401089,0.36156,0.429829,0.393409,0.336771,0.395734,0.34156,0.401265,0.340946,0.46246,0.35133,0.45414,0.359476,0.367949,0.349174,0.426623,0.344522,0.408578,0.348016,0.361574,0.351823,0.482183,0.356141,0.373743,0.34216,0.365624,0.344385,0.369463,0.391809,0.426623,0.335242,0.4069,0.339898],"max":[0.491958,0.447572],"min":[0.36156,0.335242],"stride":2}},"surfaces":{"monstercolour":{"numPrimitives":76,"triangles":[1,16,0,17,12,18,12,18,13,19,1,16,10,24,1,16,13,19,18,47,10,24,13,19,30,44,18,47,13,19,31,47,18,47,30,44,33,44,31,47,30,44,31,47,33,44,32,50,34,50,32,50,33,44,33,44,30,44,34,50,29,49,34,50,30,44,14,40,29,49,30,44,14,40,20,39,29,49,20,39,14,40,4,41,38,18,12,18,14,40,14,40,39,40,38,18,39,40,27,40,38,18,28,44,27,40,39,40,36,44,28,44,39,40,36,44,39,40,14,40,14,40,30,44,36,44,36,44,30,44,13,19,13,19,37,19,36,44,28,44,36,44,37,19,37,19,25,19,28,44,27,40,28,44,25,19,25,19,26,18,27,40,27,40,26,18,38,18,37,19,38,18,26,18,12,18,38,18,37,19,37,19,13,19,12,18,26,18,25,19,37,19,6,6,7,7,4,4,4,4,5,5,6,6,4,4,12,20,5,5,12,20,0,14,5,5,6,6,5,5,0,14,0,14,3,15,6,6,4,4,14,21,12,20,10,27,17,28,11,29,18,30,17,28,10,27,22,28,17,28,18,30,18,30,31,30,22,28,22,28,31,30,32,48,32,48,23,42,22,28,23,42,32,48,34,48,34,48,35,42,23,42,24,43,23,42,35,42,35,42,16,43,24,43,22,28,24,43,16,43,16,43,17,28,22,28,22,28,23,42,24,43,15,25,19,38,7,32,21,37,19,38,15,25,15,25,16,26,21,37,16,26,35,51,21,37,9,10,15,25,8,8,16,26,15,25,9,10,9,10,17,31,16,26,17,31,9,10,11,22,9,10,2,9,11,22,8,8,2,9,9,10,2,9,8,8,3,11,6,23,3,11,8,8,6,23,8,8,15,25,15,25,7,32,6,23,2,2,3,3,0,0,0,0,1,1,2,2,2,2,1,1,10,12,10,12,11,13,2,2,7,33,19,34,4,35,20,36,4,35,19,34,21,45,20,36,19,34,29,46,20,36,21,45,34,53,29,46,21,45,21,45,35,52,34,53]}}}},"images":{"monsterscolour_1":"characters/textures/monsterscolour.dds"},"materials":{"monstercolour":{"effect":"monstercolour"}},"nodes":{"wall_03":{"geometryinstances":{"wall_03Mesh":{"geometry":"wall_03Mesh","material":"monstercolour","surface":"monstercolour"}},"matrix":[0.004005,0,-0.008274,0,0.013126,0,0.008274,0,0.004005,0.04428,0.058208,-0.0267]}},"version":1}
