{"effects":{"wall01_default":{"meta":{"normals":true},"parameters":{"diffuse":"tree_01_split1_file5","reflectivity":0.5,"shininess":300},"type":"phong"},"wall01_shiny":{"meta":{"normals":true},"parameters":{"diffuse":"tree_01_split2_pasted__file5","reflectivity":0.5,"shininess":6.31179},"type":"phong"}},"geometries":{"wall_03Mesh":{"inputs":{"NORMAL":{"offset":2,"source":"wall_03-Normal0"},"POSITION":{"offset":0,"source":"wall_03-POSITION"},"TEXCOORD0":{"offset":1,"source":"wall_03-UV0"}},"meta":{"graphics":true},"sources":{"wall_03-Normal0":{"data":[0.021791,-0.159978,0.98688,0.032348,-0.161517,0.98634,-0.084686,-0.085542,0.992729,-0.074909,-0.157355,0.984697,-0.997869,-0.062683,0.018107,-0.987921,-0.132939,-0.079614,-0.990921,-0.133469,0.016162,-0.993544,-0.061783,-0.095149,0.982884,-0.183682,-0.014105,0.978593,-0.184022,0.092153,0.979657,-0.182884,0.082615,0.982888,-0.183671,-0.014017,-0.063307,0.997877,-0.015294,0.086873,-0.163232,-0.982756,-0.010148,-0.161684,-0.98679,-0.007891,-0.091164,-0.995805,0.107217,-0.166265,-0.980235,-0.435291,0.781259,-0.447389,-0.486022,0.790606,0.372458,0.332226,0.843284,0.42249,-0.075623,0.714416,0.695623,0.660311,0.750741,0.019421,0.658723,0.751034,0.045078,0.382958,0.833937,-0.397356,0.011707,0.698326,-0.715684],"max":[0.982888,0.997877,0.992729],"min":[-0.997869,-0.184022,-0.995805],"stride":3},"wall_03-POSITION":{"data":[32.975,0,36.6384,44.4752,89.1918,52.6744,-45.1732,83.4204,47.1928,-32.975,0,36.6384,-49.8443,83.0429,41.8987,-36.6384,0,-32.975,-36.6384,0,32.975,-44.2861,82.0188,-47.9247,55.322,88.4315,-41.8341,49.7638,89.4556,47.9893,36.6384,0,32.975,36.6384,0,-32.975,44.4674,94.1239,47.6083,-39.6227,87.3283,-47.6966,-45.1809,88.3524,42.1267,50.0256,93.0998,-42.215,32.975,0,-36.6384,-32.975,0,-36.6384,-38.9974,82.2825,-52.6098,50.6509,88.054,-47.1282],"max":[55.322,94.1239,52.6744],"min":[-49.8443,0,-52.6098],"stride":3},"wall_03-UV0":{"data":[0.998542,1.18605,1.09045,0.789814,0.689615,0.737718,0.702551,1.17524,0.634232,0.754797,0.296318,1.19581,0.645039,1.17729,0.300678,0.728956,0.334778,0.26479,0.6727,0.29745,0.741219,-0.108241,0.391483,-0.174428,0.665669,0.344633,0.304594,0.680878,0.639824,0.709284,0.327638,0.311133,-0.086051,1.19581,0.227089,1.18901,0.244593,0.700226,-0.180047,0.749052,0.722639,0.32904,0.801512,-0.098546,0.275787,0.28054,0.33127,-0.185902],"max":[1.09045,1.19581],"min":[-0.180047,-0.185902],"stride":2}},"surfaces":{"wall01_default":{"numPrimitives":10,"triangles":[0,0,0,1,1,1,2,2,2,2,2,2,3,3,3,0,0,0,15,15,12,13,13,12,12,12,12,12,12,12,13,13,12,14,14,12,7,7,7,5,5,5,4,4,4,4,4,4,5,5,5,6,6,6,8,8,8,9,9,9,10,10,10,10,10,10,11,11,11,8,8,8,16,16,13,17,17,14,18,18,15,18,18,15,19,19,16,16,16,13]},"wall01_shiny":{"numPrimitives":20,"triangles":[10,10,10,9,9,9,1,20,1,1,20,1,0,21,0,10,10,10,15,15,23,18,18,15,13,13,17,7,7,7,13,13,17,18,18,15,13,13,17,7,7,7,4,4,4,13,13,17,4,4,4,14,14,18,18,18,15,17,17,14,5,5,5,5,5,5,7,7,7,18,18,15,4,4,4,6,6,6,3,3,3,3,3,3,2,2,2,4,4,4,4,4,4,2,2,2,14,14,18,12,12,19,14,14,18,2,2,2,2,2,2,1,20,20,12,12,19,12,12,19,1,20,20,9,9,22,8,8,21,12,12,19,9,9,22,8,8,21,15,15,23,12,12,19,19,22,24,15,15,23,8,8,21,18,18,15,15,15,23,19,22,24,16,23,13,19,22,16,8,8,8,8,8,8,11,11,11,16,23,13]}}}},"images":{"tree_01_split1_file5":"environment/textures/rock01_tile.dds","tree_01_split2_pasted__file5":"environment/textures/rock01_tile.dds"},"materials":{"wall01_default":{"effect":"wall01_default"},"wall01_shiny":{"effect":"wall01_shiny"}},"nodes":{"wall_03":{"geometryinstances":{"wall_03Mesh-wall01_default":{"geometry":"wall_03Mesh","material":"wall01_default","surface":"wall01_default"},"wall_03Mesh-wall01_shiny":{"geometry":"wall_03Mesh","material":"wall01_shiny","surface":"wall01_shiny"}},"matrix":[0.01,0,0,0,0.01,0,0,0,0.01,0,0,0]}},"version":1}
