{"effects":{"wall01_default":{"meta":{"normals":true},"parameters":{"diffuse":"tree_01_split1_file5","reflectivity":0.5,"shininess":300},"type":"phong"},"wall01_shiny":{"meta":{"normals":true},"parameters":{"diffuse":"tree_01_split2_pasted__file5","reflectivity":0.5,"shininess":6.31179},"type":"phong"}},"geometries":{"wall_02Mesh":{"inputs":{"NORMAL":{"offset":2,"source":"wall_02-Normal0"},"POSITION":{"offset":0,"source":"wall_02-POSITION"},"TEXCOORD0":{"offset":1,"source":"wall_02-UV0"}},"meta":{"graphics":true},"sources":{"wall_02-Normal0":{"data":[0.995202,-0.085687,-0.047223,0.994847,-0.078728,0.063882,0.987494,-0.145906,0.059718,0.988239,-0.148093,-0.038105,-0.055868,-0.117642,0.991483,0.040278,-0.118063,0.992189,0.044812,-0.052797,0.997599,-0.064984,-0.118608,0.990812,0.05259,-0.107217,-0.992844,0.045474,-0.170426,-0.984321,-0.052904,-0.170341,-0.983964,-0.065571,-0.171792,-0.982949,0.05603,0.994052,-0.093387,-0.988863,-0.143143,-0.040734,-0.989029,-0.142744,-0.038021,-0.988344,-0.140257,0.059192,-0.987669,-0.140967,0.0681,-0.36448,0.870488,0.330764,0.026782,0.769692,0.637853,0.455697,0.824663,0.335069,0.455697,0.747828,-0.482798,0.026782,0.637426,-0.770046,-0.36448,0.793653,-0.487103,-0.666321,0.741083,-0.082532,-0.666321,0.743488,-0.056937],"max":[0.995202,0.994052,0.997599],"min":[-0.989029,-0.171792,-0.992844],"stride":3},"wall_02-POSITION":{"data":[49.7814,87.9389,-46.4303,49.7814,96.357,43.1762,36.6384,0,32.975,36.6384,0,-32.975,-32.975,0,36.6384,32.975,0,36.6384,44.7897,97.1035,48.1276,-45.0699,102.124,47.6559,44.7897,87.7502,-51.4341,32.975,0,-36.6384,-32.975,0,-36.6384,-45.0699,92.7708,-51.9057,45.0699,101.606,42.6831,45.0699,93.1875,-46.9234,-44.7897,106.626,42.2114,-44.7897,98.2082,-47.395,-50.0615,93.5173,-46.9543,-36.6384,0,-32.975,-36.6384,0,32.975,-50.0615,101.935,42.6521],"max":[49.7814,106.626,48.1276],"min":[-50.0615,0,-51.9057],"stride":3},"wall_02-UV0":{"data":[1.09045,0.789814,0.689615,0.737718,0.702551,1.17524,0.998542,1.18605,0.296318,1.19581,0.645039,1.17729,0.634232,0.754797,0.300678,0.728956,0.6727,0.29745,0.741219,-0.108241,0.391483,-0.174428,0.334778,0.26479,0.639824,0.709284,0.665669,0.344633,0.304594,0.680878,0.327638,0.311133,-0.180047,0.749052,-0.086051,1.19581,0.227089,1.18901,0.244593,0.700226,0.722639,0.32904,0.801512,-0.098546,0.275787,0.28054,0.33127,-0.185902],"max":[1.09045,1.19581],"min":[-0.180047,-0.185902],"stride":2}},"surfaces":{"wall01_default":{"numPrimitives":10,"triangles":[0,0,0,1,1,1,2,2,2,2,2,2,3,3,3,0,0,0,12,12,12,13,13,12,14,14,12,13,13,12,15,15,12,14,14,12,4,4,4,5,5,5,6,6,6,6,6,6,7,7,7,4,4,4,8,8,8,9,9,9,10,10,10,10,10,10,11,11,11,8,8,8,16,16,13,17,17,14,18,18,15,18,18,15,19,19,16,16,16,13]},"wall01_shiny":{"numPrimitives":20,"triangles":[7,7,7,19,19,16,18,18,15,18,18,15,4,4,4,7,7,7,16,22,23,19,19,24,14,14,17,7,7,18,14,14,17,19,19,24,14,14,17,7,7,18,6,6,6,6,6,6,12,12,19,14,14,17,6,6,6,5,5,5,2,2,2,2,2,2,1,1,1,6,6,6,6,6,6,1,1,1,12,12,19,0,20,0,12,12,19,1,1,1,0,20,0,13,13,20,12,12,19,13,13,20,0,20,0,8,8,8,11,11,21,13,13,20,8,8,8,13,13,20,11,11,21,15,15,22,16,22,23,15,15,22,11,11,21,14,14,17,15,15,22,16,22,23,0,20,0,3,21,3,9,9,9,9,9,9,8,8,8,0,20,0,16,22,13,10,10,10,17,23,14,10,10,10,16,22,13,11,11,11]}}}},"images":{"tree_01_split1_file5":"environment/textures/rock01_tile.dds","tree_01_split2_pasted__file5":"environment/textures/rock01_tile.dds"},"materials":{"wall01_default":{"effect":"wall01_default"},"wall01_shiny":{"effect":"wall01_shiny"}},"nodes":{"wall_02":{"geometryinstances":{"wall_02Mesh-wall01_default":{"geometry":"wall_02Mesh","material":"wall01_default","surface":"wall01_default"},"wall_02Mesh-wall01_shiny":{"geometry":"wall_02Mesh","material":"wall01_shiny","surface":"wall01_shiny"}},"matrix":[0.01,0,0,0,0.01,0,0,0,0.01,0,0,0]}},"version":1}
