{"effects":{"monstercolour":{"meta":{"normals":true},"parameters":{"diffuse":"monsterscolour_1","reflectivity":0.5,"shininess":300},"type":"phong"}},"geometries":{"workshop_wallMesh":{"inputs":{"NORMAL":{"offset":0,"source":"workshop_wall-Normal0"},"POSITION":{"offset":0,"source":"workshop_wall-POSITION"},"TEXCOORD0":{"offset":1,"source":"workshop_wall-UV0"}},"meta":{"graphics":true},"sources":{"workshop_wall-Normal0":{"data":[0.194976,0.168503,0.966225,0.132278,0.362382,0.922595,-0.146436,0.321154,0.935637,-0.150182,0.181855,0.971789,0.917533,0.362391,-0.163723,0.923641,0.369996,0.099954,0.975442,0.15559,0.155896,0.971676,0.156516,-0.177053,-0.131503,0.987578,0.086001,-0.434894,0.87656,-0.206178,-0.428205,0.89819,0.099474,-0.138053,0.965705,-0.219898,-0.933578,0.326447,0.147866,0.069355,0.339552,-0.938027,0.160484,-0.132811,0.978063,-0.143616,-0.142889,0.979264,0.981007,-0.124744,0.148543,0.980711,-0.12506,-0.150221,-0.938264,0.324599,-0.119569,-0.214368,0.317747,-0.923625,0.164304,-0.97263,0.164304,-0.10219,-0.994636,0.01604,0.016165,-0.995722,-0.090973,-0.112762,-0.977936,0.175859,0.178298,-0.978722,-0.101552,-0.981592,-0.047626,0.184955,-0.982014,-0.010632,0.188508,-0.94646,0.259074,0.192597,-0.865967,0.459885,0.196487,0.106566,0.430952,-0.89606,0.174299,0.184596,-0.967235,0.098142,-0.071358,-0.992611,0.199754,-0.063895,-0.977761,-0.905756,-0.108516,-0.409671,-0.371439,-0.118654,-0.920844,-0.401806,-0.788439,-0.465743,-0.730185,0.663779,-0.161948,-0.213117,0.651416,-0.728175,0.438582,0.022907,-0.898399,-0.842573,0.034892,0.537451,-0.602848,-0.780458,0.165709,0.00709,-0.999939,0.008478,0.094422,-0.772397,-0.628082],"max":[0.981007,0.987578,0.979264],"min":[-0.982014,-0.999939,-0.992611],"stride":3},"workshop_wall-POSITION":{"data":[31.2745,10.2705,42.8824,28.2371,47.8233,37.0819,-22.643,31.8852,39.4336,-28.1922,1.85158,44.1782,37.5203,45.917,-27.8136,38.8529,49.641,25.2162,43.8582,11.6347,29.61,43.1239,9.58282,-31.0411,24.6516,57.251,25.0387,-27.5612,38.2471,-25.6394,-26.2286,41.9711,27.3904,23.3189,53.527,-27.9911,-33.8299,27.8135,28.5756,26.3334,41.8454,-38.6716,35.0015,-35.0015,50,-35.0015,-35.0015,50,50,-35.0015,35.0015,50,-35.0015,-35.0015,-35.1626,24.0895,-24.4542,-24.5468,26.5654,-36.3199,35.0015,-50,35.0015,-35.0015,-50,-7.66736,-4.55759,-50,-35.0015,-35.0015,-50,35.0015,35.0015,-50,-35.0015,-50,-35.0015,35.0015,-50,-35.0015,-8.5145,-41.0906,-0.391827,31.461,-41.8249,-2.44366,-29.1901,-29.2412,-1.07948,-42.4626,30.2256,7.33942,-43.7583,-0.878113,-35.0015,-50,35.0015,-35.0015,-50,-62.7772,-28.5904,-43.7867,-45.8678,-28.6802,-60.4266,-45.7233,-50.2526,-43.7611,-55.7701,10.2728,-39.2167,-41.2833,11.4586,-53.9705,-16.2179,-29.0659,-59.8005,-62.0436,-28.8876,-20.5077,-49.319,-50.2526,-19.8768,-35.0015,-50,-35.0015,-19.0117,-50.2526,-47.288],"max":[50,57.251,50],"min":[-62.7772,-50.2526,-60.4266],"stride":3},"workshop_wall-UV0":{"data":[0.577178,0.646696,0.575857,0.630659,0.553742,0.637301,0.551329,0.650356,0.61346,0.631202,0.59041,0.629583,0.5885,0.646103,0.614863,0.646995,0.542873,0.585783,0.564901,0.563088,0.54185,0.563668,0.565923,0.585204,0.582647,0.646103,0.580472,0.629583,0.574299,0.626275,0.552183,0.632917,0.565846,0.591377,0.542795,0.591956,0.548879,0.639071,0.570565,0.586515,0.578798,0.666374,0.54837,0.666374,0.585317,0.666374,0.586156,0.666374,0.616584,0.666374,0.656149,0.625817,0.654531,0.602766,0.648377,0.603282,0.649995,0.626332,0.569543,0.564399,0.649453,0.598124,0.615359,0.584338,0.584931,0.602885,0.598163,0.614766,0.584931,0.584338,0.615359,0.614766,0.616172,0.610578,0.616172,0.629125,0.622692,0.629125,0.622692,0.61021,0.54837,0.672894,0.578798,0.672894,0.545723,0.651331,0.586156,0.672894,0.616584,0.672894,0.54185,0.666374,0.637735,0.627586,0.636844,0.601223,0.550079,0.607159,0.552119,0.619176,0.575927,0.610819,0.574235,0.625817,0.637437,0.595454,0.61818,0.632972,0.620391,0.64797,0.599763,0.621285,0.615359,0.621285,0.625479,0.594878,0.62544,0.587646,0.616063,0.594889,0.623104,0.666374,0.562407,0.592414,0.578003,0.592414,0.611839,0.563642,0.594947,0.566688,0.594431,0.572984,0.611879,0.570992,0.612046,0.58388,0.614758,0.566858,0.612771,0.583751,0.62289,0.58388,0.616063,0.605271,0.625349,0.604997,0.584931,0.614766,0.580207,0.625817,0.593095,0.625545,0.591881,0.620106,0.58027,0.618573,0.58474,0.56002,0.580382,0.566081,0.591153,0.566317,0.586151,0.571551,0.589427,0.58388,0.593687,0.577212,0.576608,0.557293,0.571395,0.562528,0.578707,0.608192],"max":[0.656149,0.672894],"min":[0.54185,0.557293],"stride":2}},"surfaces":{"monstercolour":{"numPrimitives":82,"triangles":[36,68,33,69,39,70,33,63,36,64,37,65,37,65,34,66,33,63,38,67,34,66,37,65,42,76,22,33,41,73,22,33,24,35,20,31,20,31,21,32,22,33,21,32,41,73,22,33,21,32,40,86,41,73,35,77,41,73,40,86,41,73,35,77,42,76,42,76,35,77,34,74,34,74,38,75,42,76,22,33,42,76,38,75,38,75,31,55,22,33,24,35,22,33,31,55,31,55,32,56,24,35,23,34,21,32,20,31,19,30,29,52,28,47,21,36,23,37,25,38,25,38,26,39,21,36,26,39,25,38,27,46,27,46,28,47,26,39,18,27,28,47,27,46,28,47,18,27,19,30,18,27,9,26,19,30,10,25,9,26,18,27,18,27,12,28,10,25,27,46,12,28,18,27,40,71,21,36,26,39,26,39,39,72,40,71,35,59,40,71,39,72,39,72,33,57,35,59,33,57,34,58,35,59,7,7,6,6,16,23,16,23,17,24,7,7,17,24,16,23,20,43,20,43,24,44,17,24,24,44,32,60,17,24,7,7,17,24,32,60,32,60,30,54,7,7,13,53,7,7,30,54,13,53,4,4,7,7,6,6,7,7,4,4,4,4,5,5,6,6,4,16,8,8,5,17,8,8,9,9,10,10,11,11,9,9,8,8,4,16,11,11,8,8,13,19,11,11,4,16,11,11,13,19,9,9,19,29,9,9,13,19,16,22,14,20,20,41,23,40,20,41,14,20,14,20,15,21,23,40,23,40,15,21,25,45,25,45,15,21,3,3,3,3,27,42,25,45,12,18,27,42,3,3,2,2,12,18,3,3,12,18,2,2,10,15,8,14,10,15,2,2,3,3,15,21,14,20,14,20,0,0,3,3,2,2,3,3,0,0,0,0,1,1,2,2,2,2,1,1,8,14,8,14,1,1,5,13,6,12,5,13,1,1,1,1,0,0,6,12,16,22,6,12,0,0,0,0,14,20,16,22,39,84,26,85,28,79,28,79,36,78,39,84,36,78,28,79,37,80,28,79,29,81,37,80,38,83,37,80,29,81,29,81,31,82,38,83,19,49,13,51,30,50,29,48,19,49,30,50,29,48,30,50,31,61,31,61,30,50,32,62]}}}},"images":{"monsterscolour_1":"characters/textures/monsterscolour.dds"},"materials":{"monstercolour":{"effect":"monstercolour"}},"nodes":{"workshop_wall":{"geometryinstances":{"workshop_wallMesh":{"geometry":"workshop_wallMesh","material":"monstercolour","surface":"monstercolour"}},"matrix":[0.002676,0,0,0,0.002676,0,0,0,0.002676,-0.000997,0.13382,0.002077]}},"version":1}
