{"effects":{"monstercolour":{"meta":{"normals":true},"parameters":{"diffuse":"monsterscolour_1","reflectivity":0.5,"shininess":300},"type":"phong"}},"geometries":{"workshop_gateMesh":{"inputs":{"NORMAL":{"offset":0,"source":"workshop_gate-Normal0"},"POSITION":{"offset":0,"source":"workshop_gate-POSITION"},"TEXCOORD0":{"offset":1,"source":"workshop_gate-UV0"}},"meta":{"graphics":true},"sources":{"workshop_gate-Normal0":{"data":[-0.499617,0.004132,-0.866236,0.499189,-0.03105,-0.865936,-0.500168,-0.029047,-0.865441,0.500571,0.002181,-0.865693,-0.999589,-0.028654,-0.000222,-0.99999,0.004514,0.000222,-0.50034,-0.030264,0.8653,-0.499425,0.002946,0.866352,0.499361,-0.032268,0.865793,0.500378,0.000997,0.865807,1,0.000614,0.000222,0.999466,-0.032662,-0.000221,-0.234735,0.858335,-0.456246,-0.027128,0.994104,-0.104985,0.180267,0.870656,-0.45767,-0.443753,0.890899,-0.096866,-0.235209,0.936312,0.26076,0.18142,0.949254,0.256913,0.387682,0.916104,-0.102253,0.529463,-0.382151,-0.757383,-0.527185,-0.132745,-0.839318,-0.989055,0.118386,0.088065,-0.469795,0.075175,0.879569,0.463313,-0.132641,0.876212,0.939513,-0.330031,0.091624,-0.452145,-0.374271,-0.809621,0.503388,-0.304866,-0.80849,-0.927076,-0.370048,0.059951,-0.398407,-0.306816,0.86437,0.53521,-0.254121,0.805588,0.968024,-0.250501,-0.01336,0.49958,0.085049,-0.862083,-0.535905,-0.063779,-0.841866,-0.993613,-0.106109,0.038387,-0.52104,-0.023017,0.853222,0.427632,0.100793,0.898316,0.984625,0.163998,0.060153],"max":[1,0.994104,0.898316],"min":[-0.99999,-0.382151,-0.866236],"stride":3},"workshop_gate-POSITION":{"data":[-184.043,54.2789,62.508,-165.962,-4.82391,64.0363,-183.256,-4.82391,64.0363,-164.937,54.2789,62.508,-191.902,-4.82391,79.0127,-193.597,54.2789,79.0543,-183.256,-4.82391,93.989,-184.043,54.2789,95.6006,-165.962,-4.82391,93.989,-164.937,54.2789,95.6006,-155.384,54.2789,79.0543,-157.316,-4.82391,79.0127,-184.642,71.7121,61.7552,-175.15,74.3488,78.3125,-165.459,72.2422,61.8145,-194.333,73.1909,78.2531,-184.841,75.1997,94.8104,-165.658,75.7297,94.8698,-155.967,74.251,78.3718,-166.347,55.8109,64.9502,-182.633,55.8109,64.9502,-190.776,55.8109,79.0543,-182.633,55.8109,93.1584,-166.347,55.8109,93.1584,-158.204,55.8109,79.0543,-183.537,57.992,61.5423,-163.532,58.9337,61.0393,-193.16,58.6944,79.0995,-182.778,60.3385,96.1536,-162.773,61.2802,95.6505,-153.15,60.5778,78.0934,-163.617,68.7017,59.9859,-185.683,68.1049,59.7391,-196.842,69.7984,78.5761,-186.13,72.0596,97.5355,-164.269,72.6557,97.9453,-152.888,70.9888,79.1941],"max":[-152.888,75.7297,97.9453],"min":[-196.842,-4.82391,59.7391],"stride":3},"workshop_gate-UV0":{"data":[0.277744,0.163712,0.281407,0.150346,0.279581,0.150346,0.281362,0.163712,0.245535,0.13131,0.247115,0.13131,0.247796,0.117944,0.244663,0.117944,0.248696,0.13131,0.250929,0.117944,0.255196,0.148239,0.255151,0.134873,0.251533,0.134873,0.253371,0.148239,0.254516,0.117864,0.253616,0.13123,0.255197,0.13123,0.251383,0.117864,0.256777,0.13123,0.257649,0.117864,0.272825,0.125708,0.269793,0.127686,0.272989,0.129331,0.269629,0.124063,0.266596,0.126041,0.26676,0.129664,0.269956,0.131309,0.281095,0.164002,0.278011,0.164002,0.22511,0.116761,0.225644,0.116761,0.226919,0.113628,0.227186,0.114091,0.226919,0.119894,0.227186,0.119432,0.254884,0.134583,0.2518,0.134583,0.225366,0.110249,0.224832,0.110249,0.223558,0.113383,0.223291,0.11292,0.223558,0.107116,0.223291,0.107579,0.277656,0.164723,0.28145,0.164723,0.256686,0.110378,0.255965,0.110992,0.256686,0.113663,0.255965,0.113663,0.255965,0.116334,0.256686,0.116948,0.255239,0.133862,0.251446,0.133862,0.23596,0.112162,0.235239,0.112777,0.23596,0.115447,0.235239,0.115447,0.235239,0.118118,0.23596,0.118733,0.281262,0.167365,0.277093,0.167118,0.258475,0.113945,0.259081,0.110294,0.258116,0.117417,0.251221,0.132433,0.255354,0.132194,0.238237,0.115453,0.237628,0.111817,0.283504,0.166999,0.283346,0.164723,0.26998,0.131827,0.273416,0.129637,0.273261,0.125468,0.273415,0.129551,0.269611,0.123572,0.273225,0.125447,0.266139,0.125806,0.26626,0.129939,0.269896,0.131878,0.266303,0.129963],"max":[0.283504,0.167365],"min":[0.223291,0.107116],"stride":2}},"surfaces":{"monstercolour":{"numPrimitives":66,"triangles":[25,43,32,60,31,59,0,0,1,1,2,2,0,0,3,3,1,1,19,27,3,3,0,0,0,0,20,28,19,27,20,28,25,43,19,27,25,43,26,44,19,27,31,59,26,44,25,43,26,44,31,59,30,69,36,68,30,69,31,59,32,75,33,74,12,20,12,20,33,74,15,23,12,20,13,21,14,22,32,72,12,20,14,22,32,72,14,22,31,73,15,23,13,21,12,20,16,24,13,21,15,23,16,24,15,23,33,74,33,74,34,76,16,24,35,77,16,24,34,76,35,77,17,25,16,24,17,25,13,21,16,24,18,26,13,21,17,25,14,22,13,21,18,26,14,22,18,26,36,70,36,70,31,71,14,22,36,78,18,26,17,25,36,78,17,25,35,79,8,15,10,14,9,17,10,14,8,15,11,16,10,14,11,16,1,18,1,18,3,19,10,14,33,61,27,47,28,50,28,50,34,63,33,61,22,49,28,50,27,47,27,47,21,48,22,49,20,46,21,48,27,47,25,45,20,46,27,47,25,45,27,47,33,61,33,61,32,62,25,45,3,41,19,42,24,38,24,38,10,37,3,41,10,37,24,38,9,39,24,38,23,40,9,39,34,64,28,52,35,65,28,52,29,51,35,65,23,35,29,51,28,52,28,52,22,36,23,35,23,35,22,36,7,12,9,11,23,35,7,12,8,10,9,11,7,12,7,12,6,13,8,10,19,57,26,58,30,55,30,55,24,56,19,57,24,56,30,55,23,54,29,53,23,54,30,55,30,55,36,66,29,53,29,53,36,66,35,67,5,6,0,7,2,4,2,4,4,5,5,6,5,6,4,5,6,8,6,8,7,9,5,6,7,33,22,34,21,30,21,30,5,29,7,33,5,29,21,30,0,31,21,30,20,32,0,31]}}}},"images":{"monsterscolour_1":"characters/textures/monsterscolour.dds"},"materials":{"monstercolour":{"effect":"monstercolour"}},"nodes":{"workshop_gate":{"geometryinstances":{"workshop_gateMesh":{"geometry":"workshop_gateMesh","material":"monstercolour","surface":"monstercolour"}},"matrix":[0.00367,0,0,0,0.00367,0,0,0,0.00367,0.640789,0.017703,-0.289965]}},"version":1}
