{"effects":{"monstercolour":{"meta":{"normals":true},"parameters":{"diffuse":"monsterscolour_1","reflectivity":0.5,"shininess":300},"type":"phong"}},"geometries":{"workshop_stepsMesh":{"inputs":{"NORMAL":{"offset":2,"source":"workshop_steps-Normal0"},"POSITION":{"offset":0,"source":"workshop_steps-POSITION"},"TEXCOORD0":{"offset":1,"source":"workshop_steps-UV0"}},"meta":{"graphics":true},"sources":{"workshop_steps-Normal0":{"data":[0,0,1,0,0.995973,-0.089657,0,0,-1,0.998404,0,-0.05647,0.998273,0,-0.058746,0.999529,0,-0.0307,-0.998404,0,-0.05647,-0.999529,0,-0.0307,-0.998312,0,-0.058086,0,0.999573,-0.029207,0,0.999429,0.033784,-0.99831,0,-0.058112,0.999839,0,-0.017921,0.999839,0,-0.017947,0.999954,0,-0.009558,0.999933,0,0.011596,0.999772,0,0.021349,0.999754,0,0.022182,0.999431,0,0.033722,-0.996031,0,-0.08901,0.996031,0,-0.08901,0.999614,0,-0.027801,0.999613,0,-0.027801],"max":[0.999954,0.999573,1],"min":[-0.999529,0,-1],"stride":3},"workshop_steps-POSITION":{"data":[-23.0797,5.54963,42.4415,-23.0797,-16.0601,42.4415,-8.7142,5.54963,42.4415,-8.7142,-16.0601,42.4415,-21.7761,49.3271,-8e-06,-23.0797,53.1477,42.4415,-8.7142,53.1477,42.4415,-8.22201,49.3271,-8e-06,-17.9833,-8.41896,-42.4415,-17.9833,8.41896,-42.4415,-6.78996,-8.41896,-42.4415,-6.78996,8.41896,-42.4415,21.7761,-12.2395,-8e-06,21.7761,6.9843,-8e-06,23.0797,5.54963,42.4415,23.0797,-16.0601,42.4415,-21.7761,-12.2395,-8e-06,-21.7761,6.9843,-8e-06,-8.22201,28.5357,-8e-06,-8.7142,29.7759,42.4415,7.18275,29.7759,42.4415,6.77705,28.5357,-8e-06,5.59668,8.41896,-42.4415,5.59668,-8.41896,-42.4415,7.18275,-16.0601,42.4415,7.18275,5.54963,42.4415,6.77705,6.9843,-8e-06,17.9833,8.41896,-42.4415,17.9833,-8.41896,-42.4415,-23.0797,29.7759,42.4415,-6.78996,27.2956,-42.4415,-17.9833,27.2956,-42.4415,-21.7761,28.5358,-8e-06,5.59668,27.2956,-42.4415,-6.78996,45.5066,-42.4415,-17.9833,45.5066,-42.4415],"max":[23.0797,53.1477,42.4415],"min":[-23.0797,-16.0601,-42.4415],"stride":3},"workshop_steps-UV0":{"data":[0.554064,0.609772,0.554064,0.620805,0.560691,0.609772,0.560691,0.620805,0.524293,0.642848,0.523692,0.664517,0.530318,0.664517,0.530545,0.642848,0.536955,0.593273,0.536955,0.60187,0.542118,0.593273,0.542118,0.60187,0.555523,0.642848,0.56439,0.642848,0.563728,0.621179,0.553761,0.621179,0.567412,0.642848,0.56565,0.664517,0.575617,0.664517,0.576279,0.642848,0.598406,0.642848,0.598179,0.664517,0.605511,0.664517,0.605324,0.642848,0.547831,0.60187,0.547831,0.593273,0.568023,0.620805,0.568023,0.609772,0.607477,0.599136,0.600745,0.620805,0.608078,0.620805,0.600558,0.599136,0.553545,0.60187,0.553545,0.593273,0.575356,0.620805,0.575356,0.609772,0.554064,0.597403,0.560691,0.597403,0.542118,0.611507,0.536955,0.611507,0.586792,0.664517,0.58622,0.642848,0.568023,0.597403,0.588981,0.599136,0.598922,0.599136,0.599494,0.577468,0.58832,0.577468,0.547831,0.611507,0.554064,0.585471,0.560691,0.585471,0.5878,0.577468,0.577019,0.577468,0.586038,0.599136,0.576447,0.599136,0.542118,0.620805,0.536955,0.620805,0.59581,0.642848,0.597572,0.664517,0.599066,0.621179,0.60478,0.621179,0.584275,0.620805,0.575875,0.620805,0.526043,0.621179,0.531206,0.621179,0.594047,0.621179,0.585648,0.621179,0.576941,0.621179,0.569174,0.621179,0.557285,0.664517,0.565052,0.664517,0.605727,0.577468,0.600014,0.577468,0.589643,0.620805,0.59835,0.620805],"max":[0.608078,0.664517],"min":[0.523692,0.577468],"stride":2}},"surfaces":{"monstercolour":{"numPrimitives":60,"triangles":[30,38,2,33,47,2,22,24,2,23,25,2,27,32,2,28,33,2,22,24,2,27,32,2,23,25,2,10,10,2,22,24,2,23,25,2,11,11,2,22,24,2,10,10,2,30,38,2,22,24,2,11,11,2,30,38,2,11,11,2,9,9,2,9,9,2,31,39,2,30,38,2,34,54,2,30,38,2,31,39,2,31,39,2,35,55,2,34,54,2,8,8,2,9,9,2,10,10,2,9,9,2,11,11,2,10,10,2,29,40,7,5,57,7,4,56,6,16,16,6,1,17,7,0,18,7,0,18,7,17,19,8,16,16,6,17,19,8,0,18,7,29,40,7,29,40,7,32,41,11,17,19,8,4,56,6,32,41,11,29,40,7,32,41,11,4,56,6,35,64,19,35,64,19,31,65,19,32,41,11,32,41,11,31,65,19,9,66,19,9,66,19,17,19,8,32,41,11,17,19,8,9,66,19,8,67,19,8,67,19,16,16,6,17,19,8,20,45,14,25,46,14,26,43,12,26,43,12,21,44,13,20,45,14,21,44,13,26,43,12,22,72,21,22,72,21,33,73,22,21,44,13,28,68,20,27,69,20,13,13,4,28,68,20,13,13,4,12,12,3,12,12,3,13,13,4,14,14,5,14,14,5,15,15,5,12,12,3,27,70,10,22,71,10,26,31,10,27,70,10,26,31,10,13,28,10,13,28,10,26,31,10,25,29,10,13,28,10,25,29,10,14,30,10,18,20,9,19,21,9,20,22,9,20,22,9,21,23,9,18,20,9,30,58,9,18,20,9,21,23,9,21,23,9,33,59,9,30,58,9,19,37,0,2,2,0,20,42,0,2,2,0,25,27,0,20,42,0,25,27,0,15,34,0,14,35,0,24,26,0,15,34,0,25,27,0,2,2,0,24,26,0,25,27,0,3,3,0,24,26,0,2,2,0,1,1,0,3,3,0,2,2,0,0,0,0,1,1,0,2,2,0,0,0,0,2,2,0,19,37,0,29,36,0,0,0,0,19,37,0,29,36,0,19,37,0,6,49,0,5,48,0,29,36,0,6,49,0,6,50,15,19,51,15,7,52,16,18,53,17,7,52,16,19,51,15,34,60,18,7,52,16,18,53,17,18,53,17,30,61,18,34,60,18,4,4,1,5,5,1,6,6,1,6,6,1,7,7,1,4,4,1,35,62,1,4,4,1,7,7,1,7,7,1,34,63,1,35,62,1]}}}},"images":{"monsterscolour_1":"characters/textures/monsterscolour.dds"},"materials":{"monstercolour":{"effect":"monstercolour"}},"nodes":{"workshop_steps":{"geometryinstances":{"workshop_stepsMesh":{"geometry":"workshop_stepsMesh","material":"monstercolour","surface":"monstercolour"}},"matrix":[0.007894,0,0,0,0.003687,0,0,0,0.003687,0,0,0]}},"version":1}
