{"effects":{"haloglow_emissive_alphatest_uvtransform_alpha_nocull":{"meta":{"transparent":true},"parameters":{"diffuse":"materialhaloglow_materialSwatches1_rockprop_01_b_file5"},"type":"blend"},"wildlingscolour_default":{"meta":{"normals":true},"parameters":{"diffuse":"temp_pasted__monsterscolour_1","reflectivity":0.5,"shininess":1.73205},"type":"phong"}},"geometries":{"wallshopglowMesh":{"inputs":{"NORMAL":{"offset":2,"source":"wallshopglow-Normal0"},"POSITION":{"offset":0,"source":"wallshopglow-POSITION"},"TEXCOORD0":{"offset":1,"source":"wallshopglow-UV0"}},"meta":{"graphics":true},"sources":{"wallshopglow-Normal0":{"data":[0.992271,-0.119982,-0.031666,0.990862,-0.112214,0.074842,0.977341,-0.200154,0.068873,0.978996,-0.202498,-0.023692,-0.052135,-0.191431,0.98012,0.040251,-0.190504,0.980861,0.042553,-0.103768,0.993691,-0.061664,-0.193244,0.979211,-0.033085,-0.244647,-0.969048,0.068683,-0.241503,-0.967966,-0.025273,-0.243125,-0.969666,0.077105,-0.15012,-0.985657,-0.048095,0.997292,-0.05563,-0.971309,-0.23233,-0.050801,-0.972125,-0.230496,0.042957,-0.971167,-0.232122,0.054345,-0.969996,-0.234844,-0.062889,-0.54481,0.699925,0.461831,-0.065531,0.599413,0.797753,0.467659,0.737275,0.487566,0.490159,0.696164,-0.5245,-0.023701,0.541085,-0.840634,-0.516928,0.660016,-0.545127,-0.837866,0.544769,-0.034746,-0.83665,0.543643,-0.066845],"max":[0.992271,0.997292,0.993691],"min":[-0.972125,-0.244647,-0.985657],"stride":3},"wallshopglow-POSITION":{"data":[16.0318,26.0854,-14.5273,15.3259,27.6513,14.1556,10.1587,-1.13211,9.14297,10.1587,-1.13211,-9.14297,-9.14297,-1.13211,10.1587,9.14297,-1.13211,10.1587,13.6931,27.6594,15.7118,-14.9943,26.2387,15.0433,-14.21,24.4988,-16.8262,9.14297,-1.13211,-10.1587,-9.14297,-1.13211,-10.1587,14.4775,25.9196,-16.1578,-14.3027,26.8741,-15.2948,-15.0086,28.44,13.3881,13.6789,29.8607,14.0566,14.3848,28.2948,-14.6263,-10.1587,-1.13211,-9.14297,-10.1587,-1.13211,9.14297,-16.5487,26.0728,13.4129,-15.8428,24.507,-15.27],"max":[16.0318,29.8607,15.7118],"min":[-16.5487,-1.13211,-16.8262],"stride":3},"wallshopglow-UV0":{"data":[0.593251,0.69898,0.574612,0.698272,0.57692,0.719882,0.590592,0.719882,0.598615,0.719882,0.612287,0.719882,0.614324,0.698269,0.595682,0.698911,0.612822,0.695324,0.628918,0.67514,0.615245,0.67514,0.631464,0.695966,0.592674,0.657271,0.574035,0.656812,0.573601,0.675454,0.59224,0.675913,0.595907,0.697041,0.609579,0.697041,0.611405,0.676145,0.592766,0.676853,0.573601,0.698269,0.576161,0.719882,0.591352,0.719882,0.594311,0.699056,0.595673,0.697915,0.614315,0.697273,0.593316,0.697981,0.574677,0.697273,0.612762,0.696398,0.631404,0.697041,0.594672,0.698986,0.597855,0.719882,0.574019,0.655811,0.592658,0.65627,0.614486,0.67514,0.611761,0.695327],"max":[0.631464,0.719882],"min":[0.573601,0.655811],"stride":2}},"surfaces":{"haloglow_emissive_alphatest_uvtransform_alpha_nocull":{"numPrimitives":30,"triangles":[12,12,12,13,13,12,14,14,12,14,14,12,15,15,12,12,12,12,8,8,8,11,11,11,9,9,9,8,8,8,9,9,9,10,10,10,8,8,8,10,10,10,16,34,13,16,34,13,19,35,16,8,8,8,19,35,24,12,28,22,8,8,21,11,11,11,8,8,21,12,28,22,12,28,22,15,29,20,11,11,11,6,20,6,5,21,5,2,2,2,2,2,2,1,1,1,6,20,6,6,20,6,1,1,1,14,27,19,15,26,20,14,27,19,1,1,1,1,1,1,0,0,0,15,26,20,15,26,20,0,0,0,11,23,11,9,22,9,11,23,11,0,0,0,0,0,0,3,3,3,9,22,9,2,2,2,3,3,3,0,0,0,0,0,0,1,1,1,2,2,2,4,4,4,5,5,5,6,6,6,6,6,6,7,7,7,4,4,4,4,4,4,7,7,7,18,30,15,18,30,15,17,31,14,4,4,4,13,24,17,6,6,6,14,25,19,6,6,6,13,24,17,7,7,18,7,7,18,13,24,17,18,30,23,12,12,22,19,33,24,18,32,23,12,12,22,18,32,23,13,13,17,16,16,13,17,17,14,18,18,15,18,18,15,19,19,16,16,16,13]}}},"workshop_wallnewMesh":{"inputs":{"NORMAL":{"offset":2,"source":"workshop_wallnew-Normal0"},"POSITION":{"offset":0,"source":"workshop_wallnew-POSITION"},"TEXCOORD0":{"offset":1,"source":"workshop_wallnew-UV0"}},"meta":{"graphics":true},"sources":{"workshop_wallnew-Normal0":{"data":[0.997253,-0.06481,-0.035855,0.995615,-0.061058,0.070867,0.990035,-0.124198,0.06638,0.99151,-0.126301,-0.030931,-0.057697,-0.115481,0.991633,0.03933,-0.114625,0.99263,0.041149,-0.052092,0.997794,-0.064823,-0.116363,0.991089,-0.037009,-0.159892,-0.98644,0.066016,-0.158129,-0.985209,-0.032561,-0.159342,-0.986686,0.072145,-0.095212,-0.992839,-0.033524,0.998685,-0.038777,-0.987145,-0.149164,-0.057408,-0.98823,-0.147408,0.040903,-0.987888,-0.147925,0.046852,-0.986426,-0.150335,-0.066057,0.372991,0.842669,0.388312,-0.447767,0.814374,0.369187,-0.05393,0.732517,0.678609,0.393188,0.811484,-0.432316,-0.019163,0.678834,-0.734042,-0.427571,0.78319,-0.451439,-0.730458,0.682252,-0.031036,-0.729826,0.681276,-0.056718],"max":[0.997253,0.998685,0.997794],"min":[-0.98823,-0.159892,-0.992839],"stride":3},"workshop_wallnew-POSITION":{"data":[12.3093,24.7565,-11.2458,11.7659,25.5955,10.8305,8.99626,0,8.09672,8.99626,0,-8.09672,-8.09672,0,8.99626,8.09673,0,8.99626,10.5092,25.5998,12.0283,-11.5706,24.8386,11.5138,-10.967,23.9065,-13.0152,8.09672,0,-8.99626,-8.09672,0,-8.99626,11.1129,24.6676,-12.5008,-11.0383,25.179,-11.8365,-11.5816,26.018,10.2399,10.4983,26.7791,10.7544,11.0416,25.9402,-11.322,-8.99626,0,-8.09672,-8.99626,0,8.09672,-12.767,24.7497,10.2589,-12.2237,23.9108,-11.8175],"max":[12.3093,26.7791,12.0283],"min":[-12.767,0,-13.0152],"stride":3},"workshop_wallnew-UV0":{"data":[0.417743,0.449299,0.405169,0.448822,0.406726,0.463399,0.415949,0.463399,0.421322,0.463399,0.430545,0.463399,0.431919,0.448819,0.419343,0.449253,0.406702,0.448275,0.41756,0.43466,0.408337,0.43466,0.419278,0.448709,0.4089,0.302005,0.39773,0.30173,0.39747,0.312901,0.408639,0.313176,0.421567,0.448709,0.43079,0.448709,0.432021,0.434613,0.419448,0.435091,0.404487,0.448819,0.406214,0.463399,0.416461,0.463399,0.418457,0.44935,0.421867,0.325975,0.410696,0.326361,0.410702,0.326957,0.421873,0.326572,0.409245,0.326999,0.398115,0.325975,0.398076,0.326574,0.409284,0.3264,0.432107,0.325836,0.420973,0.324808,0.420937,0.325451,0.432144,0.325193,0.418662,0.449303,0.42081,0.463399,0.397721,0.30113,0.40889,0.301405,0.407825,0.43466,0.405987,0.448278,0.39747,0.326572,0.40988,0.327044,0.410096,0.327002,0.420337,0.32481],"max":[0.432144,0.463399],"min":[0.39747,0.30113],"stride":2}},"surfaces":{"wildlingscolour_default":{"numPrimitives":30,"triangles":[12,12,12,13,13,12,14,14,12,14,14,12,15,15,12,12,12,12,6,42,6,1,30,1,14,29,17,0,28,0,14,29,17,1,30,1,0,28,0,15,31,20,14,29,17,15,31,20,0,28,0,11,43,11,8,8,8,11,11,11,9,9,9,8,8,8,9,9,9,10,10,10,8,8,8,10,10,10,16,40,13,16,40,13,19,41,16,8,8,8,18,38,23,13,13,18,12,12,22,12,12,22,19,39,24,18,38,23,16,16,13,17,17,14,18,18,15,18,18,15,19,19,16,16,16,13,8,33,21,15,32,20,11,35,11,15,32,20,8,33,21,12,34,22,19,45,24,12,34,22,8,33,21,6,20,6,5,21,5,2,2,2,2,2,2,1,1,1,6,20,6,0,0,0,1,1,1,2,2,2,2,2,2,3,3,3,0,0,0,0,0,0,3,3,3,9,22,9,9,22,9,11,23,11,0,0,0,4,4,4,5,5,5,6,6,6,6,6,6,7,7,7,4,4,4,4,4,4,7,7,7,18,36,15,18,36,15,17,37,14,4,4,4,7,26,19,13,25,18,18,44,23,14,24,17,13,25,18,7,26,19,7,26,19,6,27,6,14,24,17]}}}},"images":{"materialhaloglow_materialSwatches1_rockprop_01_b_file5":"environment/textures/haloglow.dds","temp_pasted__monsterscolour_1":"characters/textures/wildlingscolour01.dds"},"materials":{"haloglow_emissive_alphatest_uvtransform_alpha_nocull":{"effect":"haloglow_emissive_alphatest_uvtransform_alpha_nocull"},"wildlingscolour_default":{"effect":"wildlingscolour_default"}},"nodes":{"wallshopglow":{"geometryinstances":{"wallshopglowMesh":{"geometry":"wallshopglowMesh","material":"haloglow_emissive_alphatest_uvtransform_alpha_nocull","surface":"haloglow_emissive_alphatest_uvtransform_alpha_nocull"}},"matrix":[0.01,0,0,0,0.01,0,0,0,0.01,0,0,0]},"workshop_wallnew":{"geometryinstances":{"workshop_wallnewMesh":{"geometry":"workshop_wallnewMesh","material":"wildlingscolour_default","surface":"wildlingscolour_default"}},"matrix":[0.01,0,0,0,0.01,0,0,0,0.01,0,0,0]}},"version":1}
